Customer ID;Customer Name;Channel;Customer Tier;Start Month
C000001;GymMart AT Online #0001;E-commerce;S;01/11/2023 00:00
C000002;GymMart AT Online #0002;E-commerce;S;01/10/2023 00:00
C000003;WellKart AT Online #0003;E-commerce;S;01/08/2023 00:00
C000004;GymMart AT Online #0004;E-commerce;S;01/12/2023 00:00
C000005;PulseMarket AT Online #0005;E-commerce;L;01/07/2023 00:00
C000006;MediKore AT #0006;Pharmacy;M;01/09/2023 00:00
C000007;VitaCare AT #0007;Pharmacy;L;01/07/2023 00:00
C000008;CarePharm AT #0008;Pharmacy;S;01/12/2023 00:00
C000009;NutriPharm AT #0009;Pharmacy;S;01/07/2023 00:00
C000010;CarePharm AT #0010;Pharmacy;S;01/10/2023 00:00
C000011;Edekae AT #0011;Retail;L;01/12/2023 00:00
C000012;Aldii AT #0012;Retail;M;01/11/2023 00:00
C000013;Carrefouk AT #0013;Retail;S;01/11/2023 00:00
C000014;Tesko AT #0014;Retail;L;01/07/2023 00:00
C000015;Carrefouk AT #0015;Retail;S;01/08/2023 00:00
C000016;Lidll AT #0016;Retail;M;01/11/2023 00:00
C000017;Carrefouk AT #0017;Retail;L;01/10/2023 00:00
C000018;Intermarche AT #0018;Retail;M;01/10/2023 00:00
C000019;Lidll AT #0019;Retail;L;01/11/2023 00:00
C000020;Lidll AT #0020;Retail;M;01/12/2023 00:00
C000021;Auchon AT #0021;Retail;S;01/10/2023 00:00
C000022;Carrefouk AT #0022;Retail;S;01/12/2023 00:00
C000023;Tesko AT #0023;Retail;S;01/10/2023 00:00
C000024;Auchon AT #0024;Retail;L;01/10/2023 00:00
C000025;Rewee AT #0025;Retail;L;01/07/2023 00:00
C000026;Auchon AT #0026;Retail;L;01/09/2023 00:00
C000027;Lidll AT #0027;Retail;M;01/11/2023 00:00
C000028;Auchon AT #0028;Retail;L;01/07/2023 00:00
C000029;Decatlon AT #0029;Retail Sport;S;01/11/2023 00:00
C000030;Intersportt AT #0030;Retail Sport;M;01/07/2023 00:00
C000031;FitZone AT #0031;Retail Sport;L;01/07/2023 00:00
C000032;Intersportt AT #0032;Retail Sport;M;01/09/2023 00:00
C000033;FitZone AT #0033;Retail Sport;L;01/07/2023 00:00
C000034;Decatlon AT #0034;Retail Sport;L;01/12/2023 00:00
C000035;Decatlon AT #0035;Retail Sport;L;01/08/2023 00:00
C000036;WellKart BE Online #0036;E-commerce;S;01/07/2023 00:00
C000037;GymMart BE Online #0037;E-commerce;L;01/10/2023 00:00
C000038;ZenBasket BE Online #0038;E-commerce;M;01/10/2023 00:00
C000039;NutriHub BE Online #0039;E-commerce;S;01/11/2023 00:00
C000040;WellKart BE Online #0040;E-commerce;S;01/12/2023 00:00
C000041;HealthPoint BE #0041;Pharmacy;M;01/09/2023 00:00
C000042;PharmaPluz BE #0042;Pharmacy;M;01/09/2023 00:00
C000043;HealthPoint BE #0043;Pharmacy;M;01/07/2023 00:00
C000044;MediKore BE #0044;Pharmacy;M;01/07/2023 00:00
C000045;VitaCare BE #0045;Pharmacy;M;01/08/2023 00:00
C000046;Tesko BE #0046;Retail;L;01/07/2023 00:00
C000047;Carrefouk BE #0047;Retail;M;01/10/2023 00:00
C000048;Edekae BE #0048;Retail;M;01/08/2023 00:00
C000049;Rewee BE #0049;Retail;M;01/08/2023 00:00
C000050;Edekae BE #0050;Retail;L;01/11/2023 00:00
C000051;Lidll BE #0051;Retail;M;01/12/2023 00:00
C000052;Aldii BE #0052;Retail;L;01/10/2023 00:00
C000053;Sparr BE #0053;Retail;M;01/07/2023 00:00
C000054;Sparr BE #0054;Retail;M;01/10/2023 00:00
C000055;Lidll BE #0055;Retail;M;01/07/2023 00:00
C000056;Auchon BE #0056;Retail;L;01/11/2023 00:00
C000057;Auchon BE #0057;Retail;M;01/07/2023 00:00
C000058;Lidll BE #0058;Retail;L;01/08/2023 00:00
C000059;Sparr BE #0059;Retail;M;01/11/2023 00:00
C000060;Tesko BE #0060;Retail;M;01/07/2023 00:00
C000061;Aldii BE #0061;Retail;M;01/08/2023 00:00
C000062;Edekae BE #0062;Retail;L;01/09/2023 00:00
C000063;Carrefouk BE #0063;Retail;M;01/11/2023 00:00
C000064;SportDirekt BE #0064;Retail Sport;M;01/09/2023 00:00
C000065;FitZone BE #0065;Retail Sport;L;01/07/2023 00:00
C000066;Decatlon BE #0066;Retail Sport;L;01/07/2023 00:00
C000067;Decathlonn BE #0067;Retail Sport;L;01/11/2023 00:00
C000068;AthletiX BE #0068;Retail Sport;L;01/08/2023 00:00
C000069;Decatlon BE #0069;Retail Sport;L;01/11/2023 00:00
C000070;SportDirekt BE #0070;Retail Sport;M;01/09/2023 00:00
C000071;GymMart BG Online #0071;E-commerce;M;01/08/2023 00:00
C000072;GymMart BG Online #0072;E-commerce;S;01/11/2023 00:00
C000073;PulseMarket BG Online #0073;E-commerce;M;01/10/2023 00:00
C000074;PulseMarket BG Online #0074;E-commerce;S;01/12/2023 00:00
C000075;PulseMarket BG Online #0075;E-commerce;S;01/09/2023 00:00
C000076;VitaCare BG #0076;Pharmacy;L;01/11/2023 00:00
C000077;VitaCare BG #0077;Pharmacy;M;01/12/2023 00:00
C000078;VitaCare BG #0078;Pharmacy;M;01/08/2023 00:00
C000079;NutriPharm BG #0079;Pharmacy;M;01/12/2023 00:00
C000080;CarePharm BG #0080;Pharmacy;S;01/08/2023 00:00
C000081;NutriPharm BG #0081;Pharmacy;S;01/10/2023 00:00
C000082;Edekae BG #0082;Retail;L;01/11/2023 00:00
C000083;Tesko BG #0083;Retail;S;01/10/2023 00:00
C000084;Carrefouk BG #0084;Retail;L;01/07/2023 00:00
C000085;Tesko BG #0085;Retail;M;01/07/2023 00:00
C000086;Rewee BG #0086;Retail;M;01/09/2023 00:00
C000087;Lidll BG #0087;Retail;L;01/12/2023 00:00
C000088;Sparr BG #0088;Retail;L;01/09/2023 00:00
C000089;Sparr BG #0089;Retail;M;01/11/2023 00:00
C000090;Edekae BG #0090;Retail;S;01/09/2023 00:00
C000091;Rewee BG #0091;Retail;S;01/08/2023 00:00
C000092;Tesko BG #0092;Retail;L;01/08/2023 00:00
C000093;Lidll BG #0093;Retail;L;01/10/2023 00:00
C000094;ProSport BG #0094;Retail Sport;M;01/12/2023 00:00
C000095;Intersportt BG #0095;Retail Sport;M;01/11/2023 00:00
C000096;ProSport BG #0096;Retail Sport;M;01/07/2023 00:00
C000097;SportDirekt BG #0097;Retail Sport;L;01/08/2023 00:00
C000098;Decathlonn BG #0098;Retail Sport;L;01/12/2023 00:00
C000099;FitNest HR Online #0099;E-commerce;S;01/07/2023 00:00
C000100;VitaBox HR Online #0100;E-commerce;S;01/10/2023 00:00
C000101;GymMart HR Online #0101;E-commerce;S;01/08/2023 00:00
C000102;FitNest HR Online #0102;E-commerce;M;01/07/2023 00:00
C000103;PulseMarket HR Online #0103;E-commerce;M;01/09/2023 00:00
C000104;HealthPoint HR #0104;Pharmacy;L;01/11/2023 00:00
C000105;CarePharm HR #0105;Pharmacy;L;01/08/2023 00:00
C000106;PharmaPluz HR #0106;Pharmacy;S;01/09/2023 00:00
C000107;VitaCare HR #0107;Pharmacy;M;01/10/2023 00:00
C000108;HealthPoint HR #0108;Pharmacy;M;01/12/2023 00:00
C000109;NutriPharm HR #0109;Pharmacy;M;01/12/2023 00:00
C000110;Rewee HR #0110;Retail;L;01/11/2023 00:00
C000111;Aldii HR #0111;Retail;L;01/11/2023 00:00
C000112;Carrefouk HR #0112;Retail;M;01/07/2023 00:00
C000113;Edekae HR #0113;Retail;M;01/09/2023 00:00
C000114;Auchon HR #0114;Retail;M;01/07/2023 00:00
C000115;Carrefouk HR #0115;Retail;M;01/11/2023 00:00
C000116;Tesko HR #0116;Retail;M;01/10/2023 00:00
C000117;Tesko HR #0117;Retail;M;01/12/2023 00:00
C000118;Auchon HR #0118;Retail;M;01/09/2023 00:00
C000119;Aldii HR #0119;Retail;L;01/07/2023 00:00
C000120;Tesko HR #0120;Retail;L;01/10/2023 00:00
C000121;Rewee HR #0121;Retail;L;01/09/2023 00:00
C000122;AthletiX HR #0122;Retail Sport;L;01/07/2023 00:00
C000123;AthletiX HR #0123;Retail Sport;M;01/12/2023 00:00
C000124;AthletiX HR #0124;Retail Sport;M;01/08/2023 00:00
C000125;Intersportt HR #0125;Retail Sport;M;01/09/2023 00:00
C000126;SportDirekt HR #0126;Retail Sport;M;01/07/2023 00:00
C000127;GymMart CY Online #0127;E-commerce;M;01/07/2023 00:00
C000128;ZenBasket CY Online #0128;E-commerce;S;01/07/2023 00:00
C000129;GymMart CY Online #0129;E-commerce;S;01/11/2023 00:00
C000130;FitNest CY Online #0130;E-commerce;S;01/11/2023 00:00
C000131;ZenBasket CY Online #0131;E-commerce;M;01/10/2023 00:00
C000132;FitNest CY Online #0132;E-commerce;S;01/11/2023 00:00
C000133;NutriHub CY Online #0133;E-commerce;M;01/07/2023 00:00
C000134;NutriHub CY Online #0134;E-commerce;S;01/12/2023 00:00
C000135;NutriHub CY Online #0135;E-commerce;M;01/09/2023 00:00
C000136;ZenBasket CY Online #0136;E-commerce;M;01/12/2023 00:00
C000137;PrimeFuel CY Online #0137;E-commerce;S;01/10/2023 00:00
C000138;NutriPharm CY #0138;Pharmacy;S;01/12/2023 00:00
C000139;CarePharm CY #0139;Pharmacy;L;01/10/2023 00:00
C000140;MediKore CY #0140;Pharmacy;S;01/10/2023 00:00
C000141;EuroPharmx CY #0141;Pharmacy;M;01/11/2023 00:00
C000142;PharmaPluz CY #0142;Pharmacy;S;01/11/2023 00:00
C000143;EuroPharmx CY #0143;Pharmacy;S;01/11/2023 00:00
C000144;PharmaPluz CY #0144;Pharmacy;M;01/09/2023 00:00
C000145;CarePharm CY #0145;Pharmacy;S;01/07/2023 00:00
C000146;Edekae CY #0146;Retail;L;01/07/2023 00:00
C000147;Lidll CY #0147;Retail;S;01/12/2023 00:00
C000148;Tesko CY #0148;Retail;S;01/10/2023 00:00
C000149;Edekae CY #0149;Retail;M;01/09/2023 00:00
C000150;Carrefouk CY #0150;Retail;L;01/09/2023 00:00
C000151;SportDirekt CY #0151;Retail Sport;L;01/08/2023 00:00
C000152;AthletiX CY #0152;Retail Sport;S;01/11/2023 00:00
C000153;Decathlonn CY #0153;Retail Sport;L;01/11/2023 00:00
C000154;Decathlonn CY #0154;Retail Sport;M;01/09/2023 00:00
C000155;GymMart CZ Online #0155;E-commerce;S;01/10/2023 00:00
C000156;WellKart CZ Online #0156;E-commerce;L;01/09/2023 00:00
C000157;ZenBasket CZ Online #0157;E-commerce;S;01/12/2023 00:00
C000158;VitaBox CZ Online #0158;E-commerce;M;01/08/2023 00:00
C000159;ZenBasket CZ Online #0159;E-commerce;M;01/08/2023 00:00
C000160;VitaCare CZ #0160;Pharmacy;M;01/10/2023 00:00
C000161;VitaCare CZ #0161;Pharmacy;M;01/11/2023 00:00
C000162;HealthPoint CZ #0162;Pharmacy;M;01/08/2023 00:00
C000163;VitaCare CZ #0163;Pharmacy;M;01/08/2023 00:00
C000164;MediKore CZ #0164;Pharmacy;M;01/09/2023 00:00
C000165;EuroPharmx CZ #0165;Pharmacy;S;01/07/2023 00:00
C000166;Tesko CZ #0166;Retail;L;01/09/2023 00:00
C000167;Aldii CZ #0167;Retail;M;01/07/2023 00:00
C000168;Edekae CZ #0168;Retail;M;01/10/2023 00:00
C000169;Auchon CZ #0169;Retail;S;01/08/2023 00:00
C000170;Sparr CZ #0170;Retail;L;01/10/2023 00:00
C000171;Rewee CZ #0171;Retail;L;01/10/2023 00:00
C000172;Intermarche CZ #0172;Retail;M;01/12/2023 00:00
C000173;Edekae CZ #0173;Retail;L;01/09/2023 00:00
C000174;Tesko CZ #0174;Retail;L;01/07/2023 00:00
C000175;Auchon CZ #0175;Retail;L;01/11/2023 00:00
C000176;Carrefouk CZ #0176;Retail;S;01/12/2023 00:00
C000177;Auchon CZ #0177;Retail;M;01/11/2023 00:00
C000178;SportDirekt CZ #0178;Retail Sport;M;01/09/2023 00:00
C000179;AthletiX CZ #0179;Retail Sport;M;01/11/2023 00:00
C000180;Decatlon CZ #0180;Retail Sport;M;01/12/2023 00:00
C000181;Decathlonn CZ #0181;Retail Sport;L;01/10/2023 00:00
C000182;FitZone CZ #0182;Retail Sport;L;01/08/2023 00:00
C000183;FitNest DK Online #0183;E-commerce;S;01/09/2023 00:00
C000184;WellKart DK Online #0184;E-commerce;M;01/08/2023 00:00
C000185;FitNest DK Online #0185;E-commerce;M;01/12/2023 00:00
C000186;NutriHub DK Online #0186;E-commerce;M;01/10/2023 00:00
C000187;PharmaPluz DK #0187;Pharmacy;S;01/12/2023 00:00
C000188;CarePharm DK #0188;Pharmacy;S;01/12/2023 00:00
C000189;NutriPharm DK #0189;Pharmacy;S;01/09/2023 00:00
C000190;PharmaPluz DK #0190;Pharmacy;M;01/12/2023 00:00
C000191;Lidll DK #0191;Retail;L;01/08/2023 00:00
C000192;Edekae DK #0192;Retail;M;01/09/2023 00:00
C000193;Aldii DK #0193;Retail;M;01/12/2023 00:00
C000194;Carrefouk DK #0194;Retail;S;01/10/2023 00:00
C000195;Rewee DK #0195;Retail;L;01/12/2023 00:00
C000196;Carrefouk DK #0196;Retail;L;01/08/2023 00:00
C000197;Lidll DK #0197;Retail;L;01/09/2023 00:00
C000198;Intermarche DK #0198;Retail;L;01/11/2023 00:00
C000199;Rewee DK #0199;Retail;L;01/11/2023 00:00
C000200;Aldii DK #0200;Retail;L;01/10/2023 00:00
C000201;Lidll DK #0201;Retail;M;01/07/2023 00:00
C000202;Sparr DK #0202;Retail;M;01/12/2023 00:00
C000203;Sparr DK #0203;Retail;M;01/08/2023 00:00
C000204;Edekae DK #0204;Retail;L;01/10/2023 00:00
C000205;Decathlonn DK #0205;Retail Sport;L;01/12/2023 00:00
C000206;Decatlon DK #0206;Retail Sport;L;01/10/2023 00:00
C000207;ProSport DK #0207;Retail Sport;L;01/11/2023 00:00
C000208;AthletiX DK #0208;Retail Sport;L;01/11/2023 00:00
C000209;Intersportt DK #0209;Retail Sport;M;01/09/2023 00:00
C000210;FitZone DK #0210;Retail Sport;L;01/09/2023 00:00
C000211;WellKart EE Online #0211;E-commerce;M;01/07/2023 00:00
C000212;NutriHub EE Online #0212;E-commerce;S;01/08/2023 00:00
C000213;WellKart EE Online #0213;E-commerce;M;01/10/2023 00:00
C000214;NutriHub EE Online #0214;E-commerce;S;01/09/2023 00:00
C000215;CarePharm EE #0215;Pharmacy;M;01/09/2023 00:00
C000216;HealthPoint EE #0216;Pharmacy;M;01/12/2023 00:00
C000217;EuroPharmx EE #0217;Pharmacy;M;01/07/2023 00:00
C000218;HealthPoint EE #0218;Pharmacy;S;01/11/2023 00:00
C000219;Tesko EE #0219;Retail;M;01/07/2023 00:00
C000220;Edekae EE #0220;Retail;L;01/09/2023 00:00
C000221;Rewee EE #0221;Retail;L;01/10/2023 00:00
C000222;Auchon EE #0222;Retail;L;01/10/2023 00:00
C000223;Carrefouk EE #0223;Retail;M;01/08/2023 00:00
C000224;Tesko EE #0224;Retail;M;01/10/2023 00:00
C000225;Carrefouk EE #0225;Retail;S;01/08/2023 00:00
C000226;Rewee EE #0226;Retail;M;01/09/2023 00:00
C000227;Aldii EE #0227;Retail;M;01/10/2023 00:00
C000228;Aldii EE #0228;Retail;M;01/11/2023 00:00
C000229;Rewee EE #0229;Retail;L;01/12/2023 00:00
C000230;Edekae EE #0230;Retail;L;01/10/2023 00:00
C000231;Tesko EE #0231;Retail;M;01/08/2023 00:00
C000232;Edekae EE #0232;Retail;L;01/11/2023 00:00
C000233;ProSport EE #0233;Retail Sport;L;01/09/2023 00:00
C000234;Intersportt EE #0234;Retail Sport;L;01/12/2023 00:00
C000235;ProSport EE #0235;Retail Sport;M;01/12/2023 00:00
C000236;Decathlonn EE #0236;Retail Sport;M;01/11/2023 00:00
C000237;ProSport EE #0237;Retail Sport;M;01/11/2023 00:00
C000238;SportDirekt EE #0238;Retail Sport;L;01/09/2023 00:00
C000239;ZenBasket FI Online #0239;E-commerce;S;01/11/2023 00:00
C000240;WellKart FI Online #0240;E-commerce;S;01/09/2023 00:00
C000241;PulseMarket FI Online #0241;E-commerce;M;01/11/2023 00:00
C000242;VitaBox FI Online #0242;E-commerce;M;01/11/2023 00:00
C000243;MediKore FI #0243;Pharmacy;L;01/08/2023 00:00
C000244;MediKore FI #0244;Pharmacy;S;01/11/2023 00:00
C000245;PharmaPluz FI #0245;Pharmacy;M;01/11/2023 00:00
C000246;PharmaPluz FI #0246;Pharmacy;S;01/11/2023 00:00
C000247;Sparr FI #0247;Retail;L;01/07/2023 00:00
C000248;Rewee FI #0248;Retail;M;01/07/2023 00:00
C000249;Rewee FI #0249;Retail;L;01/10/2023 00:00
C000250;Rewee FI #0250;Retail;S;01/11/2023 00:00
C000251;Tesko FI #0251;Retail;S;01/10/2023 00:00
C000252;Tesko FI #0252;Retail;S;01/12/2023 00:00
C000253;Aldii FI #0253;Retail;M;01/07/2023 00:00
C000254;Rewee FI #0254;Retail;S;01/10/2023 00:00
C000255;Sparr FI #0255;Retail;M;01/10/2023 00:00
C000256;Auchon FI #0256;Retail;M;01/08/2023 00:00
C000257;Edekae FI #0257;Retail;M;01/10/2023 00:00
C000258;Aldii FI #0258;Retail;M;01/09/2023 00:00
C000259;Sparr FI #0259;Retail;M;01/10/2023 00:00
C000260;Rewee FI #0260;Retail;M;01/09/2023 00:00
C000261;Decatlon FI #0261;Retail Sport;M;01/08/2023 00:00
C000262;FitZone FI #0262;Retail Sport;M;01/11/2023 00:00
C000263;Decatlon FI #0263;Retail Sport;M;01/09/2023 00:00
C000264;Decathlonn FI #0264;Retail Sport;L;01/12/2023 00:00
C000265;Intersportt FI #0265;Retail Sport;L;01/07/2023 00:00
C000266;Decatlon FI #0266;Retail Sport;L;01/08/2023 00:00
C000267;PulseMarket FR Online #0267;E-commerce;S;01/08/2023 00:00
C000268;FitNest FR Online #0268;E-commerce;S;01/12/2023 00:00
C000269;VitaBox FR Online #0269;E-commerce;S;01/09/2023 00:00
C000270;PrimeFuel FR Online #0270;E-commerce;S;01/08/2023 00:00
C000271;GymMart FR Online #0271;E-commerce;S;01/07/2023 00:00
C000272;GymMart FR Online #0272;E-commerce;S;01/12/2023 00:00
C000273;NutriHub FR Online #0273;E-commerce;S;01/11/2023 00:00
C000274;VitaBox FR Online #0274;E-commerce;M;01/12/2023 00:00
C000275;WellKart FR Online #0275;E-commerce;S;01/12/2023 00:00
C000276;ZenBasket FR Online #0276;E-commerce;M;01/07/2023 00:00
C000277;ZenBasket FR Online #0277;E-commerce;S;01/12/2023 00:00
C000278;MediKore FR #0278;Pharmacy;S;01/11/2023 00:00
C000279;CarePharm FR #0279;Pharmacy;M;01/08/2023 00:00
C000280;CarePharm FR #0280;Pharmacy;M;01/08/2023 00:00
C000281;EuroPharmx FR #0281;Pharmacy;L;01/12/2023 00:00
C000282;CarePharm FR #0282;Pharmacy;L;01/12/2023 00:00
C000283;VitaCare FR #0283;Pharmacy;M;01/11/2023 00:00
C000284;VitaCare FR #0284;Pharmacy;M;01/11/2023 00:00
C000285;CarePharm FR #0285;Pharmacy;M;01/11/2023 00:00
C000286;EuroPharmx FR #0286;Pharmacy;M;01/08/2023 00:00
C000287;VitaCare FR #0287;Pharmacy;S;01/12/2023 00:00
C000288;Intermarche FR #0288;Retail;M;01/08/2023 00:00
C000289;Intermarche FR #0289;Retail;L;01/11/2023 00:00
C000290;Intermarche FR #0290;Retail;M;01/08/2023 00:00
C000291;Lidll FR #0291;Retail;L;01/08/2023 00:00
C000292;Tesko FR #0292;Retail;L;01/08/2023 00:00
C000293;Lidll FR #0293;Retail;L;01/08/2023 00:00
C000294;Tesko FR #0294;Retail;L;01/09/2023 00:00
C000295;Sparr FR #0295;Retail;M;01/07/2023 00:00
C000296;Sparr FR #0296;Retail;L;01/10/2023 00:00
C000297;Rewee FR #0297;Retail;S;01/12/2023 00:00
C000298;Aldii FR #0298;Retail;M;01/08/2023 00:00
C000299;Sparr FR #0299;Retail;S;01/12/2023 00:00
C000300;Carrefouk FR #0300;Retail;M;01/07/2023 00:00
C000301;Lidll FR #0301;Retail;M;01/11/2023 00:00
C000302;Intermarche FR #0302;Retail;L;01/09/2023 00:00
C000303;Tesko FR #0303;Retail;L;01/12/2023 00:00
C000304;Rewee FR #0304;Retail;L;01/12/2023 00:00
C000305;Intermarche FR #0305;Retail;S;01/11/2023 00:00
C000306;Lidll FR #0306;Retail;M;01/07/2023 00:00
C000307;Edekae FR #0307;Retail;L;01/07/2023 00:00
C000308;Decatlon FR #0308;Retail Sport;L;01/07/2023 00:00
C000309;Intersportt FR #0309;Retail Sport;L;01/11/2023 00:00
C000310;ProSport FR #0310;Retail Sport;L;01/11/2023 00:00
C000311;ProSport FR #0311;Retail Sport;L;01/10/2023 00:00
C000312;Decathlonn FR #0312;Retail Sport;M;01/08/2023 00:00
C000313;Decathlonn FR #0313;Retail Sport;S;01/07/2023 00:00
C000314;Decathlonn FR #0314;Retail Sport;M;01/08/2023 00:00
C000315;Intersportt FR #0315;Retail Sport;S;01/08/2023 00:00
C000316;SportDirekt FR #0316;Retail Sport;M;01/12/2023 00:00
C000317;NutriHub DE Online #0317;E-commerce;M;01/11/2023 00:00
C000318;FitNest DE Online #0318;E-commerce;M;01/08/2023 00:00
C000319;GymMart DE Online #0319;E-commerce;S;01/07/2023 00:00
C000320;NutriHub DE Online #0320;E-commerce;S;01/09/2023 00:00
C000321;ZenBasket DE Online #0321;E-commerce;M;01/10/2023 00:00
C000322;ZenBasket DE Online #0322;E-commerce;S;01/11/2023 00:00
C000323;PrimeFuel DE Online #0323;E-commerce;S;01/10/2023 00:00
C000324;VitaCare DE #0324;Pharmacy;L;01/11/2023 00:00
C000325;HealthPoint DE #0325;Pharmacy;S;01/07/2023 00:00
C000326;NutriPharm DE #0326;Pharmacy;S;01/12/2023 00:00
C000327;PharmaPluz DE #0327;Pharmacy;S;01/08/2023 00:00
C000328;VitaCare DE #0328;Pharmacy;L;01/10/2023 00:00
C000329;MediKore DE #0329;Pharmacy;L;01/09/2023 00:00
C000330;NutriPharm DE #0330;Pharmacy;S;01/09/2023 00:00
C000331;Sparr DE #0331;Retail;S;01/08/2023 00:00
C000332;Aldii DE #0332;Retail;M;01/07/2023 00:00
C000333;Rewee DE #0333;Retail;L;01/07/2023 00:00
C000334;Intermarche DE #0334;Retail;M;01/07/2023 00:00
C000335;Sparr DE #0335;Retail;S;01/11/2023 00:00
C000336;Lidll DE #0336;Retail;M;01/11/2023 00:00
C000337;Intermarche DE #0337;Retail;M;01/09/2023 00:00
C000338;Auchon DE #0338;Retail;L;01/07/2023 00:00
C000339;Aldii DE #0339;Retail;S;01/10/2023 00:00
C000340;Aldii DE #0340;Retail;M;01/09/2023 00:00
C000341;Rewee DE #0341;Retail;L;01/12/2023 00:00
C000342;Intermarche DE #0342;Retail;L;01/10/2023 00:00
C000343;Aldii DE #0343;Retail;S;01/10/2023 00:00
C000344;Lidll DE #0344;Retail;L;01/12/2023 00:00
C000345;Aldii DE #0345;Retail;S;01/07/2023 00:00
C000346;Intermarche DE #0346;Retail;M;01/09/2023 00:00
C000347;Edekae DE #0347;Retail;M;01/07/2023 00:00
C000348;Carrefouk DE #0348;Retail;M;01/09/2023 00:00
C000349;Carrefouk DE #0349;Retail;L;01/08/2023 00:00
C000350;Auchon DE #0350;Retail;M;01/12/2023 00:00
C000351;Auchon DE #0351;Retail;M;01/09/2023 00:00
C000352;Lidll DE #0352;Retail;M;01/12/2023 00:00
C000353;Sparr DE #0353;Retail;L;01/11/2023 00:00
C000354;Aldii DE #0354;Retail;L;01/11/2023 00:00
C000355;Decatlon DE #0355;Retail Sport;M;01/10/2023 00:00
C000356;ProSport DE #0356;Retail Sport;L;01/10/2023 00:00
C000357;AthletiX DE #0357;Retail Sport;L;01/08/2023 00:00
C000358;AthletiX DE #0358;Retail Sport;M;01/07/2023 00:00
C000359;Intersportt DE #0359;Retail Sport;L;01/10/2023 00:00
C000360;ProSport DE #0360;Retail Sport;M;01/07/2023 00:00
C000361;Decatlon DE #0361;Retail Sport;L;01/11/2023 00:00
C000362;Decatlon DE #0362;Retail Sport;L;01/12/2023 00:00
C000363;Decathlonn DE #0363;Retail Sport;L;01/09/2023 00:00
C000364;FitZone DE #0364;Retail Sport;L;01/10/2023 00:00
C000365;FitNest GR Online #0365;E-commerce;S;01/08/2023 00:00
C000366;ZenBasket GR Online #0366;E-commerce;L;01/07/2023 00:00
C000367;NutriHub GR Online #0367;E-commerce;S;01/09/2023 00:00
C000368;VitaBox GR Online #0368;E-commerce;L;01/09/2023 00:00
C000369;PrimeFuel GR Online #0369;E-commerce;L;01/11/2023 00:00
C000370;ZenBasket GR Online #0370;E-commerce;S;01/11/2023 00:00
C000371;NutriHub GR Online #0371;E-commerce;M;01/12/2023 00:00
C000372;GymMart GR Online #0372;E-commerce;M;01/12/2023 00:00
C000373;NutriHub GR Online #0373;E-commerce;M;01/11/2023 00:00
C000374;FitNest GR Online #0374;E-commerce;M;01/10/2023 00:00
C000375;PulseMarket GR Online #0375;E-commerce;S;01/10/2023 00:00
C000376;MediKore GR #0376;Pharmacy;S;01/08/2023 00:00
C000377;EuroPharmx GR #0377;Pharmacy;M;01/10/2023 00:00
C000378;CarePharm GR #0378;Pharmacy;S;01/11/2023 00:00
C000379;CarePharm GR #0379;Pharmacy;M;01/07/2023 00:00
C000380;MediKore GR #0380;Pharmacy;M;01/10/2023 00:00
C000381;MediKore GR #0381;Pharmacy;L;01/09/2023 00:00
C000382;CarePharm GR #0382;Pharmacy;L;01/10/2023 00:00
C000383;CarePharm GR #0383;Pharmacy;M;01/09/2023 00:00
C000384;Intermarche GR #0384;Retail;M;01/11/2023 00:00
C000385;Auchon GR #0385;Retail;L;01/10/2023 00:00
C000386;Auchon GR #0386;Retail;M;01/11/2023 00:00
C000387;Auchon GR #0387;Retail;M;01/12/2023 00:00
C000388;Auchon GR #0388;Retail;S;01/07/2023 00:00
C000389;Decatlon GR #0389;Retail Sport;M;01/08/2023 00:00
C000390;ProSport GR #0390;Retail Sport;M;01/07/2023 00:00
C000391;AthletiX GR #0391;Retail Sport;M;01/08/2023 00:00
C000392;FitZone GR #0392;Retail Sport;L;01/12/2023 00:00
C000393;ZenBasket HU Online #0393;E-commerce;M;01/07/2023 00:00
C000394;PrimeFuel HU Online #0394;E-commerce;M;01/12/2023 00:00
C000395;ZenBasket HU Online #0395;E-commerce;S;01/07/2023 00:00
C000396;PrimeFuel HU Online #0396;E-commerce;S;01/07/2023 00:00
C000397;WellKart HU Online #0397;E-commerce;S;01/10/2023 00:00
C000398;NutriPharm HU #0398;Pharmacy;M;01/10/2023 00:00
C000399;HealthPoint HU #0399;Pharmacy;L;01/08/2023 00:00
C000400;PharmaPluz HU #0400;Pharmacy;S;01/11/2023 00:00
C000401;PharmaPluz HU #0401;Pharmacy;M;01/12/2023 00:00
C000402;MediKore HU #0402;Pharmacy;M;01/08/2023 00:00
C000403;EuroPharmx HU #0403;Pharmacy;S;01/08/2023 00:00
C000404;Tesko HU #0404;Retail;M;01/07/2023 00:00
C000405;Sparr HU #0405;Retail;L;01/10/2023 00:00
C000406;Tesko HU #0406;Retail;M;01/08/2023 00:00
C000407;Carrefouk HU #0407;Retail;S;01/09/2023 00:00
C000408;Rewee HU #0408;Retail;L;01/08/2023 00:00
C000409;Tesko HU #0409;Retail;M;01/09/2023 00:00
C000410;Edekae HU #0410;Retail;L;01/08/2023 00:00
C000411;Sparr HU #0411;Retail;L;01/10/2023 00:00
C000412;Auchon HU #0412;Retail;L;01/12/2023 00:00
C000413;Sparr HU #0413;Retail;L;01/09/2023 00:00
C000414;Rewee HU #0414;Retail;M;01/08/2023 00:00
C000415;Auchon HU #0415;Retail;M;01/12/2023 00:00
C000416;Decathlonn HU #0416;Retail Sport;M;01/08/2023 00:00
C000417;FitZone HU #0417;Retail Sport;L;01/07/2023 00:00
C000418;ProSport HU #0418;Retail Sport;L;01/09/2023 00:00
C000419;Intersportt HU #0419;Retail Sport;L;01/11/2023 00:00
C000420;ProSport HU #0420;Retail Sport;M;01/09/2023 00:00
C000421;VitaBox IE Online #0421;E-commerce;M;01/09/2023 00:00
C000422;WellKart IE Online #0422;E-commerce;S;01/12/2023 00:00
C000423;VitaBox IE Online #0423;E-commerce;M;01/08/2023 00:00
C000424;WellKart IE Online #0424;E-commerce;M;01/08/2023 00:00
C000425;CarePharm IE #0425;Pharmacy;M;01/12/2023 00:00
C000426;VitaCare IE #0426;Pharmacy;L;01/12/2023 00:00
C000427;PharmaPluz IE #0427;Pharmacy;S;01/12/2023 00:00
C000428;PharmaPluz IE #0428;Pharmacy;S;01/07/2023 00:00
C000429;Auchon IE #0429;Retail;M;01/09/2023 00:00
C000430;Sparr IE #0430;Retail;L;01/07/2023 00:00
C000431;Carrefouk IE #0431;Retail;L;01/07/2023 00:00
C000432;Lidll IE #0432;Retail;M;01/11/2023 00:00
C000433;Auchon IE #0433;Retail;M;01/07/2023 00:00
C000434;Tesko IE #0434;Retail;L;01/12/2023 00:00
C000435;Aldii IE #0435;Retail;S;01/11/2023 00:00
C000436;Lidll IE #0436;Retail;L;01/12/2023 00:00
C000437;Intermarche IE #0437;Retail;M;01/10/2023 00:00
C000438;Edekae IE #0438;Retail;S;01/09/2023 00:00
C000439;Lidll IE #0439;Retail;M;01/09/2023 00:00
C000440;Intermarche IE #0440;Retail;L;01/10/2023 00:00
C000441;Aldii IE #0441;Retail;M;01/07/2023 00:00
C000442;Tesko IE #0442;Retail;M;01/10/2023 00:00
C000443;Intersportt IE #0443;Retail Sport;L;01/11/2023 00:00
C000444;Intersportt IE #0444;Retail Sport;L;01/08/2023 00:00
C000445;FitZone IE #0445;Retail Sport;L;01/10/2023 00:00
C000446;AthletiX IE #0446;Retail Sport;L;01/09/2023 00:00
C000447;FitZone IE #0447;Retail Sport;M;01/08/2023 00:00
C000448;SportDirekt IE #0448;Retail Sport;L;01/08/2023 00:00
C000449;PrimeFuel IT Online #0449;E-commerce;S;01/09/2023 00:00
C000450;PulseMarket IT Online #0450;E-commerce;M;01/10/2023 00:00
C000451;PrimeFuel IT Online #0451;E-commerce;M;01/11/2023 00:00
C000452;NutriHub IT Online #0452;E-commerce;S;01/10/2023 00:00
C000453;PrimeFuel IT Online #0453;E-commerce;L;01/07/2023 00:00
C000454;NutriHub IT Online #0454;E-commerce;S;01/10/2023 00:00
C000455;GymMart IT Online #0455;E-commerce;M;01/12/2023 00:00
C000456;GymMart IT Online #0456;E-commerce;S;01/09/2023 00:00
C000457;FitNest IT Online #0457;E-commerce;M;01/07/2023 00:00
C000458;VitaBox IT Online #0458;E-commerce;S;01/08/2023 00:00
C000459;NutriHub IT Online #0459;E-commerce;S;01/12/2023 00:00
C000460;VitaBox IT Online #0460;E-commerce;S;01/10/2023 00:00
C000461;PrimeFuel IT Online #0461;E-commerce;M;01/09/2023 00:00
C000462;PulseMarket IT Online #0462;E-commerce;S;01/08/2023 00:00
C000463;PrimeFuel IT Online #0463;E-commerce;M;01/12/2023 00:00
C000464;PrimeFuel IT Online #0464;E-commerce;M;01/09/2023 00:00
C000465;NutriHub IT Online #0465;E-commerce;S;01/09/2023 00:00
C000466;GymMart IT Online #0466;E-commerce;M;01/11/2023 00:00
C000467;VitaBox IT Online #0467;E-commerce;S;01/10/2023 00:00
C000468;VitaBox IT Online #0468;E-commerce;S;01/10/2023 00:00
C000469;HealthPoint IT #0469;Pharmacy;M;01/08/2023 00:00
C000470;MediKore IT #0470;Pharmacy;M;01/12/2023 00:00
C000471;CarePharm IT #0471;Pharmacy;S;01/08/2023 00:00
C000472;PharmaPluz IT #0472;Pharmacy;L;01/09/2023 00:00
C000473;EuroPharmx IT #0473;Pharmacy;M;01/09/2023 00:00
C000474;PharmaPluz IT #0474;Pharmacy;L;01/09/2023 00:00
C000475;NutriPharm IT #0475;Pharmacy;M;01/10/2023 00:00
C000476;CarePharm IT #0476;Pharmacy;S;01/10/2023 00:00
C000477;EuroPharmx IT #0477;Pharmacy;S;01/08/2023 00:00
C000478;NutriPharm IT #0478;Pharmacy;L;01/11/2023 00:00
C000479;HealthPoint IT #0479;Pharmacy;M;01/10/2023 00:00
C000480;CarePharm IT #0480;Pharmacy;M;01/08/2023 00:00
C000481;EuroPharmx IT #0481;Pharmacy;M;01/11/2023 00:00
C000482;CarePharm IT #0482;Pharmacy;S;01/08/2023 00:00
C000483;Aldii IT #0483;Retail;L;01/07/2023 00:00
C000484;Edekae IT #0484;Retail;L;01/09/2023 00:00
C000485;Carrefouk IT #0485;Retail;S;01/08/2023 00:00
C000486;Rewee IT #0486;Retail;L;01/07/2023 00:00
C000487;Rewee IT #0487;Retail;M;01/08/2023 00:00
C000488;Auchon IT #0488;Retail;M;01/07/2023 00:00
C000489;Sparr IT #0489;Retail;M;01/07/2023 00:00
C000490;Rewee IT #0490;Retail;S;01/09/2023 00:00
C000491;Rewee IT #0491;Retail;L;01/07/2023 00:00
C000492;SportDirekt IT #0492;Retail Sport;L;01/07/2023 00:00
C000493;SportDirekt IT #0493;Retail Sport;M;01/12/2023 00:00
C000494;Decatlon IT #0494;Retail Sport;L;01/09/2023 00:00
C000495;Decatlon IT #0495;Retail Sport;L;01/07/2023 00:00
C000496;AthletiX IT #0496;Retail Sport;L;01/12/2023 00:00
C000497;Decathlonn IT #0497;Retail Sport;S;01/07/2023 00:00
C000498;AthletiX IT #0498;Retail Sport;M;01/12/2023 00:00
C000499;ZenBasket LV Online #0499;E-commerce;S;01/08/2023 00:00
C000500;WellKart LV Online #0500;E-commerce;S;01/10/2023 00:00
C000501;PrimeFuel LV Online #0501;E-commerce;S;01/10/2023 00:00
C000502;ZenBasket LV Online #0502;E-commerce;S;01/09/2023 00:00
C000503;HealthPoint LV #0503;Pharmacy;S;01/09/2023 00:00
C000504;NutriPharm LV #0504;Pharmacy;L;01/08/2023 00:00
C000505;MediKore LV #0505;Pharmacy;M;01/10/2023 00:00
C000506;CarePharm LV #0506;Pharmacy;M;01/12/2023 00:00
C000507;Tesko LV #0507;Retail;L;01/12/2023 00:00
C000508;Carrefouk LV #0508;Retail;L;01/10/2023 00:00
C000509;Intermarche LV #0509;Retail;L;01/07/2023 00:00
C000510;Sparr LV #0510;Retail;M;01/07/2023 00:00
C000511;Edekae LV #0511;Retail;S;01/11/2023 00:00
C000512;Carrefouk LV #0512;Retail;L;01/11/2023 00:00
C000513;Intermarche LV #0513;Retail;M;01/12/2023 00:00
C000514;Carrefouk LV #0514;Retail;M;01/07/2023 00:00
C000515;Sparr LV #0515;Retail;M;01/10/2023 00:00
C000516;Aldii LV #0516;Retail;M;01/08/2023 00:00
C000517;Aldii LV #0517;Retail;L;01/12/2023 00:00
C000518;Sparr LV #0518;Retail;S;01/12/2023 00:00
C000519;Aldii LV #0519;Retail;M;01/09/2023 00:00
C000520;Lidll LV #0520;Retail;L;01/10/2023 00:00
C000521;FitZone LV #0521;Retail Sport;L;01/11/2023 00:00
C000522;SportDirekt LV #0522;Retail Sport;L;01/09/2023 00:00
C000523;Decatlon LV #0523;Retail Sport;L;01/10/2023 00:00
C000524;SportDirekt LV #0524;Retail Sport;M;01/12/2023 00:00
C000525;Decatlon LV #0525;Retail Sport;L;01/09/2023 00:00
C000526;AthletiX LV #0526;Retail Sport;L;01/08/2023 00:00
C000527;PulseMarket LT Online #0527;E-commerce;M;01/07/2023 00:00
C000528;GymMart LT Online #0528;E-commerce;M;01/07/2023 00:00
C000529;GymMart LT Online #0529;E-commerce;S;01/07/2023 00:00
C000530;PrimeFuel LT Online #0530;E-commerce;M;01/07/2023 00:00
C000531;VitaCare LT #0531;Pharmacy;M;01/08/2023 00:00
C000532;HealthPoint LT #0532;Pharmacy;M;01/08/2023 00:00
C000533;CarePharm LT #0533;Pharmacy;M;01/08/2023 00:00
C000534;CarePharm LT #0534;Pharmacy;S;01/12/2023 00:00
C000535;Edekae LT #0535;Retail;M;01/11/2023 00:00
C000536;Rewee LT #0536;Retail;S;01/08/2023 00:00
C000537;Edekae LT #0537;Retail;S;01/08/2023 00:00
C000538;Auchon LT #0538;Retail;L;01/10/2023 00:00
C000539;Aldii LT #0539;Retail;L;01/09/2023 00:00
C000540;Rewee LT #0540;Retail;M;01/11/2023 00:00
C000541;Edekae LT #0541;Retail;S;01/09/2023 00:00
C000542;Edekae LT #0542;Retail;L;01/10/2023 00:00
C000543;Intermarche LT #0543;Retail;L;01/12/2023 00:00
C000544;Rewee LT #0544;Retail;M;01/07/2023 00:00
C000545;Edekae LT #0545;Retail;L;01/08/2023 00:00
C000546;Sparr LT #0546;Retail;L;01/07/2023 00:00
C000547;Lidll LT #0547;Retail;L;01/08/2023 00:00
C000548;Sparr LT #0548;Retail;M;01/11/2023 00:00
C000549;Intersportt LT #0549;Retail Sport;S;01/11/2023 00:00
C000550;Intersportt LT #0550;Retail Sport;M;01/09/2023 00:00
C000551;Intersportt LT #0551;Retail Sport;L;01/07/2023 00:00
C000552;AthletiX LT #0552;Retail Sport;M;01/08/2023 00:00
C000553;Decatlon LT #0553;Retail Sport;L;01/10/2023 00:00
C000554;SportDirekt LT #0554;Retail Sport;M;01/10/2023 00:00
C000555;WellKart LU Online #0555;E-commerce;S;01/12/2023 00:00
C000556;ZenBasket LU Online #0556;E-commerce;S;01/11/2023 00:00
C000557;PulseMarket LU Online #0557;E-commerce;S;01/10/2023 00:00
C000558;PulseMarket LU Online #0558;E-commerce;S;01/09/2023 00:00
C000559;VitaCare LU #0559;Pharmacy;M;01/09/2023 00:00
C000560;EuroPharmx LU #0560;Pharmacy;S;01/11/2023 00:00
C000561;VitaCare LU #0561;Pharmacy;L;01/12/2023 00:00
C000562;NutriPharm LU #0562;Pharmacy;S;01/11/2023 00:00
C000563;Auchon LU #0563;Retail;S;01/11/2023 00:00
C000564;Rewee LU #0564;Retail;M;01/07/2023 00:00
C000565;Aldii LU #0565;Retail;S;01/11/2023 00:00
C000566;Aldii LU #0566;Retail;M;01/07/2023 00:00
C000567;Lidll LU #0567;Retail;M;01/08/2023 00:00
C000568;Aldii LU #0568;Retail;M;01/07/2023 00:00
C000569;Intermarche LU #0569;Retail;M;01/09/2023 00:00
C000570;Rewee LU #0570;Retail;M;01/07/2023 00:00
C000571;Edekae LU #0571;Retail;M;01/12/2023 00:00
C000572;Edekae LU #0572;Retail;S;01/07/2023 00:00
C000573;Rewee LU #0573;Retail;L;01/11/2023 00:00
C000574;Auchon LU #0574;Retail;S;01/07/2023 00:00
C000575;Lidll LU #0575;Retail;S;01/10/2023 00:00
C000576;Lidll LU #0576;Retail;M;01/12/2023 00:00
C000577;Decatlon LU #0577;Retail Sport;M;01/10/2023 00:00
C000578;Decathlonn LU #0578;Retail Sport;L;01/07/2023 00:00
C000579;ProSport LU #0579;Retail Sport;M;01/10/2023 00:00
C000580;ProSport LU #0580;Retail Sport;L;01/10/2023 00:00
C000581;Decathlonn LU #0581;Retail Sport;L;01/09/2023 00:00
C000582;SportDirekt LU #0582;Retail Sport;L;01/09/2023 00:00
C000583;ZenBasket MT Online #0583;E-commerce;M;01/07/2023 00:00
C000584;VitaBox MT Online #0584;E-commerce;S;01/10/2023 00:00
C000585;NutriHub MT Online #0585;E-commerce;S;01/09/2023 00:00
C000586;NutriHub MT Online #0586;E-commerce;S;01/12/2023 00:00
C000587;PulseMarket MT Online #0587;E-commerce;S;01/07/2023 00:00
C000588;ZenBasket MT Online #0588;E-commerce;M;01/12/2023 00:00
C000589;GymMart MT Online #0589;E-commerce;M;01/12/2023 00:00
C000590;NutriHub MT Online #0590;E-commerce;M;01/12/2023 00:00
C000591;GymMart MT Online #0591;E-commerce;M;01/07/2023 00:00
C000592;ZenBasket MT Online #0592;E-commerce;M;01/12/2023 00:00
C000593;GymMart MT Online #0593;E-commerce;M;01/08/2023 00:00
C000594;HealthPoint MT #0594;Pharmacy;S;01/11/2023 00:00
C000595;PharmaPluz MT #0595;Pharmacy;M;01/10/2023 00:00
C000596;EuroPharmx MT #0596;Pharmacy;M;01/07/2023 00:00
C000597;EuroPharmx MT #0597;Pharmacy;M;01/12/2023 00:00
C000598;VitaCare MT #0598;Pharmacy;M;01/11/2023 00:00
C000599;VitaCare MT #0599;Pharmacy;M;01/09/2023 00:00
C000600;NutriPharm MT #0600;Pharmacy;M;01/10/2023 00:00
C000601;CarePharm MT #0601;Pharmacy;M;01/12/2023 00:00
C000602;Auchon MT #0602;Retail;L;01/09/2023 00:00
C000603;Sparr MT #0603;Retail;M;01/11/2023 00:00
C000604;Tesko MT #0604;Retail;S;01/09/2023 00:00
C000605;Lidll MT #0605;Retail;M;01/08/2023 00:00
C000606;Sparr MT #0606;Retail;L;01/12/2023 00:00
C000607;Decatlon MT #0607;Retail Sport;L;01/09/2023 00:00
C000608;SportDirekt MT #0608;Retail Sport;L;01/09/2023 00:00
C000609;ProSport MT #0609;Retail Sport;L;01/10/2023 00:00
C000610;AthletiX MT #0610;Retail Sport;L;01/12/2023 00:00
C000611;PrimeFuel NL Online #0611;E-commerce;M;01/10/2023 00:00
C000612;ZenBasket NL Online #0612;E-commerce;M;01/07/2023 00:00
C000613;NutriHub NL Online #0613;E-commerce;M;01/08/2023 00:00
C000614;NutriHub NL Online #0614;E-commerce;S;01/08/2023 00:00
C000615;PulseMarket NL Online #0615;E-commerce;S;01/08/2023 00:00
C000616;VitaCare NL #0616;Pharmacy;M;01/10/2023 00:00
C000617;PharmaPluz NL #0617;Pharmacy;M;01/10/2023 00:00
C000618;CarePharm NL #0618;Pharmacy;L;01/12/2023 00:00
C000619;PharmaPluz NL #0619;Pharmacy;M;01/07/2023 00:00
C000620;VitaCare NL #0620;Pharmacy;M;01/07/2023 00:00
C000621;Aldii NL #0621;Retail;M;01/07/2023 00:00
C000622;Sparr NL #0622;Retail;L;01/10/2023 00:00
C000623;Tesko NL #0623;Retail;M;01/09/2023 00:00
C000624;Sparr NL #0624;Retail;S;01/11/2023 00:00
C000625;Aldii NL #0625;Retail;M;01/12/2023 00:00
C000626;Lidll NL #0626;Retail;S;01/08/2023 00:00
C000627;Sparr NL #0627;Retail;L;01/10/2023 00:00
C000628;Intermarche NL #0628;Retail;M;01/10/2023 00:00
C000629;Carrefouk NL #0629;Retail;M;01/12/2023 00:00
C000630;Sparr NL #0630;Retail;M;01/11/2023 00:00
C000631;Intermarche NL #0631;Retail;M;01/08/2023 00:00
C000632;Rewee NL #0632;Retail;L;01/07/2023 00:00
C000633;Auchon NL #0633;Retail;S;01/09/2023 00:00
C000634;Lidll NL #0634;Retail;L;01/09/2023 00:00
C000635;Auchon NL #0635;Retail;L;01/12/2023 00:00
C000636;Edekae NL #0636;Retail;M;01/07/2023 00:00
C000637;Rewee NL #0637;Retail;M;01/10/2023 00:00
C000638;Lidll NL #0638;Retail;M;01/11/2023 00:00
C000639;SportDirekt NL #0639;Retail Sport;M;01/09/2023 00:00
C000640;Intersportt NL #0640;Retail Sport;L;01/07/2023 00:00
C000641;ProSport NL #0641;Retail Sport;L;01/12/2023 00:00
C000642;Decathlonn NL #0642;Retail Sport;L;01/09/2023 00:00
C000643;Intersportt NL #0643;Retail Sport;L;01/11/2023 00:00
C000644;SportDirekt NL #0644;Retail Sport;M;01/11/2023 00:00
C000645;Decathlonn NL #0645;Retail Sport;L;01/09/2023 00:00
C000646;PulseMarket PL Online #0646;E-commerce;S;01/11/2023 00:00
C000647;WellKart PL Online #0647;E-commerce;M;01/11/2023 00:00
C000648;WellKart PL Online #0648;E-commerce;S;01/11/2023 00:00
C000649;FitNest PL Online #0649;E-commerce;S;01/12/2023 00:00
C000650;WellKart PL Online #0650;E-commerce;S;01/07/2023 00:00
C000651;PulseMarket PL Online #0651;E-commerce;S;01/08/2023 00:00
C000652;MediKore PL #0652;Pharmacy;L;01/11/2023 00:00
C000653;MediKore PL #0653;Pharmacy;S;01/12/2023 00:00
C000654;HealthPoint PL #0654;Pharmacy;S;01/09/2023 00:00
C000655;PharmaPluz PL #0655;Pharmacy;S;01/09/2023 00:00
C000656;HealthPoint PL #0656;Pharmacy;M;01/10/2023 00:00
C000657;PharmaPluz PL #0657;Pharmacy;L;01/10/2023 00:00
C000658;NutriPharm PL #0658;Pharmacy;S;01/08/2023 00:00
C000659;Lidll PL #0659;Retail;M;01/11/2023 00:00
C000660;Rewee PL #0660;Retail;L;01/11/2023 00:00
C000661;Rewee PL #0661;Retail;M;01/07/2023 00:00
C000662;Rewee PL #0662;Retail;M;01/09/2023 00:00
C000663;Aldii PL #0663;Retail;S;01/12/2023 00:00
C000664;Intermarche PL #0664;Retail;L;01/11/2023 00:00
C000665;Aldii PL #0665;Retail;M;01/07/2023 00:00
C000666;Carrefouk PL #0666;Retail;M;01/09/2023 00:00
C000667;Intermarche PL #0667;Retail;L;01/08/2023 00:00
C000668;Intermarche PL #0668;Retail;L;01/08/2023 00:00
C000669;Aldii PL #0669;Retail;S;01/11/2023 00:00
C000670;Rewee PL #0670;Retail;M;01/07/2023 00:00
C000671;Edekae PL #0671;Retail;M;01/07/2023 00:00
C000672;Sparr PL #0672;Retail;M;01/08/2023 00:00
C000673;Aldii PL #0673;Retail;L;01/09/2023 00:00
C000674;Intersportt PL #0674;Retail Sport;L;01/12/2023 00:00
C000675;Intersportt PL #0675;Retail Sport;L;01/12/2023 00:00
C000676;FitZone PL #0676;Retail Sport;L;01/11/2023 00:00
C000677;ProSport PL #0677;Retail Sport;M;01/12/2023 00:00
C000678;Intersportt PL #0678;Retail Sport;L;01/07/2023 00:00
C000679;Decathlonn PL #0679;Retail Sport;M;01/08/2023 00:00
C000680;ZenBasket PT Online #0680;E-commerce;S;01/10/2023 00:00
C000681;FitNest PT Online #0681;E-commerce;M;01/08/2023 00:00
C000682;ZenBasket PT Online #0682;E-commerce;S;01/07/2023 00:00
C000683;ZenBasket PT Online #0683;E-commerce;S;01/08/2023 00:00
C000684;PrimeFuel PT Online #0684;E-commerce;S;01/11/2023 00:00
C000685;PulseMarket PT Online #0685;E-commerce;M;01/09/2023 00:00
C000686;WellKart PT Online #0686;E-commerce;S;01/11/2023 00:00
C000687;PrimeFuel PT Online #0687;E-commerce;S;01/07/2023 00:00
C000688;FitNest PT Online #0688;E-commerce;L;01/12/2023 00:00
C000689;PulseMarket PT Online #0689;E-commerce;S;01/10/2023 00:00
C000690;GymMart PT Online #0690;E-commerce;M;01/11/2023 00:00
C000691;NutriHub PT Online #0691;E-commerce;S;01/10/2023 00:00
C000692;PrimeFuel PT Online #0692;E-commerce;S;01/10/2023 00:00
C000693;ZenBasket PT Online #0693;E-commerce;S;01/09/2023 00:00
C000694;MediKore PT #0694;Pharmacy;M;01/10/2023 00:00
C000695;EuroPharmx PT #0695;Pharmacy;L;01/12/2023 00:00
C000696;MediKore PT #0696;Pharmacy;S;01/10/2023 00:00
C000697;PharmaPluz PT #0697;Pharmacy;S;01/11/2023 00:00
C000698;PharmaPluz PT #0698;Pharmacy;M;01/11/2023 00:00
C000699;HealthPoint PT #0699;Pharmacy;M;01/11/2023 00:00
C000700;CarePharm PT #0700;Pharmacy;M;01/10/2023 00:00
C000701;MediKore PT #0701;Pharmacy;L;01/07/2023 00:00
C000702;HealthPoint PT #0702;Pharmacy;M;01/07/2023 00:00
C000703;HealthPoint PT #0703;Pharmacy;M;01/12/2023 00:00
C000704;Sparr PT #0704;Retail;M;01/12/2023 00:00
C000705;Sparr PT #0705;Retail;M;01/11/2023 00:00
C000706;Intermarche PT #0706;Retail;L;01/09/2023 00:00
C000707;Tesko PT #0707;Retail;L;01/08/2023 00:00
C000708;Tesko PT #0708;Retail;L;01/10/2023 00:00
C000709;Lidll PT #0709;Retail;M;01/11/2023 00:00
C000710;Intersportt PT #0710;Retail Sport;L;01/10/2023 00:00
C000711;Decatlon PT #0711;Retail Sport;L;01/10/2023 00:00
C000712;AthletiX PT #0712;Retail Sport;L;01/07/2023 00:00
C000713;ProSport PT #0713;Retail Sport;M;01/08/2023 00:00
C000714;ProSport PT #0714;Retail Sport;M;01/09/2023 00:00
C000715;ZenBasket RO Online #0715;E-commerce;S;01/08/2023 00:00
C000716;NutriHub RO Online #0716;E-commerce;S;01/12/2023 00:00
C000717;PrimeFuel RO Online #0717;E-commerce;S;01/11/2023 00:00
C000718;ZenBasket RO Online #0718;E-commerce;L;01/11/2023 00:00
C000719;PulseMarket RO Online #0719;E-commerce;S;01/08/2023 00:00
C000720;NutriPharm RO #0720;Pharmacy;L;01/12/2023 00:00
C000721;MediKore RO #0721;Pharmacy;S;01/11/2023 00:00
C000722;PharmaPluz RO #0722;Pharmacy;M;01/07/2023 00:00
C000723;PharmaPluz RO #0723;Pharmacy;L;01/11/2023 00:00
C000724;EuroPharmx RO #0724;Pharmacy;M;01/08/2023 00:00
C000725;PharmaPluz RO #0725;Pharmacy;L;01/11/2023 00:00
C000726;Edekae RO #0726;Retail;L;01/07/2023 00:00
C000727;Auchon RO #0727;Retail;M;01/08/2023 00:00
C000728;Auchon RO #0728;Retail;S;01/07/2023 00:00
C000729;Intermarche RO #0729;Retail;L;01/08/2023 00:00
C000730;Tesko RO #0730;Retail;M;01/10/2023 00:00
C000731;Edekae RO #0731;Retail;L;01/11/2023 00:00
C000732;Sparr RO #0732;Retail;S;01/08/2023 00:00
C000733;Intermarche RO #0733;Retail;M;01/12/2023 00:00
C000734;Lidll RO #0734;Retail;L;01/07/2023 00:00
C000735;Auchon RO #0735;Retail;L;01/07/2023 00:00
C000736;Edekae RO #0736;Retail;S;01/09/2023 00:00
C000737;Auchon RO #0737;Retail;M;01/09/2023 00:00
C000738;FitZone RO #0738;Retail Sport;L;01/08/2023 00:00
C000739;Intersportt RO #0739;Retail Sport;M;01/10/2023 00:00
C000740;Decathlonn RO #0740;Retail Sport;L;01/08/2023 00:00
C000741;SportDirekt RO #0741;Retail Sport;M;01/12/2023 00:00
C000742;Decatlon RO #0742;Retail Sport;L;01/08/2023 00:00
C000743;PrimeFuel SK Online #0743;E-commerce;M;01/09/2023 00:00
C000744;GymMart SK Online #0744;E-commerce;M;01/07/2023 00:00
C000745;PulseMarket SK Online #0745;E-commerce;M;01/12/2023 00:00
C000746;WellKart SK Online #0746;E-commerce;S;01/11/2023 00:00
C000747;WellKart SK Online #0747;E-commerce;M;01/08/2023 00:00
C000748;PharmaPluz SK #0748;Pharmacy;S;01/12/2023 00:00
C000749;PharmaPluz SK #0749;Pharmacy;L;01/09/2023 00:00
C000750;NutriPharm SK #0750;Pharmacy;M;01/09/2023 00:00
C000751;HealthPoint SK #0751;Pharmacy;L;01/10/2023 00:00
C000752;NutriPharm SK #0752;Pharmacy;S;01/08/2023 00:00
C000753;HealthPoint SK #0753;Pharmacy;L;01/12/2023 00:00
C000754;Edekae SK #0754;Retail;M;01/10/2023 00:00
C000755;Tesko SK #0755;Retail;S;01/08/2023 00:00
C000756;Lidll SK #0756;Retail;M;01/09/2023 00:00
C000757;Tesko SK #0757;Retail;L;01/12/2023 00:00
C000758;Lidll SK #0758;Retail;M;01/09/2023 00:00
C000759;Aldii SK #0759;Retail;L;01/12/2023 00:00
C000760;Lidll SK #0760;Retail;L;01/11/2023 00:00
C000761;Auchon SK #0761;Retail;M;01/09/2023 00:00
C000762;Intermarche SK #0762;Retail;M;01/12/2023 00:00
C000763;Rewee SK #0763;Retail;M;01/07/2023 00:00
C000764;Rewee SK #0764;Retail;L;01/08/2023 00:00
C000765;Auchon SK #0765;Retail;M;01/08/2023 00:00
C000766;AthletiX SK #0766;Retail Sport;L;01/08/2023 00:00
C000767;SportDirekt SK #0767;Retail Sport;M;01/08/2023 00:00
C000768;AthletiX SK #0768;Retail Sport;M;01/12/2023 00:00
C000769;Decatlon SK #0769;Retail Sport;L;01/10/2023 00:00
C000770;Decatlon SK #0770;Retail Sport;M;01/10/2023 00:00
C000771;NutriHub SI Online #0771;E-commerce;M;01/11/2023 00:00
C000772;FitNest SI Online #0772;E-commerce;L;01/07/2023 00:00
C000773;VitaBox SI Online #0773;E-commerce;M;01/11/2023 00:00
C000774;VitaBox SI Online #0774;E-commerce;M;01/10/2023 00:00
C000775;NutriHub SI Online #0775;E-commerce;M;01/08/2023 00:00
C000776;HealthPoint SI #0776;Pharmacy;S;01/08/2023 00:00
C000777;VitaCare SI #0777;Pharmacy;M;01/08/2023 00:00
C000778;HealthPoint SI #0778;Pharmacy;S;01/12/2023 00:00
C000779;CarePharm SI #0779;Pharmacy;M;01/07/2023 00:00
C000780;VitaCare SI #0780;Pharmacy;L;01/08/2023 00:00
C000781;PharmaPluz SI #0781;Pharmacy;L;01/11/2023 00:00
C000782;Edekae SI #0782;Retail;M;01/11/2023 00:00
C000783;Sparr SI #0783;Retail;L;01/07/2023 00:00
C000784;Edekae SI #0784;Retail;M;01/07/2023 00:00
C000785;Aldii SI #0785;Retail;L;01/07/2023 00:00
C000786;Rewee SI #0786;Retail;M;01/12/2023 00:00
C000787;Intermarche SI #0787;Retail;M;01/09/2023 00:00
C000788;Edekae SI #0788;Retail;L;01/07/2023 00:00
C000789;Rewee SI #0789;Retail;M;01/09/2023 00:00
C000790;Rewee SI #0790;Retail;M;01/12/2023 00:00
C000791;Rewee SI #0791;Retail;M;01/12/2023 00:00
C000792;Rewee SI #0792;Retail;S;01/08/2023 00:00
C000793;Aldii SI #0793;Retail;M;01/07/2023 00:00
C000794;ProSport SI #0794;Retail Sport;M;01/10/2023 00:00
C000795;Decathlonn SI #0795;Retail Sport;L;01/12/2023 00:00
C000796;FitZone SI #0796;Retail Sport;L;01/11/2023 00:00
C000797;Intersportt SI #0797;Retail Sport;S;01/09/2023 00:00
C000798;Intersportt SI #0798;Retail Sport;L;01/12/2023 00:00
C000799;WellKart ES Online #0799;E-commerce;M;01/09/2023 00:00
C000800;GymMart ES Online #0800;E-commerce;S;01/11/2023 00:00
C000801;WellKart ES Online #0801;E-commerce;S;01/11/2023 00:00
C000802;GymMart ES Online #0802;E-commerce;S;01/09/2023 00:00
C000803;FitNest ES Online #0803;E-commerce;S;01/08/2023 00:00
C000804;FitNest ES Online #0804;E-commerce;M;01/11/2023 00:00
C000805;GymMart ES Online #0805;E-commerce;S;01/08/2023 00:00
C000806;PrimeFuel ES Online #0806;E-commerce;S;01/08/2023 00:00
C000807;FitNest ES Online #0807;E-commerce;S;01/11/2023 00:00
C000808;GymMart ES Online #0808;E-commerce;M;01/10/2023 00:00
C000809;GymMart ES Online #0809;E-commerce;S;01/12/2023 00:00
C000810;VitaBox ES Online #0810;E-commerce;M;01/07/2023 00:00
C000811;NutriHub ES Online #0811;E-commerce;S;01/07/2023 00:00
C000812;PulseMarket ES Online #0812;E-commerce;S;01/11/2023 00:00
C000813;WellKart ES Online #0813;E-commerce;S;01/11/2023 00:00
C000814;PulseMarket ES Online #0814;E-commerce;S;01/07/2023 00:00
C000815;VitaBox ES Online #0815;E-commerce;M;01/10/2023 00:00
C000816;FitNest ES Online #0816;E-commerce;M;01/12/2023 00:00
C000817;PrimeFuel ES Online #0817;E-commerce;S;01/11/2023 00:00
C000818;VitaBox ES Online #0818;E-commerce;M;01/11/2023 00:00
C000819;MediKore ES #0819;Pharmacy;S;01/07/2023 00:00
C000820;NutriPharm ES #0820;Pharmacy;L;01/11/2023 00:00
C000821;VitaCare ES #0821;Pharmacy;L;01/10/2023 00:00
C000822;HealthPoint ES #0822;Pharmacy;S;01/08/2023 00:00
C000823;VitaCare ES #0823;Pharmacy;M;01/10/2023 00:00
C000824;NutriPharm ES #0824;Pharmacy;M;01/12/2023 00:00
C000825;EuroPharmx ES #0825;Pharmacy;L;01/11/2023 00:00
C000826;EuroPharmx ES #0826;Pharmacy;M;01/10/2023 00:00
C000827;PharmaPluz ES #0827;Pharmacy;S;01/09/2023 00:00
C000828;MediKore ES #0828;Pharmacy;S;01/10/2023 00:00
C000829;HealthPoint ES #0829;Pharmacy;M;01/12/2023 00:00
C000830;VitaCare ES #0830;Pharmacy;M;01/12/2023 00:00
C000831;PharmaPluz ES #0831;Pharmacy;M;01/08/2023 00:00
C000832;MediKore ES #0832;Pharmacy;S;01/11/2023 00:00
C000833;Aldii ES #0833;Retail;L;01/08/2023 00:00
C000834;Edekae ES #0834;Retail;M;01/11/2023 00:00
C000835;Carrefouk ES #0835;Retail;M;01/07/2023 00:00
C000836;Lidll ES #0836;Retail;M;01/10/2023 00:00
C000837;Rewee ES #0837;Retail;M;01/08/2023 00:00
C000838;Tesko ES #0838;Retail;M;01/10/2023 00:00
C000839;Rewee ES #0839;Retail;M;01/09/2023 00:00
C000840;Edekae ES #0840;Retail;M;01/10/2023 00:00
C000841;Tesko ES #0841;Retail;L;01/07/2023 00:00
C000842;AthletiX ES #0842;Retail Sport;M;01/12/2023 00:00
C000843;Intersportt ES #0843;Retail Sport;M;01/12/2023 00:00
C000844;ProSport ES #0844;Retail Sport;L;01/08/2023 00:00
C000845;SportDirekt ES #0845;Retail Sport;L;01/09/2023 00:00
C000846;Decatlon ES #0846;Retail Sport;L;01/11/2023 00:00
C000847;Intersportt ES #0847;Retail Sport;S;01/08/2023 00:00
C000848;FitZone ES #0848;Retail Sport;L;01/10/2023 00:00
C000849;NutriHub SE Online #0849;E-commerce;M;01/08/2023 00:00
C000850;PrimeFuel SE Online #0850;E-commerce;S;01/09/2023 00:00
C000851;PrimeFuel SE Online #0851;E-commerce;M;01/11/2023 00:00
C000852;WellKart SE Online #0852;E-commerce;M;01/07/2023 00:00
C000853;PulseMarket SE Online #0853;E-commerce;L;01/10/2023 00:00
C000854;CarePharm SE #0854;Pharmacy;L;01/12/2023 00:00
C000855;PharmaPluz SE #0855;Pharmacy;S;01/12/2023 00:00
C000856;HealthPoint SE #0856;Pharmacy;L;01/11/2023 00:00
C000857;NutriPharm SE #0857;Pharmacy;L;01/11/2023 00:00
C000858;VitaCare SE #0858;Pharmacy;S;01/10/2023 00:00
C000859;Sparr SE #0859;Retail;M;01/08/2023 00:00
C000860;Sparr SE #0860;Retail;M;01/10/2023 00:00
C000861;Carrefouk SE #0861;Retail;L;01/08/2023 00:00
C000862;Sparr SE #0862;Retail;M;01/09/2023 00:00
C000863;Lidll SE #0863;Retail;M;01/08/2023 00:00
C000864;Rewee SE #0864;Retail;L;01/08/2023 00:00
C000865;Edekae SE #0865;Retail;L;01/08/2023 00:00
C000866;Sparr SE #0866;Retail;M;01/08/2023 00:00
C000867;Edekae SE #0867;Retail;L;01/09/2023 00:00
C000868;Edekae SE #0868;Retail;S;01/10/2023 00:00
C000869;Edekae SE #0869;Retail;L;01/12/2023 00:00
C000870;Aldii SE #0870;Retail;M;01/10/2023 00:00
C000871;Lidll SE #0871;Retail;M;01/11/2023 00:00
C000872;Sparr SE #0872;Retail;M;01/10/2023 00:00
C000873;Tesko SE #0873;Retail;M;01/07/2023 00:00
C000874;Auchon SE #0874;Retail;L;01/09/2023 00:00
C000875;Auchon SE #0875;Retail;S;01/11/2023 00:00
C000876;Carrefouk SE #0876;Retail;M;01/11/2023 00:00
C000877;Decathlonn SE #0877;Retail Sport;M;01/12/2023 00:00
C000878;SportDirekt SE #0878;Retail Sport;M;01/11/2023 00:00
C000879;FitZone SE #0879;Retail Sport;L;01/11/2023 00:00
C000880;AthletiX SE #0880;Retail Sport;L;01/12/2023 00:00
C000881;Decathlonn SE #0881;Retail Sport;M;01/09/2023 00:00
C000882;Decatlon SE #0882;Retail Sport;M;01/09/2023 00:00
C000883;Decatlon SE #0883;Retail Sport;M;01/08/2023 00:00
C000884;PrimeFuel AT Online #0884;E-commerce;M;01/03/2024 00:00
C000885;WellKart AT Online #0885;E-commerce;S;01/12/2024 00:00
C000886;NutriHub AT Online #0886;E-commerce;L;01/01/2024 00:00
C000887;PrimeFuel AT Online #0887;E-commerce;M;01/07/2024 00:00
C000888;GymMart AT Online #0888;E-commerce;S;01/02/2024 00:00
C000889;ZenBasket AT Online #0889;E-commerce;S;01/06/2024 00:00
C000890;VitaBox AT Online #0890;E-commerce;M;01/09/2024 00:00
C000891;NutriPharm AT #0891;Pharmacy;M;01/01/2024 00:00
C000892;HealthPoint AT #0892;Pharmacy;S;01/07/2024 00:00
C000893;CarePharm AT #0893;Pharmacy;S;01/04/2024 00:00
C000894;MediKore AT #0894;Pharmacy;L;01/01/2024 00:00
C000895;VitaCare AT #0895;Pharmacy;M;01/03/2024 00:00
C000896;CarePharm AT #0896;Pharmacy;L;01/10/2024 00:00
C000897;Aldii AT #0897;Retail;L;01/01/2024 00:00
C000898;Lidll AT #0898;Retail;M;01/05/2024 00:00
C000899;Sparr AT #0899;Retail;M;01/07/2024 00:00
C000900;Edekae AT #0900;Retail;L;01/09/2024 00:00
C000901;Aldii AT #0901;Retail;M;01/09/2024 00:00
C000902;Rewee AT #0902;Retail;M;01/05/2024 00:00
C000903;Intermarche AT #0903;Retail;L;01/12/2024 00:00
C000904;Edekae AT #0904;Retail;L;01/11/2024 00:00
C000905;Sparr AT #0905;Retail;L;01/03/2024 00:00
C000906;Lidll AT #0906;Retail;L;01/05/2024 00:00
C000907;Rewee AT #0907;Retail;L;01/12/2024 00:00
C000908;Edekae AT #0908;Retail;L;01/07/2024 00:00
C000909;Aldii AT #0909;Retail;M;01/07/2024 00:00
C000910;Rewee AT #0910;Retail;S;01/06/2024 00:00
C000911;Lidll AT #0911;Retail;L;01/02/2024 00:00
C000912;Auchon AT #0912;Retail;M;01/06/2024 00:00
C000913;Intermarche AT #0913;Retail;L;01/10/2024 00:00
C000914;Lidll AT #0914;Retail;S;01/03/2024 00:00
C000915;Carrefouk AT #0915;Retail;M;01/01/2024 00:00
C000916;Edekae AT #0916;Retail;M;01/10/2024 00:00
C000917;Carrefouk AT #0917;Retail;L;01/12/2024 00:00
C000918;SportDirekt AT #0918;Retail Sport;M;01/11/2024 00:00
C000919;AthletiX AT #0919;Retail Sport;L;01/02/2024 00:00
C000920;Intersportt AT #0920;Retail Sport;M;01/04/2024 00:00
C000921;ProSport AT #0921;Retail Sport;L;01/12/2024 00:00
C000922;SportDirekt AT #0922;Retail Sport;M;01/11/2024 00:00
C000923;Decatlon AT #0923;Retail Sport;L;01/06/2024 00:00
C000924;Decathlonn AT #0924;Retail Sport;L;01/11/2024 00:00
C000925;SportDirekt AT #0925;Retail Sport;M;01/02/2024 00:00
C000926;Intersportt AT #0926;Retail Sport;M;01/07/2024 00:00
C000927;NutriHub BE Online #0927;E-commerce;S;01/07/2024 00:00
C000928;GymMart BE Online #0928;E-commerce;S;01/01/2024 00:00
C000929;GymMart BE Online #0929;E-commerce;S;01/07/2024 00:00
C000930;PrimeFuel BE Online #0930;E-commerce;S;01/05/2024 00:00
C000931;GymMart BE Online #0931;E-commerce;S;01/12/2024 00:00
C000932;VitaBox BE Online #0932;E-commerce;M;01/04/2024 00:00
C000933;PulseMarket BE Online #0933;E-commerce;M;01/07/2024 00:00
C000934;VitaCare BE #0934;Pharmacy;M;01/08/2024 00:00
C000935;EuroPharmx BE #0935;Pharmacy;M;01/03/2024 00:00
C000936;HealthPoint BE #0936;Pharmacy;L;01/11/2024 00:00
C000937;NutriPharm BE #0937;Pharmacy;M;01/04/2024 00:00
C000938;CarePharm BE #0938;Pharmacy;S;01/02/2024 00:00
C000939;NutriPharm BE #0939;Pharmacy;L;01/06/2024 00:00
C000940;Sparr BE #0940;Retail;M;01/03/2024 00:00
C000941;Edekae BE #0941;Retail;L;01/10/2024 00:00
C000942;Auchon BE #0942;Retail;M;01/12/2024 00:00
C000943;Rewee BE #0943;Retail;M;01/05/2024 00:00
C000944;Carrefouk BE #0944;Retail;M;01/07/2024 00:00
C000945;Tesko BE #0945;Retail;M;01/06/2024 00:00
C000946;Tesko BE #0946;Retail;S;01/07/2024 00:00
C000947;Auchon BE #0947;Retail;L;01/01/2024 00:00
C000948;Sparr BE #0948;Retail;M;01/08/2024 00:00
C000949;Auchon BE #0949;Retail;M;01/08/2024 00:00
C000950;Intermarche BE #0950;Retail;L;01/05/2024 00:00
C000951;Tesko BE #0951;Retail;L;01/01/2024 00:00
C000952;Carrefouk BE #0952;Retail;M;01/06/2024 00:00
C000953;Intermarche BE #0953;Retail;L;01/06/2024 00:00
C000954;Auchon BE #0954;Retail;L;01/05/2024 00:00
C000955;Aldii BE #0955;Retail;M;01/11/2024 00:00
C000956;Edekae BE #0956;Retail;M;01/07/2024 00:00
C000957;Intermarche BE #0957;Retail;L;01/06/2024 00:00
C000958;Carrefouk BE #0958;Retail;M;01/10/2024 00:00
C000959;Lidll BE #0959;Retail;L;01/02/2024 00:00
C000960;Carrefouk BE #0960;Retail;L;01/10/2024 00:00
C000961;ProSport BE #0961;Retail Sport;L;01/07/2024 00:00
C000962;ProSport BE #0962;Retail Sport;L;01/07/2024 00:00
C000963;Decatlon BE #0963;Retail Sport;M;01/05/2024 00:00
C000964;Decatlon BE #0964;Retail Sport;S;01/08/2024 00:00
C000965;FitZone BE #0965;Retail Sport;L;01/07/2024 00:00
C000966;FitZone BE #0966;Retail Sport;L;01/01/2024 00:00
C000967;Intersportt BE #0967;Retail Sport;M;01/03/2024 00:00
C000968;AthletiX BE #0968;Retail Sport;L;01/09/2024 00:00
C000969;SportDirekt BE #0969;Retail Sport;M;01/05/2024 00:00
C000970;GymMart BG Online #0970;E-commerce;M;01/06/2024 00:00
C000971;GymMart BG Online #0971;E-commerce;M;01/01/2024 00:00
C000972;PulseMarket BG Online #0972;E-commerce;M;01/10/2024 00:00
C000973;WellKart BG Online #0973;E-commerce;S;01/05/2024 00:00
C000974;WellKart BG Online #0974;E-commerce;L;01/05/2024 00:00
C000975;WellKart BG Online #0975;E-commerce;L;01/04/2024 00:00
C000976;FitNest BG Online #0976;E-commerce;L;01/09/2024 00:00
C000977;ZenBasket BG Online #0977;E-commerce;S;01/01/2024 00:00
C000978;VitaCare BG #0978;Pharmacy;M;01/09/2024 00:00
C000979;MediKore BG #0979;Pharmacy;M;01/11/2024 00:00
C000980;EuroPharmx BG #0980;Pharmacy;L;01/09/2024 00:00
C000981;PharmaPluz BG #0981;Pharmacy;L;01/10/2024 00:00
C000982;EuroPharmx BG #0982;Pharmacy;M;01/09/2024 00:00
C000983;EuroPharmx BG #0983;Pharmacy;L;01/12/2024 00:00
C000984;Intermarche BG #0984;Retail;M;01/05/2024 00:00
C000985;Intermarche BG #0985;Retail;M;01/02/2024 00:00
C000986;Carrefouk BG #0986;Retail;S;01/06/2024 00:00
C000987;Lidll BG #0987;Retail;M;01/12/2024 00:00
C000988;Sparr BG #0988;Retail;L;01/11/2024 00:00
C000989;Aldii BG #0989;Retail;L;01/04/2024 00:00
C000990;Aldii BG #0990;Retail;M;01/03/2024 00:00
C000991;Intermarche BG #0991;Retail;M;01/10/2024 00:00
C000992;Edekae BG #0992;Retail;L;01/10/2024 00:00
C000993;Auchon BG #0993;Retail;M;01/06/2024 00:00
C000994;Sparr BG #0994;Retail;L;01/05/2024 00:00
C000995;Intermarche BG #0995;Retail;M;01/12/2024 00:00
C000996;Rewee BG #0996;Retail;M;01/08/2024 00:00
C000997;Lidll BG #0997;Retail;M;01/11/2024 00:00
C000998;Lidll BG #0998;Retail;S;01/06/2024 00:00
C000999;SportDirekt BG #0999;Retail Sport;L;01/12/2024 00:00
C001000;Decathlonn BG #1000;Retail Sport;L;01/09/2024 00:00
C001001;AthletiX BG #1001;Retail Sport;L;01/03/2024 00:00
C001002;Decatlon BG #1002;Retail Sport;L;01/02/2024 00:00
C001003;Intersportt BG #1003;Retail Sport;M;01/02/2024 00:00
C001004;AthletiX BG #1004;Retail Sport;M;01/05/2024 00:00
C001005;NutriHub HR Online #1005;E-commerce;L;01/08/2024 00:00
C001006;GymMart HR Online #1006;E-commerce;M;01/01/2024 00:00
C001007;PulseMarket HR Online #1007;E-commerce;L;01/10/2024 00:00
C001008;ZenBasket HR Online #1008;E-commerce;M;01/08/2024 00:00
C001009;FitNest HR Online #1009;E-commerce;S;01/06/2024 00:00
C001010;VitaBox HR Online #1010;E-commerce;M;01/07/2024 00:00
C001011;ZenBasket HR Online #1011;E-commerce;S;01/05/2024 00:00
C001012;VitaBox HR Online #1012;E-commerce;L;01/06/2024 00:00
C001013;NutriPharm HR #1013;Pharmacy;S;01/11/2024 00:00
C001014;HealthPoint HR #1014;Pharmacy;S;01/03/2024 00:00
C001015;HealthPoint HR #1015;Pharmacy;S;01/04/2024 00:00
C001016;EuroPharmx HR #1016;Pharmacy;S;01/10/2024 00:00
C001017;EuroPharmx HR #1017;Pharmacy;M;01/03/2024 00:00
C001018;CarePharm HR #1018;Pharmacy;M;01/07/2024 00:00
C001019;Aldii HR #1019;Retail;M;01/10/2024 00:00
C001020;Auchon HR #1020;Retail;L;01/03/2024 00:00
C001021;Aldii HR #1021;Retail;M;01/04/2024 00:00
C001022;Sparr HR #1022;Retail;L;01/10/2024 00:00
C001023;Auchon HR #1023;Retail;M;01/04/2024 00:00
C001024;Aldii HR #1024;Retail;L;01/01/2024 00:00
C001025;Edekae HR #1025;Retail;L;01/10/2024 00:00
C001026;Aldii HR #1026;Retail;M;01/05/2024 00:00
C001027;Auchon HR #1027;Retail;L;01/07/2024 00:00
C001028;Auchon HR #1028;Retail;M;01/11/2024 00:00
C001029;Sparr HR #1029;Retail;M;01/07/2024 00:00
C001030;Aldii HR #1030;Retail;S;01/01/2024 00:00
C001031;Aldii HR #1031;Retail;M;01/12/2024 00:00
C001032;Tesko HR #1032;Retail;L;01/01/2024 00:00
C001033;Lidll HR #1033;Retail;M;01/05/2024 00:00
C001034;SportDirekt HR #1034;Retail Sport;L;01/12/2024 00:00
C001035;ProSport HR #1035;Retail Sport;L;01/02/2024 00:00
C001036;FitZone HR #1036;Retail Sport;L;01/06/2024 00:00
C001037;Decatlon HR #1037;Retail Sport;M;01/09/2024 00:00
C001038;Intersportt HR #1038;Retail Sport;M;01/08/2024 00:00
C001039;Decathlonn HR #1039;Retail Sport;M;01/06/2024 00:00
C001040;NutriHub CY Online #1040;E-commerce;S;01/05/2024 00:00
C001041;GymMart CY Online #1041;E-commerce;L;01/11/2024 00:00
C001042;VitaBox CY Online #1042;E-commerce;M;01/04/2024 00:00
C001043;ZenBasket CY Online #1043;E-commerce;M;01/12/2024 00:00
C001044;ZenBasket CY Online #1044;E-commerce;S;01/03/2024 00:00
C001045;ZenBasket CY Online #1045;E-commerce;M;01/11/2024 00:00
C001046;WellKart CY Online #1046;E-commerce;S;01/09/2024 00:00
C001047;VitaBox CY Online #1047;E-commerce;M;01/03/2024 00:00
C001048;GymMart CY Online #1048;E-commerce;M;01/03/2024 00:00
C001049;NutriHub CY Online #1049;E-commerce;S;01/09/2024 00:00
C001050;VitaBox CY Online #1050;E-commerce;S;01/08/2024 00:00
C001051;ZenBasket CY Online #1051;E-commerce;L;01/02/2024 00:00
C001052;PulseMarket CY Online #1052;E-commerce;L;01/06/2024 00:00
C001053;FitNest CY Online #1053;E-commerce;M;01/05/2024 00:00
C001054;PulseMarket CY Online #1054;E-commerce;S;01/05/2024 00:00
C001055;ZenBasket CY Online #1055;E-commerce;S;01/05/2024 00:00
C001056;PrimeFuel CY Online #1056;E-commerce;S;01/04/2024 00:00
C001057;PharmaPluz CY #1057;Pharmacy;S;01/08/2024 00:00
C001058;VitaCare CY #1058;Pharmacy;L;01/06/2024 00:00
C001059;CarePharm CY #1059;Pharmacy;S;01/05/2024 00:00
C001060;CarePharm CY #1060;Pharmacy;S;01/01/2024 00:00
C001061;VitaCare CY #1061;Pharmacy;S;01/02/2024 00:00
C001062;PharmaPluz CY #1062;Pharmacy;M;01/05/2024 00:00
C001063;NutriPharm CY #1063;Pharmacy;S;01/02/2024 00:00
C001064;PharmaPluz CY #1064;Pharmacy;S;01/03/2024 00:00
C001065;Intermarche CY #1065;Retail;L;01/08/2024 00:00
C001066;Aldii CY #1066;Retail;L;01/04/2024 00:00
C001067;Sparr CY #1067;Retail;L;01/08/2024 00:00
C001068;Carrefouk CY #1068;Retail;M;01/07/2024 00:00
C001069;Intermarche CY #1069;Retail;L;01/09/2024 00:00
C001070;FitZone CY #1070;Retail Sport;M;01/09/2024 00:00
C001071;Decatlon CY #1071;Retail Sport;M;01/04/2024 00:00
C001072;ProSport CY #1072;Retail Sport;L;01/10/2024 00:00
C001073;AthletiX CY #1073;Retail Sport;L;01/10/2024 00:00
C001074;SportDirekt CY #1074;Retail Sport;M;01/05/2024 00:00
C001075;WellKart CZ Online #1075;E-commerce;M;01/05/2024 00:00
C001076;WellKart CZ Online #1076;E-commerce;M;01/08/2024 00:00
C001077;FitNest CZ Online #1077;E-commerce;S;01/03/2024 00:00
C001078;FitNest CZ Online #1078;E-commerce;S;01/03/2024 00:00
C001079;NutriHub CZ Online #1079;E-commerce;M;01/11/2024 00:00
C001080;NutriHub CZ Online #1080;E-commerce;M;01/05/2024 00:00
C001081;PrimeFuel CZ Online #1081;E-commerce;M;01/01/2024 00:00
C001082;VitaBox CZ Online #1082;E-commerce;M;01/02/2024 00:00
C001083;CarePharm CZ #1083;Pharmacy;L;01/08/2024 00:00
C001084;PharmaPluz CZ #1084;Pharmacy;M;01/04/2024 00:00
C001085;PharmaPluz CZ #1085;Pharmacy;S;01/06/2024 00:00
C001086;PharmaPluz CZ #1086;Pharmacy;M;01/09/2024 00:00
C001087;HealthPoint CZ #1087;Pharmacy;L;01/04/2024 00:00
C001088;EuroPharmx CZ #1088;Pharmacy;S;01/12/2024 00:00
C001089;Edekae CZ #1089;Retail;M;01/07/2024 00:00
C001090;Auchon CZ #1090;Retail;M;01/09/2024 00:00
C001091;Tesko CZ #1091;Retail;M;01/08/2024 00:00
C001092;Sparr CZ #1092;Retail;M;01/12/2024 00:00
C001093;Sparr CZ #1093;Retail;M;01/05/2024 00:00
C001094;Carrefouk CZ #1094;Retail;L;01/01/2024 00:00
C001095;Aldii CZ #1095;Retail;L;01/04/2024 00:00
C001096;Intermarche CZ #1096;Retail;L;01/07/2024 00:00
C001097;Intermarche CZ #1097;Retail;M;01/09/2024 00:00
C001098;Auchon CZ #1098;Retail;L;01/06/2024 00:00
C001099;Edekae CZ #1099;Retail;S;01/06/2024 00:00
C001100;Auchon CZ #1100;Retail;L;01/05/2024 00:00
C001101;Tesko CZ #1101;Retail;S;01/11/2024 00:00
C001102;Intermarche CZ #1102;Retail;M;01/10/2024 00:00
C001103;Tesko CZ #1103;Retail;M;01/05/2024 00:00
C001104;SportDirekt CZ #1104;Retail Sport;M;01/04/2024 00:00
C001105;AthletiX CZ #1105;Retail Sport;L;01/03/2024 00:00
C001106;Decathlonn CZ #1106;Retail Sport;M;01/01/2024 00:00
C001107;AthletiX CZ #1107;Retail Sport;M;01/03/2024 00:00
C001108;ProSport CZ #1108;Retail Sport;M;01/05/2024 00:00
C001109;AthletiX CZ #1109;Retail Sport;M;01/04/2024 00:00
C001110;PulseMarket DK Online #1110;E-commerce;S;01/06/2024 00:00
C001111;NutriHub DK Online #1111;E-commerce;S;01/03/2024 00:00
C001112;PulseMarket DK Online #1112;E-commerce;S;01/06/2024 00:00
C001113;PrimeFuel DK Online #1113;E-commerce;S;01/03/2024 00:00
C001114;ZenBasket DK Online #1114;E-commerce;S;01/01/2024 00:00
C001115;FitNest DK Online #1115;E-commerce;M;01/07/2024 00:00
C001116;CarePharm DK #1116;Pharmacy;L;01/01/2024 00:00
C001117;MediKore DK #1117;Pharmacy;M;01/02/2024 00:00
C001118;HealthPoint DK #1118;Pharmacy;L;01/09/2024 00:00
C001119;EuroPharmx DK #1119;Pharmacy;M;01/04/2024 00:00
C001120;PharmaPluz DK #1120;Pharmacy;L;01/03/2024 00:00
C001121;Intermarche DK #1121;Retail;M;01/02/2024 00:00
C001122;Tesko DK #1122;Retail;L;01/10/2024 00:00
C001123;Intermarche DK #1123;Retail;L;01/07/2024 00:00
C001124;Edekae DK #1124;Retail;L;01/04/2024 00:00
C001125;Edekae DK #1125;Retail;M;01/07/2024 00:00
C001126;Aldii DK #1126;Retail;L;01/05/2024 00:00
C001127;Tesko DK #1127;Retail;L;01/11/2024 00:00
C001128;Sparr DK #1128;Retail;L;01/06/2024 00:00
C001129;Aldii DK #1129;Retail;S;01/06/2024 00:00
C001130;Rewee DK #1130;Retail;M;01/01/2024 00:00
C001131;Aldii DK #1131;Retail;M;01/12/2024 00:00
C001132;Sparr DK #1132;Retail;M;01/11/2024 00:00
C001133;Carrefouk DK #1133;Retail;L;01/04/2024 00:00
C001134;Intermarche DK #1134;Retail;M;01/08/2024 00:00
C001135;Sparr DK #1135;Retail;M;01/09/2024 00:00
C001136;Tesko DK #1136;Retail;L;01/02/2024 00:00
C001137;Edekae DK #1137;Retail;M;01/07/2024 00:00
C001138;AthletiX DK #1138;Retail Sport;L;01/08/2024 00:00
C001139;FitZone DK #1139;Retail Sport;S;01/07/2024 00:00
C001140;ProSport DK #1140;Retail Sport;L;01/04/2024 00:00
C001141;FitZone DK #1141;Retail Sport;M;01/10/2024 00:00
C001142;ProSport DK #1142;Retail Sport;M;01/10/2024 00:00
C001143;Decatlon DK #1143;Retail Sport;M;01/09/2024 00:00
C001144;Decatlon DK #1144;Retail Sport;L;01/09/2024 00:00
C001145;GymMart EE Online #1145;E-commerce;M;01/08/2024 00:00
C001146;VitaBox EE Online #1146;E-commerce;S;01/10/2024 00:00
C001147;FitNest EE Online #1147;E-commerce;L;01/10/2024 00:00
C001148;FitNest EE Online #1148;E-commerce;M;01/06/2024 00:00
C001149;PulseMarket EE Online #1149;E-commerce;S;01/09/2024 00:00
C001150;GymMart EE Online #1150;E-commerce;S;01/06/2024 00:00
C001151;HealthPoint EE #1151;Pharmacy;M;01/12/2024 00:00
C001152;CarePharm EE #1152;Pharmacy;M;01/06/2024 00:00
C001153;VitaCare EE #1153;Pharmacy;S;01/12/2024 00:00
C001154;MediKore EE #1154;Pharmacy;M;01/09/2024 00:00
C001155;MediKore EE #1155;Pharmacy;S;01/01/2024 00:00
C001156;Aldii EE #1156;Retail;S;01/08/2024 00:00
C001157;Tesko EE #1157;Retail;M;01/04/2024 00:00
C001158;Aldii EE #1158;Retail;L;01/11/2024 00:00
C001159;Aldii EE #1159;Retail;M;01/02/2024 00:00
C001160;Tesko EE #1160;Retail;L;01/09/2024 00:00
C001161;Auchon EE #1161;Retail;L;01/05/2024 00:00
C001162;Tesko EE #1162;Retail;M;01/03/2024 00:00
C001163;Carrefouk EE #1163;Retail;M;01/12/2024 00:00
C001164;Intermarche EE #1164;Retail;S;01/05/2024 00:00
C001165;Rewee EE #1165;Retail;S;01/06/2024 00:00
C001166;Edekae EE #1166;Retail;M;01/04/2024 00:00
C001167;Rewee EE #1167;Retail;M;01/01/2024 00:00
C001168;Sparr EE #1168;Retail;L;01/04/2024 00:00
C001169;Edekae EE #1169;Retail;M;01/05/2024 00:00
C001170;Lidll EE #1170;Retail;M;01/02/2024 00:00
C001171;Tesko EE #1171;Retail;M;01/09/2024 00:00
C001172;Edekae EE #1172;Retail;M;01/08/2024 00:00
C001173;Decathlonn EE #1173;Retail Sport;L;01/02/2024 00:00
C001174;Intersportt EE #1174;Retail Sport;S;01/08/2024 00:00
C001175;Intersportt EE #1175;Retail Sport;M;01/01/2024 00:00
C001176;Intersportt EE #1176;Retail Sport;L;01/09/2024 00:00
C001177;Decatlon EE #1177;Retail Sport;L;01/03/2024 00:00
C001178;Intersportt EE #1178;Retail Sport;L;01/06/2024 00:00
C001179;Decathlonn EE #1179;Retail Sport;S;01/02/2024 00:00
C001180;PrimeFuel FI Online #1180;E-commerce;M;01/01/2024 00:00
C001181;PrimeFuel FI Online #1181;E-commerce;S;01/04/2024 00:00
C001182;VitaBox FI Online #1182;E-commerce;M;01/02/2024 00:00
C001183;ZenBasket FI Online #1183;E-commerce;S;01/03/2024 00:00
C001184;ZenBasket FI Online #1184;E-commerce;M;01/01/2024 00:00
C001185;GymMart FI Online #1185;E-commerce;S;01/08/2024 00:00
C001186;PharmaPluz FI #1186;Pharmacy;S;01/02/2024 00:00
C001187;NutriPharm FI #1187;Pharmacy;L;01/04/2024 00:00
C001188;CarePharm FI #1188;Pharmacy;L;01/11/2024 00:00
C001189;HealthPoint FI #1189;Pharmacy;M;01/12/2024 00:00
C001190;VitaCare FI #1190;Pharmacy;S;01/09/2024 00:00
C001191;Sparr FI #1191;Retail;L;01/07/2024 00:00
C001192;Carrefouk FI #1192;Retail;S;01/06/2024 00:00
C001193;Intermarche FI #1193;Retail;S;01/11/2024 00:00
C001194;Auchon FI #1194;Retail;S;01/11/2024 00:00
C001195;Lidll FI #1195;Retail;M;01/12/2024 00:00
C001196;Lidll FI #1196;Retail;M;01/03/2024 00:00
C001197;Aldii FI #1197;Retail;L;01/03/2024 00:00
C001198;Edekae FI #1198;Retail;L;01/01/2024 00:00
C001199;Aldii FI #1199;Retail;L;01/05/2024 00:00
C001200;Tesko FI #1200;Retail;S;01/05/2024 00:00
C001201;Intermarche FI #1201;Retail;M;01/10/2024 00:00
C001202;Intermarche FI #1202;Retail;L;01/05/2024 00:00
C001203;Lidll FI #1203;Retail;L;01/01/2024 00:00
C001204;Tesko FI #1204;Retail;M;01/12/2024 00:00
C001205;Lidll FI #1205;Retail;S;01/12/2024 00:00
C001206;Intermarche FI #1206;Retail;M;01/05/2024 00:00
C001207;Sparr FI #1207;Retail;L;01/04/2024 00:00
C001208;Decathlonn FI #1208;Retail Sport;L;01/02/2024 00:00
C001209;AthletiX FI #1209;Retail Sport;M;01/05/2024 00:00
C001210;FitZone FI #1210;Retail Sport;M;01/06/2024 00:00
C001211;Intersportt FI #1211;Retail Sport;M;01/10/2024 00:00
C001212;FitZone FI #1212;Retail Sport;M;01/05/2024 00:00
C001213;FitZone FI #1213;Retail Sport;L;01/03/2024 00:00
C001214;ProSport FI #1214;Retail Sport;M;01/02/2024 00:00
C001215;NutriHub FR Online #1215;E-commerce;L;01/06/2024 00:00
C001216;ZenBasket FR Online #1216;E-commerce;S;01/04/2024 00:00
C001217;GymMart FR Online #1217;E-commerce;S;01/10/2024 00:00
C001218;NutriHub FR Online #1218;E-commerce;M;01/05/2024 00:00
C001219;NutriHub FR Online #1219;E-commerce;S;01/05/2024 00:00
C001220;NutriHub FR Online #1220;E-commerce;M;01/11/2024 00:00
C001221;GymMart FR Online #1221;E-commerce;M;01/04/2024 00:00
C001222;GymMart FR Online #1222;E-commerce;M;01/07/2024 00:00
C001223;WellKart FR Online #1223;E-commerce;S;01/12/2024 00:00
C001224;ZenBasket FR Online #1224;E-commerce;M;01/10/2024 00:00
C001225;WellKart FR Online #1225;E-commerce;S;01/08/2024 00:00
C001226;NutriHub FR Online #1226;E-commerce;S;01/06/2024 00:00
C001227;ZenBasket FR Online #1227;E-commerce;M;01/06/2024 00:00
C001228;VitaBox FR Online #1228;E-commerce;S;01/10/2024 00:00
C001229;GymMart FR Online #1229;E-commerce;S;01/11/2024 00:00
C001230;VitaBox FR Online #1230;E-commerce;S;01/05/2024 00:00
C001231;FitNest FR Online #1231;E-commerce;S;01/11/2024 00:00
C001232;CarePharm FR #1232;Pharmacy;S;01/04/2024 00:00
C001233;PharmaPluz FR #1233;Pharmacy;M;01/07/2024 00:00
C001234;HealthPoint FR #1234;Pharmacy;M;01/03/2024 00:00
C001235;CarePharm FR #1235;Pharmacy;M;01/05/2024 00:00
C001236;MediKore FR #1236;Pharmacy;L;01/07/2024 00:00
C001237;HealthPoint FR #1237;Pharmacy;M;01/06/2024 00:00
C001238;PharmaPluz FR #1238;Pharmacy;M;01/10/2024 00:00
C001239;PharmaPluz FR #1239;Pharmacy;M;01/09/2024 00:00
C001240;NutriPharm FR #1240;Pharmacy;S;01/02/2024 00:00
C001241;MediKore FR #1241;Pharmacy;S;01/04/2024 00:00
C001242;PharmaPluz FR #1242;Pharmacy;S;01/06/2024 00:00
C001243;Carrefouk FR #1243;Retail;L;01/06/2024 00:00
C001244;Carrefouk FR #1244;Retail;M;01/12/2024 00:00
C001245;Intermarche FR #1245;Retail;M;01/01/2024 00:00
C001246;Aldii FR #1246;Retail;L;01/08/2024 00:00
C001247;Tesko FR #1247;Retail;M;01/06/2024 00:00
C001248;Aldii FR #1248;Retail;S;01/08/2024 00:00
C001249;Rewee FR #1249;Retail;M;01/06/2024 00:00
C001250;Edekae FR #1250;Retail;L;01/11/2024 00:00
C001251;Carrefouk FR #1251;Retail;M;01/04/2024 00:00
C001252;Carrefouk FR #1252;Retail;L;01/07/2024 00:00
C001253;Sparr FR #1253;Retail;M;01/04/2024 00:00
C001254;Rewee FR #1254;Retail;M;01/12/2024 00:00
C001255;Tesko FR #1255;Retail;L;01/01/2024 00:00
C001256;Tesko FR #1256;Retail;M;01/08/2024 00:00
C001257;Sparr FR #1257;Retail;M;01/11/2024 00:00
C001258;Lidll FR #1258;Retail;M;01/09/2024 00:00
C001259;Lidll FR #1259;Retail;L;01/08/2024 00:00
C001260;Intermarche FR #1260;Retail;M;01/03/2024 00:00
C001261;Rewee FR #1261;Retail;M;01/07/2024 00:00
C001262;Tesko FR #1262;Retail;M;01/12/2024 00:00
C001263;Tesko FR #1263;Retail;L;01/01/2024 00:00
C001264;Aldii FR #1264;Retail;S;01/11/2024 00:00
C001265;AthletiX FR #1265;Retail Sport;M;01/10/2024 00:00
C001266;Intersportt FR #1266;Retail Sport;S;01/12/2024 00:00
C001267;SportDirekt FR #1267;Retail Sport;S;01/11/2024 00:00
C001268;Intersportt FR #1268;Retail Sport;L;01/12/2024 00:00
C001269;FitZone FR #1269;Retail Sport;L;01/02/2024 00:00
C001270;FitZone FR #1270;Retail Sport;M;01/08/2024 00:00
C001271;Decathlonn FR #1271;Retail Sport;L;01/01/2024 00:00
C001272;SportDirekt FR #1272;Retail Sport;M;01/06/2024 00:00
C001273;Intersportt FR #1273;Retail Sport;M;01/01/2024 00:00
C001274;Decatlon FR #1274;Retail Sport;M;01/06/2024 00:00
C001275;FitZone FR #1275;Retail Sport;L;01/09/2024 00:00
C001276;NutriHub DE Online #1276;E-commerce;M;01/02/2024 00:00
C001277;VitaBox DE Online #1277;E-commerce;S;01/09/2024 00:00
C001278;NutriHub DE Online #1278;E-commerce;S;01/02/2024 00:00
C001279;WellKart DE Online #1279;E-commerce;L;01/03/2024 00:00
C001280;NutriHub DE Online #1280;E-commerce;S;01/09/2024 00:00
C001281;VitaBox DE Online #1281;E-commerce;M;01/05/2024 00:00
C001282;PrimeFuel DE Online #1282;E-commerce;S;01/04/2024 00:00
C001283;WellKart DE Online #1283;E-commerce;S;01/10/2024 00:00
C001284;ZenBasket DE Online #1284;E-commerce;M;01/08/2024 00:00
C001285;FitNest DE Online #1285;E-commerce;S;01/04/2024 00:00
C001286;CarePharm DE #1286;Pharmacy;S;01/08/2024 00:00
C001287;VitaCare DE #1287;Pharmacy;S;01/09/2024 00:00
C001288;PharmaPluz DE #1288;Pharmacy;M;01/08/2024 00:00
C001289;VitaCare DE #1289;Pharmacy;M;01/02/2024 00:00
C001290;EuroPharmx DE #1290;Pharmacy;M;01/09/2024 00:00
C001291;VitaCare DE #1291;Pharmacy;S;01/03/2024 00:00
C001292;CarePharm DE #1292;Pharmacy;L;01/09/2024 00:00
C001293;VitaCare DE #1293;Pharmacy;S;01/07/2024 00:00
C001294;CarePharm DE #1294;Pharmacy;S;01/10/2024 00:00
C001295;Tesko DE #1295;Retail;M;01/07/2024 00:00
C001296;Carrefouk DE #1296;Retail;M;01/04/2024 00:00
C001297;Aldii DE #1297;Retail;M;01/02/2024 00:00
C001298;Sparr DE #1298;Retail;M;01/03/2024 00:00
C001299;Auchon DE #1299;Retail;M;01/09/2024 00:00
C001300;Carrefouk DE #1300;Retail;L;01/07/2024 00:00
C001301;Tesko DE #1301;Retail;L;01/08/2024 00:00
C001302;Auchon DE #1302;Retail;M;01/09/2024 00:00
C001303;Carrefouk DE #1303;Retail;S;01/07/2024 00:00
C001304;Sparr DE #1304;Retail;S;01/05/2024 00:00
C001305;Tesko DE #1305;Retail;M;01/04/2024 00:00
C001306;Auchon DE #1306;Retail;M;01/09/2024 00:00
C001307;Tesko DE #1307;Retail;L;01/11/2024 00:00
C001308;Sparr DE #1308;Retail;M;01/06/2024 00:00
C001309;Edekae DE #1309;Retail;M;01/04/2024 00:00
C001310;Rewee DE #1310;Retail;L;01/03/2024 00:00
C001311;Rewee DE #1311;Retail;L;01/02/2024 00:00
C001312;Sparr DE #1312;Retail;S;01/11/2024 00:00
C001313;Auchon DE #1313;Retail;M;01/05/2024 00:00
C001314;Auchon DE #1314;Retail;M;01/04/2024 00:00
C001315;Intermarche DE #1315;Retail;L;01/02/2024 00:00
C001316;Sparr DE #1316;Retail;M;01/08/2024 00:00
C001317;Sparr DE #1317;Retail;M;01/06/2024 00:00
C001318;Sparr DE #1318;Retail;L;01/06/2024 00:00
C001319;Edekae DE #1319;Retail;M;01/02/2024 00:00
C001320;Carrefouk DE #1320;Retail;S;01/05/2024 00:00
C001321;Rewee DE #1321;Retail;L;01/01/2024 00:00
C001322;Aldii DE #1322;Retail;L;01/09/2024 00:00
C001323;Sparr DE #1323;Retail;L;01/09/2024 00:00
C001324;Intermarche DE #1324;Retail;L;01/07/2024 00:00
C001325;Intersportt DE #1325;Retail Sport;L;01/04/2024 00:00
C001326;AthletiX DE #1326;Retail Sport;M;01/02/2024 00:00
C001327;AthletiX DE #1327;Retail Sport;M;01/06/2024 00:00
C001328;Decatlon DE #1328;Retail Sport;L;01/06/2024 00:00
C001329;SportDirekt DE #1329;Retail Sport;L;01/08/2024 00:00
C001330;Decathlonn DE #1330;Retail Sport;L;01/09/2024 00:00
C001331;AthletiX DE #1331;Retail Sport;L;01/09/2024 00:00
C001332;FitZone DE #1332;Retail Sport;S;01/12/2024 00:00
C001333;Decatlon DE #1333;Retail Sport;L;01/06/2024 00:00
C001334;FitZone DE #1334;Retail Sport;M;01/10/2024 00:00
C001335;Decatlon DE #1335;Retail Sport;M;01/01/2024 00:00
C001336;AthletiX DE #1336;Retail Sport;M;01/10/2024 00:00
C001337;SportDirekt DE #1337;Retail Sport;M;01/04/2024 00:00
C001338;PrimeFuel GR Online #1338;E-commerce;M;01/10/2024 00:00
C001339;PrimeFuel GR Online #1339;E-commerce;S;01/05/2024 00:00
C001340;WellKart GR Online #1340;E-commerce;S;01/10/2024 00:00
C001341;FitNest GR Online #1341;E-commerce;L;01/06/2024 00:00
C001342;PulseMarket GR Online #1342;E-commerce;M;01/08/2024 00:00
C001343;NutriHub GR Online #1343;E-commerce;S;01/09/2024 00:00
C001344;PrimeFuel GR Online #1344;E-commerce;S;01/01/2024 00:00
C001345;NutriHub GR Online #1345;E-commerce;S;01/04/2024 00:00
C001346;VitaBox GR Online #1346;E-commerce;S;01/10/2024 00:00
C001347;VitaBox GR Online #1347;E-commerce;S;01/07/2024 00:00
C001348;PrimeFuel GR Online #1348;E-commerce;S;01/07/2024 00:00
C001349;NutriHub GR Online #1349;E-commerce;S;01/05/2024 00:00
C001350;NutriHub GR Online #1350;E-commerce;S;01/02/2024 00:00
C001351;ZenBasket GR Online #1351;E-commerce;M;01/04/2024 00:00
C001352;VitaBox GR Online #1352;E-commerce;M;01/06/2024 00:00
C001353;FitNest GR Online #1353;E-commerce;M;01/06/2024 00:00
C001354;PulseMarket GR Online #1354;E-commerce;M;01/03/2024 00:00
C001355;EuroPharmx GR #1355;Pharmacy;S;01/05/2024 00:00
C001356;NutriPharm GR #1356;Pharmacy;M;01/05/2024 00:00
C001357;PharmaPluz GR #1357;Pharmacy;M;01/08/2024 00:00
C001358;PharmaPluz GR #1358;Pharmacy;M;01/07/2024 00:00
C001359;CarePharm GR #1359;Pharmacy;M;01/02/2024 00:00
C001360;CarePharm GR #1360;Pharmacy;M;01/03/2024 00:00
C001361;HealthPoint GR #1361;Pharmacy;M;01/11/2024 00:00
C001362;NutriPharm GR #1362;Pharmacy;S;01/01/2024 00:00
C001363;Lidll GR #1363;Retail;M;01/10/2024 00:00
C001364;Rewee GR #1364;Retail;L;01/01/2024 00:00
C001365;Edekae GR #1365;Retail;M;01/07/2024 00:00
C001366;Intermarche GR #1366;Retail;M;01/11/2024 00:00
C001367;Tesko GR #1367;Retail;M;01/03/2024 00:00
C001368;Intersportt GR #1368;Retail Sport;L;01/02/2024 00:00
C001369;FitZone GR #1369;Retail Sport;M;01/11/2024 00:00
C001370;Intersportt GR #1370;Retail Sport;M;01/03/2024 00:00
C001371;FitZone GR #1371;Retail Sport;M;01/08/2024 00:00
C001372;AthletiX GR #1372;Retail Sport;L;01/07/2024 00:00
C001373;NutriHub HU Online #1373;E-commerce;S;01/08/2024 00:00
C001374;PrimeFuel HU Online #1374;E-commerce;S;01/12/2024 00:00
C001375;NutriHub HU Online #1375;E-commerce;M;01/02/2024 00:00
C001376;PrimeFuel HU Online #1376;E-commerce;S;01/11/2024 00:00
C001377;NutriHub HU Online #1377;E-commerce;S;01/12/2024 00:00
C001378;NutriHub HU Online #1378;E-commerce;S;01/07/2024 00:00
C001379;VitaBox HU Online #1379;E-commerce;M;01/12/2024 00:00
C001380;NutriHub HU Online #1380;E-commerce;S;01/04/2024 00:00
C001381;PharmaPluz HU #1381;Pharmacy;L;01/07/2024 00:00
C001382;HealthPoint HU #1382;Pharmacy;M;01/09/2024 00:00
C001383;VitaCare HU #1383;Pharmacy;M;01/02/2024 00:00
C001384;VitaCare HU #1384;Pharmacy;M;01/05/2024 00:00
C001385;MediKore HU #1385;Pharmacy;S;01/07/2024 00:00
C001386;PharmaPluz HU #1386;Pharmacy;L;01/07/2024 00:00
C001387;Sparr HU #1387;Retail;L;01/04/2024 00:00
C001388;Edekae HU #1388;Retail;M;01/08/2024 00:00
C001389;Sparr HU #1389;Retail;M;01/12/2024 00:00
C001390;Sparr HU #1390;Retail;M;01/09/2024 00:00
C001391;Edekae HU #1391;Retail;L;01/02/2024 00:00
C001392;Rewee HU #1392;Retail;S;01/12/2024 00:00
C001393;Aldii HU #1393;Retail;M;01/10/2024 00:00
C001394;Intermarche HU #1394;Retail;S;01/04/2024 00:00
C001395;Carrefouk HU #1395;Retail;S;01/06/2024 00:00
C001396;Aldii HU #1396;Retail;L;01/11/2024 00:00
C001397;Intermarche HU #1397;Retail;M;01/07/2024 00:00
C001398;Rewee HU #1398;Retail;M;01/11/2024 00:00
C001399;Sparr HU #1399;Retail;M;01/08/2024 00:00
C001400;Edekae HU #1400;Retail;S;01/06/2024 00:00
C001401;Aldii HU #1401;Retail;L;01/08/2024 00:00
C001402;AthletiX HU #1402;Retail Sport;M;01/07/2024 00:00
C001403;SportDirekt HU #1403;Retail Sport;L;01/02/2024 00:00
C001404;AthletiX HU #1404;Retail Sport;M;01/08/2024 00:00
C001405;Decathlonn HU #1405;Retail Sport;L;01/11/2024 00:00
C001406;SportDirekt HU #1406;Retail Sport;M;01/06/2024 00:00
C001407;AthletiX HU #1407;Retail Sport;L;01/07/2024 00:00
C001408;FitNest IE Online #1408;E-commerce;L;01/05/2024 00:00
C001409;NutriHub IE Online #1409;E-commerce;M;01/05/2024 00:00
C001410;ZenBasket IE Online #1410;E-commerce;L;01/04/2024 00:00
C001411;WellKart IE Online #1411;E-commerce;S;01/07/2024 00:00
C001412;NutriHub IE Online #1412;E-commerce;M;01/09/2024 00:00
C001413;PulseMarket IE Online #1413;E-commerce;S;01/07/2024 00:00
C001414;CarePharm IE #1414;Pharmacy;L;01/08/2024 00:00
C001415;MediKore IE #1415;Pharmacy;S;01/08/2024 00:00
C001416;PharmaPluz IE #1416;Pharmacy;M;01/04/2024 00:00
C001417;VitaCare IE #1417;Pharmacy;S;01/10/2024 00:00
C001418;PharmaPluz IE #1418;Pharmacy;M;01/11/2024 00:00
C001419;Auchon IE #1419;Retail;M;01/09/2024 00:00
C001420;Aldii IE #1420;Retail;M;01/01/2024 00:00
C001421;Intermarche IE #1421;Retail;L;01/10/2024 00:00
C001422;Aldii IE #1422;Retail;M;01/09/2024 00:00
C001423;Edekae IE #1423;Retail;L;01/06/2024 00:00
C001424;Edekae IE #1424;Retail;M;01/03/2024 00:00
C001425;Edekae IE #1425;Retail;M;01/06/2024 00:00
C001426;Auchon IE #1426;Retail;S;01/02/2024 00:00
C001427;Lidll IE #1427;Retail;L;01/03/2024 00:00
C001428;Lidll IE #1428;Retail;M;01/04/2024 00:00
C001429;Rewee IE #1429;Retail;L;01/12/2024 00:00
C001430;Intermarche IE #1430;Retail;M;01/02/2024 00:00
C001431;Aldii IE #1431;Retail;M;01/04/2024 00:00
C001432;Aldii IE #1432;Retail;M;01/06/2024 00:00
C001433;Intermarche IE #1433;Retail;M;01/06/2024 00:00
C001434;Tesko IE #1434;Retail;M;01/12/2024 00:00
C001435;Auchon IE #1435;Retail;M;01/10/2024 00:00
C001436;Intersportt IE #1436;Retail Sport;S;01/12/2024 00:00
C001437;SportDirekt IE #1437;Retail Sport;L;01/02/2024 00:00
C001438;Decathlonn IE #1438;Retail Sport;M;01/06/2024 00:00
C001439;Decatlon IE #1439;Retail Sport;M;01/03/2024 00:00
C001440;ProSport IE #1440;Retail Sport;M;01/05/2024 00:00
C001441;AthletiX IE #1441;Retail Sport;L;01/05/2024 00:00
C001442;SportDirekt IE #1442;Retail Sport;M;01/05/2024 00:00
C001443;PulseMarket IT Online #1443;E-commerce;M;01/05/2024 00:00
C001444;GymMart IT Online #1444;E-commerce;S;01/02/2024 00:00
C001445;VitaBox IT Online #1445;E-commerce;S;01/01/2024 00:00
C001446;VitaBox IT Online #1446;E-commerce;S;01/05/2024 00:00
C001447;PulseMarket IT Online #1447;E-commerce;M;01/07/2024 00:00
C001448;PulseMarket IT Online #1448;E-commerce;S;01/09/2024 00:00
C001449;PulseMarket IT Online #1449;E-commerce;M;01/10/2024 00:00
C001450;NutriHub IT Online #1450;E-commerce;S;01/09/2024 00:00
C001451;PulseMarket IT Online #1451;E-commerce;M;01/09/2024 00:00
C001452;VitaBox IT Online #1452;E-commerce;S;01/05/2024 00:00
C001453;FitNest IT Online #1453;E-commerce;M;01/07/2024 00:00
C001454;PrimeFuel IT Online #1454;E-commerce;M;01/11/2024 00:00
C001455;WellKart IT Online #1455;E-commerce;S;01/08/2024 00:00
C001456;GymMart IT Online #1456;E-commerce;M;01/11/2024 00:00
C001457;PrimeFuel IT Online #1457;E-commerce;M;01/06/2024 00:00
C001458;WellKart IT Online #1458;E-commerce;S;01/11/2024 00:00
C001459;VitaBox IT Online #1459;E-commerce;S;01/10/2024 00:00
C001460;PrimeFuel IT Online #1460;E-commerce;S;01/04/2024 00:00
C001461;NutriHub IT Online #1461;E-commerce;L;01/09/2024 00:00
C001462;NutriHub IT Online #1462;E-commerce;M;01/10/2024 00:00
C001463;NutriHub IT Online #1463;E-commerce;S;01/05/2024 00:00
C001464;FitNest IT Online #1464;E-commerce;S;01/02/2024 00:00
C001465;NutriHub IT Online #1465;E-commerce;S;01/04/2024 00:00
C001466;PrimeFuel IT Online #1466;E-commerce;M;01/05/2024 00:00
C001467;PrimeFuel IT Online #1467;E-commerce;M;01/03/2024 00:00
C001468;FitNest IT Online #1468;E-commerce;M;01/11/2024 00:00
C001469;NutriHub IT Online #1469;E-commerce;M;01/03/2024 00:00
C001470;FitNest IT Online #1470;E-commerce;S;01/07/2024 00:00
C001471;PulseMarket IT Online #1471;E-commerce;M;01/11/2024 00:00
C001472;NutriHub IT Online #1472;E-commerce;S;01/07/2024 00:00
C001473;CarePharm IT #1473;Pharmacy;M;01/11/2024 00:00
C001474;VitaCare IT #1474;Pharmacy;M;01/02/2024 00:00
C001475;CarePharm IT #1475;Pharmacy;S;01/12/2024 00:00
C001476;HealthPoint IT #1476;Pharmacy;L;01/10/2024 00:00
C001477;MediKore IT #1477;Pharmacy;M;01/04/2024 00:00
C001478;NutriPharm IT #1478;Pharmacy;S;01/02/2024 00:00
C001479;MediKore IT #1479;Pharmacy;L;01/03/2024 00:00
C001480;MediKore IT #1480;Pharmacy;M;01/04/2024 00:00
C001481;PharmaPluz IT #1481;Pharmacy;M;01/12/2024 00:00
C001482;MediKore IT #1482;Pharmacy;S;01/01/2024 00:00
C001483;CarePharm IT #1483;Pharmacy;M;01/09/2024 00:00
C001484;PharmaPluz IT #1484;Pharmacy;S;01/03/2024 00:00
C001485;HealthPoint IT #1485;Pharmacy;S;01/05/2024 00:00
C001486;HealthPoint IT #1486;Pharmacy;S;01/04/2024 00:00
C001487;NutriPharm IT #1487;Pharmacy;S;01/05/2024 00:00
C001488;Aldii IT #1488;Retail;L;01/09/2024 00:00
C001489;Aldii IT #1489;Retail;S;01/07/2024 00:00
C001490;Carrefouk IT #1490;Retail;L;01/10/2024 00:00
C001491;Edekae IT #1491;Retail;M;01/10/2024 00:00
C001492;Intermarche IT #1492;Retail;L;01/03/2024 00:00
C001493;Tesko IT #1493;Retail;L;01/09/2024 00:00
C001494;Aldii IT #1494;Retail;L;01/01/2024 00:00
C001495;Tesko IT #1495;Retail;M;01/02/2024 00:00
C001496;Auchon IT #1496;Retail;L;01/05/2024 00:00
C001497;Decatlon IT #1497;Retail Sport;M;01/07/2024 00:00
C001498;Decatlon IT #1498;Retail Sport;M;01/03/2024 00:00
C001499;Intersportt IT #1499;Retail Sport;L;01/03/2024 00:00
C001500;AthletiX IT #1500;Retail Sport;L;01/10/2024 00:00
C001501;ProSport IT #1501;Retail Sport;M;01/10/2024 00:00
C001502;Intersportt IT #1502;Retail Sport;L;01/11/2024 00:00
C001503;Intersportt IT #1503;Retail Sport;S;01/02/2024 00:00
C001504;Decatlon IT #1504;Retail Sport;L;01/06/2024 00:00
C001505;NutriHub LV Online #1505;E-commerce;S;01/04/2024 00:00
C001506;ZenBasket LV Online #1506;E-commerce;M;01/04/2024 00:00
C001507;ZenBasket LV Online #1507;E-commerce;M;01/06/2024 00:00
C001508;PrimeFuel LV Online #1508;E-commerce;M;01/04/2024 00:00
C001509;PrimeFuel LV Online #1509;E-commerce;S;01/07/2024 00:00
C001510;FitNest LV Online #1510;E-commerce;S;01/04/2024 00:00
C001511;HealthPoint LV #1511;Pharmacy;L;01/01/2024 00:00
C001512;CarePharm LV #1512;Pharmacy;S;01/06/2024 00:00
C001513;CarePharm LV #1513;Pharmacy;M;01/12/2024 00:00
C001514;HealthPoint LV #1514;Pharmacy;M;01/09/2024 00:00
C001515;NutriPharm LV #1515;Pharmacy;S;01/06/2024 00:00
C001516;Edekae LV #1516;Retail;L;01/11/2024 00:00
C001517;Lidll LV #1517;Retail;L;01/07/2024 00:00
C001518;Aldii LV #1518;Retail;M;01/04/2024 00:00
C001519;Aldii LV #1519;Retail;L;01/04/2024 00:00
C001520;Auchon LV #1520;Retail;S;01/08/2024 00:00
C001521;Edekae LV #1521;Retail;L;01/04/2024 00:00
C001522;Intermarche LV #1522;Retail;L;01/03/2024 00:00
C001523;Lidll LV #1523;Retail;M;01/11/2024 00:00
C001524;Auchon LV #1524;Retail;S;01/10/2024 00:00
C001525;Rewee LV #1525;Retail;S;01/10/2024 00:00
C001526;Auchon LV #1526;Retail;M;01/10/2024 00:00
C001527;Carrefouk LV #1527;Retail;L;01/03/2024 00:00
C001528;Auchon LV #1528;Retail;M;01/04/2024 00:00
C001529;Tesko LV #1529;Retail;M;01/05/2024 00:00
C001530;Rewee LV #1530;Retail;S;01/06/2024 00:00
C001531;Lidll LV #1531;Retail;L;01/11/2024 00:00
C001532;Carrefouk LV #1532;Retail;M;01/04/2024 00:00
C001533;ProSport LV #1533;Retail Sport;L;01/02/2024 00:00
C001534;Decatlon LV #1534;Retail Sport;M;01/11/2024 00:00
C001535;Intersportt LV #1535;Retail Sport;L;01/09/2024 00:00
C001536;Decathlonn LV #1536;Retail Sport;S;01/08/2024 00:00
C001537;Decathlonn LV #1537;Retail Sport;M;01/01/2024 00:00
C001538;FitZone LV #1538;Retail Sport;L;01/09/2024 00:00
C001539;Decathlonn LV #1539;Retail Sport;S;01/06/2024 00:00
C001540;PrimeFuel LT Online #1540;E-commerce;M;01/02/2024 00:00
C001541;NutriHub LT Online #1541;E-commerce;M;01/07/2024 00:00
C001542;PulseMarket LT Online #1542;E-commerce;S;01/07/2024 00:00
C001543;WellKart LT Online #1543;E-commerce;S;01/06/2024 00:00
C001544;WellKart LT Online #1544;E-commerce;M;01/07/2024 00:00
C001545;VitaBox LT Online #1545;E-commerce;S;01/09/2024 00:00
C001546;CarePharm LT #1546;Pharmacy;M;01/12/2024 00:00
C001547;PharmaPluz LT #1547;Pharmacy;S;01/08/2024 00:00
C001548;EuroPharmx LT #1548;Pharmacy;M;01/01/2024 00:00
C001549;PharmaPluz LT #1549;Pharmacy;S;01/08/2024 00:00
C001550;PharmaPluz LT #1550;Pharmacy;M;01/07/2024 00:00
C001551;Tesko LT #1551;Retail;M;01/07/2024 00:00
C001552;Aldii LT #1552;Retail;M;01/03/2024 00:00
C001553;Tesko LT #1553;Retail;S;01/04/2024 00:00
C001554;Aldii LT #1554;Retail;M;01/08/2024 00:00
C001555;Lidll LT #1555;Retail;L;01/06/2024 00:00
C001556;Intermarche LT #1556;Retail;M;01/03/2024 00:00
C001557;Aldii LT #1557;Retail;L;01/03/2024 00:00
C001558;Intermarche LT #1558;Retail;M;01/01/2024 00:00
C001559;Lidll LT #1559;Retail;M;01/04/2024 00:00
C001560;Aldii LT #1560;Retail;M;01/12/2024 00:00
C001561;Lidll LT #1561;Retail;M;01/12/2024 00:00
C001562;Edekae LT #1562;Retail;L;01/06/2024 00:00
C001563;Intermarche LT #1563;Retail;S;01/12/2024 00:00
C001564;Tesko LT #1564;Retail;L;01/05/2024 00:00
C001565;Aldii LT #1565;Retail;L;01/02/2024 00:00
C001566;Aldii LT #1566;Retail;L;01/12/2024 00:00
C001567;Intermarche LT #1567;Retail;M;01/11/2024 00:00
C001568;Decatlon LT #1568;Retail Sport;M;01/02/2024 00:00
C001569;SportDirekt LT #1569;Retail Sport;L;01/06/2024 00:00
C001570;Decathlonn LT #1570;Retail Sport;L;01/10/2024 00:00
C001571;Decatlon LT #1571;Retail Sport;L;01/05/2024 00:00
C001572;ProSport LT #1572;Retail Sport;M;01/09/2024 00:00
C001573;ProSport LT #1573;Retail Sport;S;01/10/2024 00:00
C001574;FitZone LT #1574;Retail Sport;L;01/09/2024 00:00
C001575;VitaBox LU Online #1575;E-commerce;S;01/02/2024 00:00
C001576;NutriHub LU Online #1576;E-commerce;L;01/11/2024 00:00
C001577;WellKart LU Online #1577;E-commerce;S;01/01/2024 00:00
C001578;NutriHub LU Online #1578;E-commerce;M;01/05/2024 00:00
C001579;PulseMarket LU Online #1579;E-commerce;S;01/03/2024 00:00
C001580;PrimeFuel LU Online #1580;E-commerce;M;01/11/2024 00:00
C001581;CarePharm LU #1581;Pharmacy;L;01/02/2024 00:00
C001582;HealthPoint LU #1582;Pharmacy;M;01/08/2024 00:00
C001583;EuroPharmx LU #1583;Pharmacy;S;01/10/2024 00:00
C001584;MediKore LU #1584;Pharmacy;L;01/06/2024 00:00
C001585;CarePharm LU #1585;Pharmacy;S;01/08/2024 00:00
C001586;Edekae LU #1586;Retail;L;01/01/2024 00:00
C001587;Lidll LU #1587;Retail;L;01/03/2024 00:00
C001588;Edekae LU #1588;Retail;L;01/11/2024 00:00
C001589;Carrefouk LU #1589;Retail;L;01/08/2024 00:00
C001590;Sparr LU #1590;Retail;L;01/09/2024 00:00
C001591;Carrefouk LU #1591;Retail;M;01/05/2024 00:00
C001592;Aldii LU #1592;Retail;M;01/01/2024 00:00
C001593;Aldii LU #1593;Retail;L;01/07/2024 00:00
C001594;Lidll LU #1594;Retail;M;01/01/2024 00:00
C001595;Carrefouk LU #1595;Retail;L;01/04/2024 00:00
C001596;Sparr LU #1596;Retail;S;01/08/2024 00:00
C001597;Tesko LU #1597;Retail;M;01/08/2024 00:00
C001598;Carrefouk LU #1598;Retail;M;01/03/2024 00:00
C001599;Intermarche LU #1599;Retail;M;01/01/2024 00:00
C001600;Aldii LU #1600;Retail;M;01/05/2024 00:00
C001601;Carrefouk LU #1601;Retail;S;01/06/2024 00:00
C001602;Auchon LU #1602;Retail;M;01/10/2024 00:00
C001603;ProSport LU #1603;Retail Sport;L;01/06/2024 00:00
C001604;AthletiX LU #1604;Retail Sport;L;01/08/2024 00:00
C001605;SportDirekt LU #1605;Retail Sport;L;01/10/2024 00:00
C001606;AthletiX LU #1606;Retail Sport;S;01/06/2024 00:00
C001607;Decathlonn LU #1607;Retail Sport;M;01/06/2024 00:00
C001608;Decathlonn LU #1608;Retail Sport;L;01/10/2024 00:00
C001609;ProSport LU #1609;Retail Sport;M;01/10/2024 00:00
C001610;ZenBasket MT Online #1610;E-commerce;S;01/07/2024 00:00
C001611;GymMart MT Online #1611;E-commerce;S;01/05/2024 00:00
C001612;PrimeFuel MT Online #1612;E-commerce;M;01/08/2024 00:00
C001613;WellKart MT Online #1613;E-commerce;S;01/11/2024 00:00
C001614;PulseMarket MT Online #1614;E-commerce;S;01/08/2024 00:00
C001615;VitaBox MT Online #1615;E-commerce;S;01/03/2024 00:00
C001616;PrimeFuel MT Online #1616;E-commerce;L;01/04/2024 00:00
C001617;ZenBasket MT Online #1617;E-commerce;L;01/03/2024 00:00
C001618;PrimeFuel MT Online #1618;E-commerce;S;01/05/2024 00:00
C001619;NutriHub MT Online #1619;E-commerce;S;01/11/2024 00:00
C001620;FitNest MT Online #1620;E-commerce;L;01/06/2024 00:00
C001621;GymMart MT Online #1621;E-commerce;M;01/09/2024 00:00
C001622;NutriHub MT Online #1622;E-commerce;M;01/08/2024 00:00
C001623;ZenBasket MT Online #1623;E-commerce;M;01/11/2024 00:00
C001624;FitNest MT Online #1624;E-commerce;M;01/11/2024 00:00
C001625;GymMart MT Online #1625;E-commerce;S;01/07/2024 00:00
C001626;VitaBox MT Online #1626;E-commerce;M;01/08/2024 00:00
C001627;CarePharm MT #1627;Pharmacy;M;01/11/2024 00:00
C001628;CarePharm MT #1628;Pharmacy;M;01/08/2024 00:00
C001629;PharmaPluz MT #1629;Pharmacy;S;01/02/2024 00:00
C001630;HealthPoint MT #1630;Pharmacy;L;01/08/2024 00:00
C001631;NutriPharm MT #1631;Pharmacy;S;01/08/2024 00:00
C001632;PharmaPluz MT #1632;Pharmacy;S;01/11/2024 00:00
C001633;VitaCare MT #1633;Pharmacy;S;01/01/2024 00:00
C001634;HealthPoint MT #1634;Pharmacy;M;01/09/2024 00:00
C001635;Edekae MT #1635;Retail;L;01/01/2024 00:00
C001636;Tesko MT #1636;Retail;S;01/05/2024 00:00
C001637;Carrefouk MT #1637;Retail;L;01/04/2024 00:00
C001638;Sparr MT #1638;Retail;L;01/01/2024 00:00
C001639;Auchon MT #1639;Retail;L;01/04/2024 00:00
C001640;AthletiX MT #1640;Retail Sport;L;01/09/2024 00:00
C001641;Decatlon MT #1641;Retail Sport;L;01/07/2024 00:00
C001642;SportDirekt MT #1642;Retail Sport;M;01/09/2024 00:00
C001643;Decatlon MT #1643;Retail Sport;L;01/02/2024 00:00
C001644;FitZone MT #1644;Retail Sport;L;01/08/2024 00:00
C001645;PulseMarket NL Online #1645;E-commerce;S;01/05/2024 00:00
C001646;PrimeFuel NL Online #1646;E-commerce;S;01/11/2024 00:00
C001647;PrimeFuel NL Online #1647;E-commerce;M;01/04/2024 00:00
C001648;WellKart NL Online #1648;E-commerce;M;01/12/2024 00:00
C001649;GymMart NL Online #1649;E-commerce;S;01/05/2024 00:00
C001650;PulseMarket NL Online #1650;E-commerce;S;01/11/2024 00:00
C001651;WellKart NL Online #1651;E-commerce;S;01/12/2024 00:00
C001652;NutriPharm NL #1652;Pharmacy;S;01/05/2024 00:00
C001653;EuroPharmx NL #1653;Pharmacy;S;01/05/2024 00:00
C001654;EuroPharmx NL #1654;Pharmacy;L;01/03/2024 00:00
C001655;PharmaPluz NL #1655;Pharmacy;L;01/08/2024 00:00
C001656;HealthPoint NL #1656;Pharmacy;S;01/12/2024 00:00
C001657;VitaCare NL #1657;Pharmacy;M;01/01/2024 00:00
C001658;Carrefouk NL #1658;Retail;M;01/09/2024 00:00
C001659;Intermarche NL #1659;Retail;L;01/08/2024 00:00
C001660;Sparr NL #1660;Retail;M;01/11/2024 00:00
C001661;Tesko NL #1661;Retail;M;01/11/2024 00:00
C001662;Aldii NL #1662;Retail;M;01/02/2024 00:00
C001663;Auchon NL #1663;Retail;L;01/05/2024 00:00
C001664;Sparr NL #1664;Retail;M;01/05/2024 00:00
C001665;Auchon NL #1665;Retail;M;01/03/2024 00:00
C001666;Auchon NL #1666;Retail;M;01/12/2024 00:00
C001667;Aldii NL #1667;Retail;L;01/12/2024 00:00
C001668;Carrefouk NL #1668;Retail;M;01/07/2024 00:00
C001669;Sparr NL #1669;Retail;M;01/07/2024 00:00
C001670;Carrefouk NL #1670;Retail;M;01/10/2024 00:00
C001671;Auchon NL #1671;Retail;L;01/08/2024 00:00
C001672;Edekae NL #1672;Retail;M;01/04/2024 00:00
C001673;Sparr NL #1673;Retail;M;01/12/2024 00:00
C001674;Intermarche NL #1674;Retail;M;01/01/2024 00:00
C001675;Carrefouk NL #1675;Retail;M;01/03/2024 00:00
C001676;Edekae NL #1676;Retail;S;01/04/2024 00:00
C001677;Lidll NL #1677;Retail;L;01/11/2024 00:00
C001678;Tesko NL #1678;Retail;S;01/12/2024 00:00
C001679;Decathlonn NL #1679;Retail Sport;M;01/09/2024 00:00
C001680;FitZone NL #1680;Retail Sport;S;01/06/2024 00:00
C001681;FitZone NL #1681;Retail Sport;L;01/05/2024 00:00
C001682;AthletiX NL #1682;Retail Sport;M;01/03/2024 00:00
C001683;Decatlon NL #1683;Retail Sport;L;01/11/2024 00:00
C001684;SportDirekt NL #1684;Retail Sport;M;01/11/2024 00:00
C001685;Intersportt NL #1685;Retail Sport;L;01/02/2024 00:00
C001686;SportDirekt NL #1686;Retail Sport;M;01/06/2024 00:00
C001687;Decatlon NL #1687;Retail Sport;L;01/01/2024 00:00
C001688;VitaBox PL Online #1688;E-commerce;L;01/09/2024 00:00
C001689;VitaBox PL Online #1689;E-commerce;S;01/08/2024 00:00
C001690;FitNest PL Online #1690;E-commerce;S;01/06/2024 00:00
C001691;NutriHub PL Online #1691;E-commerce;M;01/05/2024 00:00
C001692;WellKart PL Online #1692;E-commerce;M;01/09/2024 00:00
C001693;GymMart PL Online #1693;E-commerce;S;01/02/2024 00:00
C001694;FitNest PL Online #1694;E-commerce;M;01/02/2024 00:00
C001695;FitNest PL Online #1695;E-commerce;S;01/08/2024 00:00
C001696;WellKart PL Online #1696;E-commerce;S;01/05/2024 00:00
C001697;WellKart PL Online #1697;E-commerce;M;01/10/2024 00:00
C001698;HealthPoint PL #1698;Pharmacy;S;01/04/2024 00:00
C001699;MediKore PL #1699;Pharmacy;L;01/06/2024 00:00
C001700;MediKore PL #1700;Pharmacy;S;01/02/2024 00:00
C001701;HealthPoint PL #1701;Pharmacy;M;01/01/2024 00:00
C001702;HealthPoint PL #1702;Pharmacy;S;01/05/2024 00:00
C001703;CarePharm PL #1703;Pharmacy;L;01/11/2024 00:00
C001704;CarePharm PL #1704;Pharmacy;S;01/07/2024 00:00
C001705;VitaCare PL #1705;Pharmacy;S;01/07/2024 00:00
C001706;Lidll PL #1706;Retail;M;01/08/2024 00:00
C001707;Tesko PL #1707;Retail;M;01/02/2024 00:00
C001708;Sparr PL #1708;Retail;M;01/07/2024 00:00
C001709;Edekae PL #1709;Retail;L;01/11/2024 00:00
C001710;Sparr PL #1710;Retail;L;01/11/2024 00:00
C001711;Rewee PL #1711;Retail;M;01/11/2024 00:00
C001712;Rewee PL #1712;Retail;M;01/05/2024 00:00
C001713;Rewee PL #1713;Retail;S;01/07/2024 00:00
C001714;Carrefouk PL #1714;Retail;L;01/09/2024 00:00
C001715;Tesko PL #1715;Retail;L;01/04/2024 00:00
C001716;Aldii PL #1716;Retail;L;01/01/2024 00:00
C001717;Aldii PL #1717;Retail;L;01/03/2024 00:00
C001718;Rewee PL #1718;Retail;M;01/05/2024 00:00
C001719;Intermarche PL #1719;Retail;M;01/05/2024 00:00
C001720;Carrefouk PL #1720;Retail;L;01/12/2024 00:00
C001721;Carrefouk PL #1721;Retail;L;01/08/2024 00:00
C001722;Carrefouk PL #1722;Retail;L;01/07/2024 00:00
C001723;Tesko PL #1723;Retail;M;01/08/2024 00:00
C001724;Decathlonn PL #1724;Retail Sport;L;01/05/2024 00:00
C001725;Decatlon PL #1725;Retail Sport;M;01/09/2024 00:00
C001726;Decatlon PL #1726;Retail Sport;L;01/01/2024 00:00
C001727;SportDirekt PL #1727;Retail Sport;L;01/08/2024 00:00
C001728;AthletiX PL #1728;Retail Sport;L;01/10/2024 00:00
C001729;FitZone PL #1729;Retail Sport;L;01/03/2024 00:00
C001730;FitZone PL #1730;Retail Sport;L;01/08/2024 00:00
C001731;ProSport PL #1731;Retail Sport;L;01/12/2024 00:00
C001732;WellKart PT Online #1732;E-commerce;S;01/07/2024 00:00
C001733;WellKart PT Online #1733;E-commerce;S;01/11/2024 00:00
C001734;ZenBasket PT Online #1734;E-commerce;S;01/01/2024 00:00
C001735;NutriHub PT Online #1735;E-commerce;S;01/12/2024 00:00
C001736;PulseMarket PT Online #1736;E-commerce;S;01/04/2024 00:00
C001737;FitNest PT Online #1737;E-commerce;M;01/10/2024 00:00
C001738;GymMart PT Online #1738;E-commerce;M;01/07/2024 00:00
C001739;FitNest PT Online #1739;E-commerce;S;01/07/2024 00:00
C001740;NutriHub PT Online #1740;E-commerce;S;01/12/2024 00:00
C001741;ZenBasket PT Online #1741;E-commerce;M;01/12/2024 00:00
C001742;GymMart PT Online #1742;E-commerce;S;01/10/2024 00:00
C001743;NutriHub PT Online #1743;E-commerce;S;01/04/2024 00:00
C001744;WellKart PT Online #1744;E-commerce;S;01/12/2024 00:00
C001745;GymMart PT Online #1745;E-commerce;S;01/10/2024 00:00
C001746;PrimeFuel PT Online #1746;E-commerce;M;01/11/2024 00:00
C001747;NutriHub PT Online #1747;E-commerce;M;01/06/2024 00:00
C001748;VitaBox PT Online #1748;E-commerce;S;01/01/2024 00:00
C001749;WellKart PT Online #1749;E-commerce;S;01/12/2024 00:00
C001750;ZenBasket PT Online #1750;E-commerce;M;01/12/2024 00:00
C001751;ZenBasket PT Online #1751;E-commerce;M;01/04/2024 00:00
C001752;VitaBox PT Online #1752;E-commerce;S;01/01/2024 00:00
C001753;NutriHub PT Online #1753;E-commerce;M;01/12/2024 00:00
C001754;VitaBox PT Online #1754;E-commerce;S;01/08/2024 00:00
C001755;VitaCare PT #1755;Pharmacy;L;01/06/2024 00:00
C001756;NutriPharm PT #1756;Pharmacy;S;01/07/2024 00:00
C001757;VitaCare PT #1757;Pharmacy;S;01/08/2024 00:00
C001758;MediKore PT #1758;Pharmacy;L;01/06/2024 00:00
C001759;VitaCare PT #1759;Pharmacy;S;01/10/2024 00:00
C001760;PharmaPluz PT #1760;Pharmacy;L;01/07/2024 00:00
C001761;EuroPharmx PT #1761;Pharmacy;M;01/05/2024 00:00
C001762;CarePharm PT #1762;Pharmacy;M;01/02/2024 00:00
C001763;MediKore PT #1763;Pharmacy;L;01/12/2024 00:00
C001764;MediKore PT #1764;Pharmacy;S;01/11/2024 00:00
C001765;Rewee PT #1765;Retail;M;01/08/2024 00:00
C001766;Sparr PT #1766;Retail;L;01/11/2024 00:00
C001767;Rewee PT #1767;Retail;M;01/07/2024 00:00
C001768;Tesko PT #1768;Retail;M;01/12/2024 00:00
C001769;Lidll PT #1769;Retail;L;01/05/2024 00:00
C001770;Lidll PT #1770;Retail;L;01/12/2024 00:00
C001771;ProSport PT #1771;Retail Sport;L;01/10/2024 00:00
C001772;AthletiX PT #1772;Retail Sport;L;01/11/2024 00:00
C001773;FitZone PT #1773;Retail Sport;M;01/07/2024 00:00
C001774;Decathlonn PT #1774;Retail Sport;L;01/11/2024 00:00
C001775;SportDirekt PT #1775;Retail Sport;L;01/04/2024 00:00
C001776;ProSport PT #1776;Retail Sport;L;01/02/2024 00:00
C001777;PrimeFuel RO Online #1777;E-commerce;S;01/10/2024 00:00
C001778;ZenBasket RO Online #1778;E-commerce;S;01/01/2024 00:00
C001779;ZenBasket RO Online #1779;E-commerce;S;01/06/2024 00:00
C001780;ZenBasket RO Online #1780;E-commerce;S;01/05/2024 00:00
C001781;NutriHub RO Online #1781;E-commerce;M;01/10/2024 00:00
C001782;ZenBasket RO Online #1782;E-commerce;S;01/04/2024 00:00
C001783;ZenBasket RO Online #1783;E-commerce;L;01/05/2024 00:00
C001784;WellKart RO Online #1784;E-commerce;S;01/12/2024 00:00
C001785;MediKore RO #1785;Pharmacy;S;01/01/2024 00:00
C001786;MediKore RO #1786;Pharmacy;S;01/10/2024 00:00
C001787;PharmaPluz RO #1787;Pharmacy;M;01/04/2024 00:00
C001788;EuroPharmx RO #1788;Pharmacy;M;01/11/2024 00:00
C001789;MediKore RO #1789;Pharmacy;S;01/02/2024 00:00
C001790;CarePharm RO #1790;Pharmacy;S;01/12/2024 00:00
C001791;Intermarche RO #1791;Retail;S;01/12/2024 00:00
C001792;Intermarche RO #1792;Retail;S;01/10/2024 00:00
C001793;Edekae RO #1793;Retail;L;01/05/2024 00:00
C001794;Auchon RO #1794;Retail;M;01/12/2024 00:00
C001795;Rewee RO #1795;Retail;M;01/07/2024 00:00
C001796;Rewee RO #1796;Retail;M;01/03/2024 00:00
C001797;Carrefouk RO #1797;Retail;L;01/03/2024 00:00
C001798;Intermarche RO #1798;Retail;L;01/12/2024 00:00
C001799;Rewee RO #1799;Retail;L;01/01/2024 00:00
C001800;Auchon RO #1800;Retail;L;01/10/2024 00:00
C001801;Intermarche RO #1801;Retail;L;01/09/2024 00:00
C001802;Edekae RO #1802;Retail;L;01/06/2024 00:00
C001803;Aldii RO #1803;Retail;M;01/11/2024 00:00
C001804;Edekae RO #1804;Retail;M;01/11/2024 00:00
C001805;Edekae RO #1805;Retail;M;01/05/2024 00:00
C001806;Intersportt RO #1806;Retail Sport;M;01/07/2024 00:00
C001807;AthletiX RO #1807;Retail Sport;L;01/03/2024 00:00
C001808;Decatlon RO #1808;Retail Sport;M;01/10/2024 00:00
C001809;Decatlon RO #1809;Retail Sport;M;01/08/2024 00:00
C001810;FitZone RO #1810;Retail Sport;M;01/09/2024 00:00
C001811;ProSport RO #1811;Retail Sport;M;01/08/2024 00:00
C001812;FitNest SK Online #1812;E-commerce;M;01/05/2024 00:00
C001813;PrimeFuel SK Online #1813;E-commerce;M;01/07/2024 00:00
C001814;FitNest SK Online #1814;E-commerce;M;01/02/2024 00:00
C001815;FitNest SK Online #1815;E-commerce;S;01/05/2024 00:00
C001816;PulseMarket SK Online #1816;E-commerce;S;01/12/2024 00:00
C001817;PrimeFuel SK Online #1817;E-commerce;S;01/04/2024 00:00
C001818;ZenBasket SK Online #1818;E-commerce;L;01/12/2024 00:00
C001819;VitaBox SK Online #1819;E-commerce;S;01/03/2024 00:00
C001820;HealthPoint SK #1820;Pharmacy;L;01/10/2024 00:00
C001821;CarePharm SK #1821;Pharmacy;M;01/09/2024 00:00
C001822;PharmaPluz SK #1822;Pharmacy;S;01/09/2024 00:00
C001823;HealthPoint SK #1823;Pharmacy;S;01/07/2024 00:00
C001824;NutriPharm SK #1824;Pharmacy;M;01/07/2024 00:00
C001825;VitaCare SK #1825;Pharmacy;L;01/05/2024 00:00
C001826;Lidll SK #1826;Retail;M;01/04/2024 00:00
C001827;Aldii SK #1827;Retail;L;01/01/2024 00:00
C001828;Tesko SK #1828;Retail;L;01/02/2024 00:00
C001829;Carrefouk SK #1829;Retail;L;01/12/2024 00:00
C001830;Lidll SK #1830;Retail;L;01/05/2024 00:00
C001831;Carrefouk SK #1831;Retail;M;01/08/2024 00:00
C001832;Carrefouk SK #1832;Retail;L;01/12/2024 00:00
C001833;Carrefouk SK #1833;Retail;L;01/11/2024 00:00
C001834;Auchon SK #1834;Retail;M;01/06/2024 00:00
C001835;Lidll SK #1835;Retail;S;01/10/2024 00:00
C001836;Intermarche SK #1836;Retail;M;01/12/2024 00:00
C001837;Intermarche SK #1837;Retail;M;01/06/2024 00:00
C001838;Lidll SK #1838;Retail;L;01/08/2024 00:00
C001839;Intermarche SK #1839;Retail;S;01/01/2024 00:00
C001840;Edekae SK #1840;Retail;S;01/10/2024 00:00
C001841;SportDirekt SK #1841;Retail Sport;L;01/10/2024 00:00
C001842;ProSport SK #1842;Retail Sport;M;01/06/2024 00:00
C001843;Decathlonn SK #1843;Retail Sport;L;01/09/2024 00:00
C001844;Decathlonn SK #1844;Retail Sport;M;01/10/2024 00:00
C001845;ProSport SK #1845;Retail Sport;M;01/06/2024 00:00
C001846;Decathlonn SK #1846;Retail Sport;L;01/11/2024 00:00
C001847;PrimeFuel SI Online #1847;E-commerce;M;01/08/2024 00:00
C001848;ZenBasket SI Online #1848;E-commerce;M;01/03/2024 00:00
C001849;PulseMarket SI Online #1849;E-commerce;S;01/10/2024 00:00
C001850;PulseMarket SI Online #1850;E-commerce;L;01/08/2024 00:00
C001851;PrimeFuel SI Online #1851;E-commerce;M;01/10/2024 00:00
C001852;PrimeFuel SI Online #1852;E-commerce;M;01/04/2024 00:00
C001853;PrimeFuel SI Online #1853;E-commerce;S;01/04/2024 00:00
C001854;GymMart SI Online #1854;E-commerce;S;01/06/2024 00:00
C001855;PharmaPluz SI #1855;Pharmacy;S;01/04/2024 00:00
C001856;MediKore SI #1856;Pharmacy;M;01/12/2024 00:00
C001857;NutriPharm SI #1857;Pharmacy;S;01/01/2024 00:00
C001858;EuroPharmx SI #1858;Pharmacy;M;01/12/2024 00:00
C001859;NutriPharm SI #1859;Pharmacy;S;01/02/2024 00:00
C001860;EuroPharmx SI #1860;Pharmacy;L;01/11/2024 00:00
C001861;Rewee SI #1861;Retail;M;01/10/2024 00:00
C001862;Carrefouk SI #1862;Retail;L;01/02/2024 00:00
C001863;Intermarche SI #1863;Retail;L;01/01/2024 00:00
C001864;Intermarche SI #1864;Retail;L;01/08/2024 00:00
C001865;Rewee SI #1865;Retail;S;01/07/2024 00:00
C001866;Tesko SI #1866;Retail;L;01/02/2024 00:00
C001867;Sparr SI #1867;Retail;L;01/01/2024 00:00
C001868;Aldii SI #1868;Retail;S;01/09/2024 00:00
C001869;Auchon SI #1869;Retail;S;01/01/2024 00:00
C001870;Aldii SI #1870;Retail;S;01/12/2024 00:00
C001871;Intermarche SI #1871;Retail;L;01/01/2024 00:00
C001872;Edekae SI #1872;Retail;M;01/05/2024 00:00
C001873;Lidll SI #1873;Retail;M;01/09/2024 00:00
C001874;Carrefouk SI #1874;Retail;L;01/06/2024 00:00
C001875;Lidll SI #1875;Retail;M;01/06/2024 00:00
C001876;Decatlon SI #1876;Retail Sport;L;01/04/2024 00:00
C001877;SportDirekt SI #1877;Retail Sport;M;01/05/2024 00:00
C001878;SportDirekt SI #1878;Retail Sport;M;01/01/2024 00:00
C001879;Decatlon SI #1879;Retail Sport;M;01/06/2024 00:00
C001880;SportDirekt SI #1880;Retail Sport;M;01/07/2024 00:00
C001881;ProSport SI #1881;Retail Sport;L;01/03/2024 00:00
C001882;VitaBox ES Online #1882;E-commerce;M;01/03/2024 00:00
C001883;NutriHub ES Online #1883;E-commerce;S;01/03/2024 00:00
C001884;NutriHub ES Online #1884;E-commerce;M;01/08/2024 00:00
C001885;WellKart ES Online #1885;E-commerce;S;01/05/2024 00:00
C001886;GymMart ES Online #1886;E-commerce;S;01/12/2024 00:00
C001887;WellKart ES Online #1887;E-commerce;M;01/07/2024 00:00
C001888;ZenBasket ES Online #1888;E-commerce;M;01/06/2024 00:00
C001889;VitaBox ES Online #1889;E-commerce;L;01/08/2024 00:00
C001890;GymMart ES Online #1890;E-commerce;S;01/09/2024 00:00
C001891;WellKart ES Online #1891;E-commerce;S;01/05/2024 00:00
C001892;FitNest ES Online #1892;E-commerce;S;01/05/2024 00:00
C001893;VitaBox ES Online #1893;E-commerce;L;01/07/2024 00:00
C001894;FitNest ES Online #1894;E-commerce;S;01/11/2024 00:00
C001895;FitNest ES Online #1895;E-commerce;S;01/10/2024 00:00
C001896;GymMart ES Online #1896;E-commerce;S;01/05/2024 00:00
C001897;WellKart ES Online #1897;E-commerce;L;01/06/2024 00:00
C001898;GymMart ES Online #1898;E-commerce;S;01/12/2024 00:00
C001899;PrimeFuel ES Online #1899;E-commerce;M;01/12/2024 00:00
C001900;GymMart ES Online #1900;E-commerce;M;01/02/2024 00:00
C001901;ZenBasket ES Online #1901;E-commerce;M;01/09/2024 00:00
C001902;WellKart ES Online #1902;E-commerce;S;01/10/2024 00:00
C001903;WellKart ES Online #1903;E-commerce;S;01/02/2024 00:00
C001904;NutriHub ES Online #1904;E-commerce;S;01/04/2024 00:00
C001905;PrimeFuel ES Online #1905;E-commerce;S;01/09/2024 00:00
C001906;ZenBasket ES Online #1906;E-commerce;M;01/09/2024 00:00
C001907;VitaBox ES Online #1907;E-commerce;S;01/01/2024 00:00
C001908;VitaBox ES Online #1908;E-commerce;M;01/09/2024 00:00
C001909;PrimeFuel ES Online #1909;E-commerce;S;01/02/2024 00:00
C001910;NutriHub ES Online #1910;E-commerce;S;01/01/2024 00:00
C001911;PulseMarket ES Online #1911;E-commerce;S;01/07/2024 00:00
C001912;NutriHub ES Online #1912;E-commerce;S;01/08/2024 00:00
C001913;ZenBasket ES Online #1913;E-commerce;S;01/10/2024 00:00
C001914;EuroPharmx ES #1914;Pharmacy;L;01/09/2024 00:00
C001915;CarePharm ES #1915;Pharmacy;S;01/01/2024 00:00
C001916;CarePharm ES #1916;Pharmacy;S;01/12/2024 00:00
C001917;VitaCare ES #1917;Pharmacy;S;01/02/2024 00:00
C001918;MediKore ES #1918;Pharmacy;L;01/12/2024 00:00
C001919;VitaCare ES #1919;Pharmacy;M;01/11/2024 00:00
C001920;MediKore ES #1920;Pharmacy;L;01/04/2024 00:00
C001921;MediKore ES #1921;Pharmacy;L;01/11/2024 00:00
C001922;CarePharm ES #1922;Pharmacy;S;01/06/2024 00:00
C001923;CarePharm ES #1923;Pharmacy;M;01/11/2024 00:00
C001924;CarePharm ES #1924;Pharmacy;M;01/01/2024 00:00
C001925;PharmaPluz ES #1925;Pharmacy;M;01/04/2024 00:00
C001926;NutriPharm ES #1926;Pharmacy;S;01/11/2024 00:00
C001927;VitaCare ES #1927;Pharmacy;M;01/10/2024 00:00
C001928;Tesko ES #1928;Retail;M;01/04/2024 00:00
C001929;Auchon ES #1929;Retail;S;01/06/2024 00:00
C001930;Aldii ES #1930;Retail;L;01/09/2024 00:00
C001931;Rewee ES #1931;Retail;S;01/02/2024 00:00
C001932;Aldii ES #1932;Retail;S;01/05/2024 00:00
C001933;Lidll ES #1933;Retail;M;01/12/2024 00:00
C001934;Lidll ES #1934;Retail;L;01/03/2024 00:00
C001935;Carrefouk ES #1935;Retail;L;01/06/2024 00:00
C001936;Decatlon ES #1936;Retail Sport;L;01/12/2024 00:00
C001937;Intersportt ES #1937;Retail Sport;M;01/12/2024 00:00
C001938;Decathlonn ES #1938;Retail Sport;L;01/04/2024 00:00
C001939;AthletiX ES #1939;Retail Sport;L;01/01/2024 00:00
C001940;AthletiX ES #1940;Retail Sport;L;01/03/2024 00:00
C001941;FitZone ES #1941;Retail Sport;M;01/11/2024 00:00
C001942;SportDirekt ES #1942;Retail Sport;L;01/05/2024 00:00
C001943;Intersportt ES #1943;Retail Sport;L;01/12/2024 00:00
C001944;PulseMarket SE Online #1944;E-commerce;M;01/06/2024 00:00
C001945;NutriHub SE Online #1945;E-commerce;S;01/10/2024 00:00
C001946;FitNest SE Online #1946;E-commerce;M;01/11/2024 00:00
C001947;FitNest SE Online #1947;E-commerce;S;01/10/2024 00:00
C001948;VitaBox SE Online #1948;E-commerce;S;01/07/2024 00:00
C001949;VitaBox SE Online #1949;E-commerce;L;01/07/2024 00:00
C001950;PulseMarket SE Online #1950;E-commerce;S;01/07/2024 00:00
C001951;MediKore SE #1951;Pharmacy;M;01/11/2024 00:00
C001952;PharmaPluz SE #1952;Pharmacy;S;01/04/2024 00:00
C001953;CarePharm SE #1953;Pharmacy;L;01/05/2024 00:00
C001954;HealthPoint SE #1954;Pharmacy;L;01/04/2024 00:00
C001955;NutriPharm SE #1955;Pharmacy;L;01/02/2024 00:00
C001956;PharmaPluz SE #1956;Pharmacy;M;01/05/2024 00:00
C001957;Aldii SE #1957;Retail;L;01/12/2024 00:00
C001958;Lidll SE #1958;Retail;S;01/07/2024 00:00
C001959;Auchon SE #1959;Retail;L;01/11/2024 00:00
C001960;Tesko SE #1960;Retail;M;01/11/2024 00:00
C001961;Sparr SE #1961;Retail;L;01/12/2024 00:00
C001962;Intermarche SE #1962;Retail;S;01/08/2024 00:00
C001963;Carrefouk SE #1963;Retail;L;01/01/2024 00:00
C001964;Sparr SE #1964;Retail;M;01/08/2024 00:00
C001965;Sparr SE #1965;Retail;M;01/02/2024 00:00
C001966;Rewee SE #1966;Retail;M;01/05/2024 00:00
C001967;Carrefouk SE #1967;Retail;S;01/02/2024 00:00
C001968;Carrefouk SE #1968;Retail;S;01/06/2024 00:00
C001969;Intermarche SE #1969;Retail;L;01/09/2024 00:00
C001970;Intermarche SE #1970;Retail;L;01/07/2024 00:00
C001971;Aldii SE #1971;Retail;M;01/10/2024 00:00
C001972;Aldii SE #1972;Retail;M;01/04/2024 00:00
C001973;Rewee SE #1973;Retail;S;01/01/2024 00:00
C001974;Edekae SE #1974;Retail;M;01/11/2024 00:00
C001975;Lidll SE #1975;Retail;L;01/08/2024 00:00
C001976;Lidll SE #1976;Retail;L;01/08/2024 00:00
C001977;Carrefouk SE #1977;Retail;L;01/02/2024 00:00
C001978;ProSport SE #1978;Retail Sport;M;01/01/2024 00:00
C001979;Decathlonn SE #1979;Retail Sport;L;01/04/2024 00:00
C001980;FitZone SE #1980;Retail Sport;L;01/08/2024 00:00
C001981;Decathlonn SE #1981;Retail Sport;L;01/07/2024 00:00
C001982;ProSport SE #1982;Retail Sport;L;01/07/2024 00:00
C001983;AthletiX SE #1983;Retail Sport;L;01/03/2024 00:00
C001984;Intersportt SE #1984;Retail Sport;M;01/06/2024 00:00
C001985;AthletiX SE #1985;Retail Sport;L;01/01/2024 00:00
C001986;SportDirekt SE #1986;Retail Sport;L;01/02/2024 00:00
C001987;PulseMarket AT Online #1987;E-commerce;L;01/11/2024 00:00
C001988;PulseMarket AT Online #1988;E-commerce;S;01/04/2025 00:00
C001989;FitNest AT Online #1989;E-commerce;S;01/09/2025 00:00
C001990;FitNest AT Online #1990;E-commerce;S;01/10/2024 00:00
C001991;ZenBasket AT Online #1991;E-commerce;M;01/09/2024 00:00
C001992;NutriHub AT Online #1992;E-commerce;S;01/06/2025 00:00
C001993;FitNest AT Online #1993;E-commerce;S;01/09/2024 00:00
C001994;PrimeFuel AT Online #1994;E-commerce;S;01/04/2025 00:00
C001995;FitNest AT Online #1995;E-commerce;M;01/04/2025 00:00
C001996;NutriHub AT Online #1996;E-commerce;M;01/10/2024 00:00
C001997;VitaBox AT Online #1997;E-commerce;L;01/09/2024 00:00
C001998;VitaCare AT #1998;Pharmacy;S;01/02/2025 00:00
C001999;PharmaPluz AT #1999;Pharmacy;M;01/01/2025 00:00
C002000;VitaCare AT #2000;Pharmacy;M;01/08/2024 00:00
C002001;NutriPharm AT #2001;Pharmacy;M;01/03/2025 00:00
C002002;VitaCare AT #2002;Pharmacy;L;01/08/2024 00:00
C002003;VitaCare AT #2003;Pharmacy;L;01/08/2025 00:00
C002004;CarePharm AT #2004;Pharmacy;M;01/07/2025 00:00
C002005;Sparr AT #2005;Retail;L;01/01/2025 00:00
C002006;Aldii AT #2006;Retail;S;01/01/2025 00:00
C002007;Rewee AT #2007;Retail;M;01/08/2024 00:00
C002008;Sparr AT #2008;Retail;M;01/07/2024 00:00
C002009;Edekae AT #2009;Retail;L;01/11/2024 00:00
C002010;Carrefouk AT #2010;Retail;L;01/04/2025 00:00
C002011;Carrefouk AT #2011;Retail;L;01/10/2024 00:00
C002012;Intermarche AT #2012;Retail;L;01/09/2025 00:00
C002013;Carrefouk AT #2013;Retail;M;01/01/2025 00:00
C002014;Sparr AT #2014;Retail;L;01/11/2024 00:00
C002015;Rewee AT #2015;Retail;S;01/11/2024 00:00
C002016;Aldii AT #2016;Retail;M;01/09/2024 00:00
C002017;Sparr AT #2017;Retail;L;01/07/2025 00:00
C002018;Intermarche AT #2018;Retail;M;01/09/2025 00:00
C002019;Tesko AT #2019;Retail;M;01/09/2025 00:00
C002020;Carrefouk AT #2020;Retail;M;01/11/2024 00:00
C002021;Auchon AT #2021;Retail;L;01/11/2024 00:00
C002022;Auchon AT #2022;Retail;M;01/10/2024 00:00
C002023;Tesko AT #2023;Retail;M;01/06/2025 00:00
C002024;Aldii AT #2024;Retail;S;01/05/2025 00:00
C002025;Sparr AT #2025;Retail;L;01/08/2025 00:00
C002026;Intermarche AT #2026;Retail;L;01/07/2025 00:00
C002027;Auchon AT #2027;Retail;L;01/08/2024 00:00
C002028;Rewee AT #2028;Retail;M;01/08/2024 00:00
C002029;Sparr AT #2029;Retail;L;01/08/2025 00:00
C002030;AthletiX AT #2030;Retail Sport;S;01/12/2024 00:00
C002031;ProSport AT #2031;Retail Sport;L;01/04/2025 00:00
C002032;AthletiX AT #2032;Retail Sport;L;01/04/2025 00:00
C002033;ProSport AT #2033;Retail Sport;L;01/09/2025 00:00
C002034;SportDirekt AT #2034;Retail Sport;L;01/10/2024 00:00
C002035;Intersportt AT #2035;Retail Sport;L;01/02/2025 00:00
C002036;AthletiX AT #2036;Retail Sport;L;01/11/2024 00:00
C002037;ProSport AT #2037;Retail Sport;L;01/09/2024 00:00
C002038;SportDirekt AT #2038;Retail Sport;S;01/01/2025 00:00
C002039;FitZone AT #2039;Retail Sport;M;01/04/2025 00:00
C002040;Decatlon AT #2040;Retail Sport;L;01/09/2024 00:00
C002041;FitNest BE Online #2041;E-commerce;S;01/01/2025 00:00
C002042;VitaBox BE Online #2042;E-commerce;S;01/10/2024 00:00
C002043;PrimeFuel BE Online #2043;E-commerce;S;01/04/2025 00:00
C002044;ZenBasket BE Online #2044;E-commerce;S;01/10/2024 00:00
C002045;VitaBox BE Online #2045;E-commerce;L;01/02/2025 00:00
C002046;FitNest BE Online #2046;E-commerce;S;01/11/2024 00:00
C002047;PulseMarket BE Online #2047;E-commerce;M;01/12/2024 00:00
C002048;WellKart BE Online #2048;E-commerce;S;01/03/2025 00:00
C002049;VitaBox BE Online #2049;E-commerce;M;01/10/2024 00:00
C002050;ZenBasket BE Online #2050;E-commerce;S;01/03/2025 00:00
C002051;PrimeFuel BE Online #2051;E-commerce;S;01/06/2025 00:00
C002052;PharmaPluz BE #2052;Pharmacy;M;01/08/2024 00:00
C002053;PharmaPluz BE #2053;Pharmacy;M;01/06/2025 00:00
C002054;PharmaPluz BE #2054;Pharmacy;S;01/05/2025 00:00
C002055;HealthPoint BE #2055;Pharmacy;M;01/05/2025 00:00
C002056;HealthPoint BE #2056;Pharmacy;S;01/02/2025 00:00
C002057;CarePharm BE #2057;Pharmacy;S;01/05/2025 00:00
C002058;PharmaPluz BE #2058;Pharmacy;M;01/08/2024 00:00
C002059;Sparr BE #2059;Retail;M;01/06/2025 00:00
C002060;Lidll BE #2060;Retail;M;01/07/2025 00:00
C002061;Edekae BE #2061;Retail;L;01/09/2024 00:00
C002062;Edekae BE #2062;Retail;L;01/08/2025 00:00
C002063;Edekae BE #2063;Retail;M;01/09/2025 00:00
C002064;Sparr BE #2064;Retail;L;01/11/2024 00:00
C002065;Intermarche BE #2065;Retail;M;01/03/2025 00:00
C002066;Sparr BE #2066;Retail;L;01/10/2024 00:00
C002067;Intermarche BE #2067;Retail;L;01/06/2025 00:00
C002068;Edekae BE #2068;Retail;S;01/03/2025 00:00
C002069;Aldii BE #2069;Retail;L;01/09/2025 00:00
C002070;Lidll BE #2070;Retail;L;01/09/2024 00:00
C002071;Aldii BE #2071;Retail;M;01/05/2025 00:00
C002072;Carrefouk BE #2072;Retail;L;01/01/2025 00:00
C002073;Sparr BE #2073;Retail;M;01/08/2025 00:00
C002074;Aldii BE #2074;Retail;L;01/03/2025 00:00
C002075;Lidll BE #2075;Retail;M;01/04/2025 00:00
C002076;Intermarche BE #2076;Retail;L;01/05/2025 00:00
C002077;Carrefouk BE #2077;Retail;S;01/12/2024 00:00
C002078;Tesko BE #2078;Retail;M;01/09/2025 00:00
C002079;Carrefouk BE #2079;Retail;M;01/09/2024 00:00
C002080;Edekae BE #2080;Retail;S;01/05/2025 00:00
C002081;Auchon BE #2081;Retail;S;01/05/2025 00:00
C002082;Auchon BE #2082;Retail;M;01/03/2025 00:00
C002083;Edekae BE #2083;Retail;M;01/08/2025 00:00
C002084;Intersportt BE #2084;Retail Sport;M;01/12/2024 00:00
C002085;Decatlon BE #2085;Retail Sport;L;01/07/2024 00:00
C002086;AthletiX BE #2086;Retail Sport;L;01/05/2025 00:00
C002087;Decatlon BE #2087;Retail Sport;L;01/02/2025 00:00
C002088;Decathlonn BE #2088;Retail Sport;M;01/08/2024 00:00
C002089;Decatlon BE #2089;Retail Sport;M;01/04/2025 00:00
C002090;Decathlonn BE #2090;Retail Sport;M;01/08/2025 00:00
C002091;Decatlon BE #2091;Retail Sport;M;01/09/2024 00:00
C002092;ProSport BE #2092;Retail Sport;L;01/12/2024 00:00
C002093;Decathlonn BE #2093;Retail Sport;M;01/08/2024 00:00
C002094;ProSport BE #2094;Retail Sport;M;01/06/2025 00:00
C002095;PrimeFuel BG Online #2095;E-commerce;S;01/09/2025 00:00
C002096;NutriHub BG Online #2096;E-commerce;M;01/12/2024 00:00
C002097;PrimeFuel BG Online #2097;E-commerce;S;01/09/2025 00:00
C002098;ZenBasket BG Online #2098;E-commerce;M;01/03/2025 00:00
C002099;WellKart BG Online #2099;E-commerce;L;01/08/2025 00:00
C002100;FitNest BG Online #2100;E-commerce;L;01/05/2025 00:00
C002101;PrimeFuel BG Online #2101;E-commerce;M;01/11/2024 00:00
C002102;GymMart BG Online #2102;E-commerce;S;01/07/2025 00:00
C002103;VitaBox BG Online #2103;E-commerce;M;01/05/2025 00:00
C002104;ZenBasket BG Online #2104;E-commerce;M;01/02/2025 00:00
C002105;WellKart BG Online #2105;E-commerce;M;01/07/2024 00:00
C002106;GymMart BG Online #2106;E-commerce;M;01/02/2025 00:00
C002107;EuroPharmx BG #2107;Pharmacy;L;01/11/2024 00:00
C002108;MediKore BG #2108;Pharmacy;S;01/04/2025 00:00
C002109;CarePharm BG #2109;Pharmacy;S;01/09/2024 00:00
C002110;CarePharm BG #2110;Pharmacy;M;01/11/2024 00:00
C002111;PharmaPluz BG #2111;Pharmacy;M;01/03/2025 00:00
C002112;VitaCare BG #2112;Pharmacy;S;01/12/2024 00:00
C002113;CarePharm BG #2113;Pharmacy;L;01/12/2024 00:00
C002114;Tesko BG #2114;Retail;M;01/07/2025 00:00
C002115;Auchon BG #2115;Retail;L;01/08/2024 00:00
C002116;Edekae BG #2116;Retail;M;01/04/2025 00:00
C002117;Rewee BG #2117;Retail;M;01/01/2025 00:00
C002118;Auchon BG #2118;Retail;S;01/01/2025 00:00
C002119;Edekae BG #2119;Retail;M;01/09/2025 00:00
C002120;Sparr BG #2120;Retail;M;01/05/2025 00:00
C002121;Edekae BG #2121;Retail;M;01/08/2025 00:00
C002122;Intermarche BG #2122;Retail;L;01/08/2024 00:00
C002123;Tesko BG #2123;Retail;M;01/07/2024 00:00
C002124;Sparr BG #2124;Retail;L;01/03/2025 00:00
C002125;Tesko BG #2125;Retail;L;01/05/2025 00:00
C002126;Aldii BG #2126;Retail;M;01/02/2025 00:00
C002127;Aldii BG #2127;Retail;L;01/04/2025 00:00
C002128;Sparr BG #2128;Retail;S;01/08/2024 00:00
C002129;Lidll BG #2129;Retail;S;01/07/2025 00:00
C002130;Aldii BG #2130;Retail;M;01/02/2025 00:00
C002131;AthletiX BG #2131;Retail Sport;M;01/11/2024 00:00
C002132;SportDirekt BG #2132;Retail Sport;L;01/12/2024 00:00
C002133;FitZone BG #2133;Retail Sport;L;01/09/2025 00:00
C002134;Decathlonn BG #2134;Retail Sport;M;01/06/2025 00:00
C002135;Decatlon BG #2135;Retail Sport;L;01/07/2024 00:00
C002136;Decathlonn BG #2136;Retail Sport;M;01/02/2025 00:00
C002137;Decathlonn BG #2137;Retail Sport;L;01/09/2024 00:00
C002138;PulseMarket HR Online #2138;E-commerce;M;01/09/2024 00:00
C002139;NutriHub HR Online #2139;E-commerce;S;01/09/2025 00:00
C002140;NutriHub HR Online #2140;E-commerce;S;01/04/2025 00:00
C002141;PulseMarket HR Online #2141;E-commerce;S;01/10/2024 00:00
C002142;PrimeFuel HR Online #2142;E-commerce;S;01/02/2025 00:00
C002143;PulseMarket HR Online #2143;E-commerce;M;01/04/2025 00:00
C002144;FitNest HR Online #2144;E-commerce;S;01/11/2024 00:00
C002145;FitNest HR Online #2145;E-commerce;S;01/12/2024 00:00
C002146;PulseMarket HR Online #2146;E-commerce;M;01/01/2025 00:00
C002147;NutriHub HR Online #2147;E-commerce;S;01/08/2024 00:00
C002148;FitNest HR Online #2148;E-commerce;S;01/05/2025 00:00
C002149;PrimeFuel HR Online #2149;E-commerce;S;01/02/2025 00:00
C002150;MediKore HR #2150;Pharmacy;S;01/09/2025 00:00
C002151;EuroPharmx HR #2151;Pharmacy;L;01/07/2025 00:00
C002152;VitaCare HR #2152;Pharmacy;M;01/08/2025 00:00
C002153;PharmaPluz HR #2153;Pharmacy;S;01/09/2025 00:00
C002154;CarePharm HR #2154;Pharmacy;M;01/09/2024 00:00
C002155;MediKore HR #2155;Pharmacy;S;01/02/2025 00:00
C002156;HealthPoint HR #2156;Pharmacy;M;01/11/2024 00:00
C002157;Sparr HR #2157;Retail;M;01/10/2024 00:00
C002158;Tesko HR #2158;Retail;M;01/01/2025 00:00
C002159;Aldii HR #2159;Retail;L;01/02/2025 00:00
C002160;Aldii HR #2160;Retail;M;01/12/2024 00:00
C002161;Carrefouk HR #2161;Retail;L;01/06/2025 00:00
C002162;Sparr HR #2162;Retail;L;01/09/2025 00:00
C002163;Carrefouk HR #2163;Retail;L;01/08/2025 00:00
C002164;Rewee HR #2164;Retail;L;01/10/2024 00:00
C002165;Aldii HR #2165;Retail;M;01/08/2025 00:00
C002166;Rewee HR #2166;Retail;L;01/03/2025 00:00
C002167;Rewee HR #2167;Retail;S;01/08/2025 00:00
C002168;Auchon HR #2168;Retail;L;01/10/2024 00:00
C002169;Aldii HR #2169;Retail;M;01/03/2025 00:00
C002170;Rewee HR #2170;Retail;L;01/12/2024 00:00
C002171;Aldii HR #2171;Retail;L;01/04/2025 00:00
C002172;Auchon HR #2172;Retail;M;01/07/2025 00:00
C002173;Lidll HR #2173;Retail;M;01/12/2024 00:00
C002174;AthletiX HR #2174;Retail Sport;L;01/01/2025 00:00
C002175;Intersportt HR #2175;Retail Sport;L;01/06/2025 00:00
C002176;AthletiX HR #2176;Retail Sport;S;01/10/2024 00:00
C002177;FitZone HR #2177;Retail Sport;L;01/08/2024 00:00
C002178;Decatlon HR #2178;Retail Sport;M;01/03/2025 00:00
C002179;Decatlon HR #2179;Retail Sport;M;01/10/2024 00:00
C002180;Decathlonn HR #2180;Retail Sport;M;01/10/2024 00:00
C002181;ZenBasket CY Online #2181;E-commerce;S;01/02/2025 00:00
C002182;GymMart CY Online #2182;E-commerce;M;01/12/2024 00:00
C002183;WellKart CY Online #2183;E-commerce;M;01/12/2024 00:00
C002184;NutriHub CY Online #2184;E-commerce;S;01/09/2024 00:00
C002185;WellKart CY Online #2185;E-commerce;M;01/04/2025 00:00
C002186;WellKart CY Online #2186;E-commerce;S;01/09/2024 00:00
C002187;NutriHub CY Online #2187;E-commerce;L;01/06/2025 00:00
C002188;ZenBasket CY Online #2188;E-commerce;M;01/01/2025 00:00
C002189;WellKart CY Online #2189;E-commerce;S;01/05/2025 00:00
C002190;PrimeFuel CY Online #2190;E-commerce;S;01/09/2025 00:00
C002191;ZenBasket CY Online #2191;E-commerce;L;01/07/2025 00:00
C002192;PrimeFuel CY Online #2192;E-commerce;S;01/08/2024 00:00
C002193;VitaBox CY Online #2193;E-commerce;S;01/12/2024 00:00
C002194;GymMart CY Online #2194;E-commerce;S;01/12/2024 00:00
C002195;VitaBox CY Online #2195;E-commerce;S;01/07/2025 00:00
C002196;PulseMarket CY Online #2196;E-commerce;M;01/08/2025 00:00
C002197;VitaBox CY Online #2197;E-commerce;S;01/01/2025 00:00
C002198;FitNest CY Online #2198;E-commerce;S;01/11/2024 00:00
C002199;ZenBasket CY Online #2199;E-commerce;M;01/12/2024 00:00
C002200;NutriHub CY Online #2200;E-commerce;M;01/07/2025 00:00
C002201;PulseMarket CY Online #2201;E-commerce;S;01/09/2025 00:00
C002202;VitaBox CY Online #2202;E-commerce;L;01/04/2025 00:00
C002203;ZenBasket CY Online #2203;E-commerce;M;01/05/2025 00:00
C002204;NutriHub CY Online #2204;E-commerce;S;01/06/2025 00:00
C002205;PulseMarket CY Online #2205;E-commerce;S;01/05/2025 00:00
C002206;CarePharm CY #2206;Pharmacy;M;01/09/2025 00:00
C002207;NutriPharm CY #2207;Pharmacy;S;01/08/2024 00:00
C002208;CarePharm CY #2208;Pharmacy;M;01/11/2024 00:00
C002209;EuroPharmx CY #2209;Pharmacy;M;01/07/2025 00:00
C002210;MediKore CY #2210;Pharmacy;M;01/10/2024 00:00
C002211;PharmaPluz CY #2211;Pharmacy;M;01/09/2025 00:00
C002212;PharmaPluz CY #2212;Pharmacy;S;01/12/2024 00:00
C002213;NutriPharm CY #2213;Pharmacy;S;01/02/2025 00:00
C002214;VitaCare CY #2214;Pharmacy;L;01/07/2025 00:00
C002215;Auchon CY #2215;Retail;M;01/09/2025 00:00
C002216;Sparr CY #2216;Retail;M;01/07/2025 00:00
C002217;Auchon CY #2217;Retail;L;01/11/2024 00:00
C002218;Edekae CY #2218;Retail;M;01/07/2024 00:00
C002219;Decathlonn CY #2219;Retail Sport;L;01/05/2025 00:00
C002220;ProSport CY #2220;Retail Sport;S;01/07/2025 00:00
C002221;Intersportt CY #2221;Retail Sport;L;01/12/2024 00:00
C002222;FitZone CY #2222;Retail Sport;L;01/10/2024 00:00
C002223;Decatlon CY #2223;Retail Sport;L;01/08/2024 00:00
C002224;ZenBasket CZ Online #2224;E-commerce;L;01/08/2024 00:00
C002225;NutriHub CZ Online #2225;E-commerce;L;01/07/2025 00:00
C002226;FitNest CZ Online #2226;E-commerce;M;01/10/2024 00:00
C002227;GymMart CZ Online #2227;E-commerce;S;01/02/2025 00:00
C002228;GymMart CZ Online #2228;E-commerce;S;01/12/2024 00:00
C002229;PrimeFuel CZ Online #2229;E-commerce;M;01/07/2024 00:00
C002230;ZenBasket CZ Online #2230;E-commerce;M;01/02/2025 00:00
C002231;PrimeFuel CZ Online #2231;E-commerce;S;01/11/2024 00:00
C002232;PulseMarket CZ Online #2232;E-commerce;M;01/12/2024 00:00
C002233;NutriHub CZ Online #2233;E-commerce;S;01/09/2024 00:00
C002234;PrimeFuel CZ Online #2234;E-commerce;S;01/07/2025 00:00
C002235;NutriHub CZ Online #2235;E-commerce;M;01/09/2024 00:00
C002236;CarePharm CZ #2236;Pharmacy;M;01/05/2025 00:00
C002237;PharmaPluz CZ #2237;Pharmacy;L;01/03/2025 00:00
C002238;PharmaPluz CZ #2238;Pharmacy;S;01/09/2024 00:00
C002239;MediKore CZ #2239;Pharmacy;M;01/04/2025 00:00
C002240;VitaCare CZ #2240;Pharmacy;L;01/11/2024 00:00
C002241;HealthPoint CZ #2241;Pharmacy;S;01/04/2025 00:00
C002242;HealthPoint CZ #2242;Pharmacy;L;01/09/2025 00:00
C002243;Auchon CZ #2243;Retail;L;01/08/2024 00:00
C002244;Edekae CZ #2244;Retail;L;01/05/2025 00:00
C002245;Carrefouk CZ #2245;Retail;L;01/02/2025 00:00
C002246;Aldii CZ #2246;Retail;M;01/07/2025 00:00
C002247;Intermarche CZ #2247;Retail;L;01/05/2025 00:00
C002248;Tesko CZ #2248;Retail;S;01/09/2024 00:00
C002249;Rewee CZ #2249;Retail;M;01/03/2025 00:00
C002250;Sparr CZ #2250;Retail;L;01/07/2025 00:00
C002251;Rewee CZ #2251;Retail;S;01/06/2025 00:00
C002252;Edekae CZ #2252;Retail;L;01/08/2024 00:00
C002253;Aldii CZ #2253;Retail;M;01/06/2025 00:00
C002254;Carrefouk CZ #2254;Retail;M;01/08/2025 00:00
C002255;Aldii CZ #2255;Retail;M;01/07/2025 00:00
C002256;Auchon CZ #2256;Retail;M;01/08/2024 00:00
C002257;Edekae CZ #2257;Retail;S;01/09/2024 00:00
C002258;Edekae CZ #2258;Retail;L;01/09/2024 00:00
C002259;Auchon CZ #2259;Retail;M;01/05/2025 00:00
C002260;Intersportt CZ #2260;Retail Sport;M;01/04/2025 00:00
C002261;SportDirekt CZ #2261;Retail Sport;M;01/08/2024 00:00
C002262;Intersportt CZ #2262;Retail Sport;M;01/12/2024 00:00
C002263;Intersportt CZ #2263;Retail Sport;L;01/01/2025 00:00
C002264;Decatlon CZ #2264;Retail Sport;L;01/02/2025 00:00
C002265;ProSport CZ #2265;Retail Sport;L;01/01/2025 00:00
C002266;Decatlon CZ #2266;Retail Sport;L;01/09/2025 00:00
C002267;WellKart DK Online #2267;E-commerce;S;01/08/2024 00:00
C002268;PrimeFuel DK Online #2268;E-commerce;S;01/11/2024 00:00
C002269;PulseMarket DK Online #2269;E-commerce;M;01/01/2025 00:00
C002270;PrimeFuel DK Online #2270;E-commerce;S;01/03/2025 00:00
C002271;WellKart DK Online #2271;E-commerce;M;01/01/2025 00:00
C002272;GymMart DK Online #2272;E-commerce;S;01/07/2024 00:00
C002273;VitaBox DK Online #2273;E-commerce;M;01/07/2024 00:00
C002274;GymMart DK Online #2274;E-commerce;M;01/08/2024 00:00
C002275;PulseMarket DK Online #2275;E-commerce;M;01/04/2025 00:00
C002276;VitaCare DK #2276;Pharmacy;L;01/04/2025 00:00
C002277;CarePharm DK #2277;Pharmacy;S;01/03/2025 00:00
C002278;CarePharm DK #2278;Pharmacy;M;01/02/2025 00:00
C002279;PharmaPluz DK #2279;Pharmacy;L;01/10/2024 00:00
C002280;EuroPharmx DK #2280;Pharmacy;L;01/05/2025 00:00
C002281;MediKore DK #2281;Pharmacy;S;01/05/2025 00:00
C002282;Aldii DK #2282;Retail;L;01/02/2025 00:00
C002283;Edekae DK #2283;Retail;S;01/09/2024 00:00
C002284;Edekae DK #2284;Retail;L;01/09/2025 00:00
C002285;Lidll DK #2285;Retail;M;01/05/2025 00:00
C002286;Tesko DK #2286;Retail;L;01/12/2024 00:00
C002287;Aldii DK #2287;Retail;L;01/01/2025 00:00
C002288;Lidll DK #2288;Retail;S;01/09/2025 00:00
C002289;Tesko DK #2289;Retail;L;01/09/2025 00:00
C002290;Carrefouk DK #2290;Retail;M;01/02/2025 00:00
C002291;Aldii DK #2291;Retail;M;01/09/2025 00:00
C002292;Intermarche DK #2292;Retail;S;01/08/2024 00:00
C002293;Lidll DK #2293;Retail;S;01/11/2024 00:00
C002294;Rewee DK #2294;Retail;M;01/07/2025 00:00
C002295;Intermarche DK #2295;Retail;L;01/01/2025 00:00
C002296;Edekae DK #2296;Retail;M;01/07/2024 00:00
C002297;Edekae DK #2297;Retail;L;01/07/2025 00:00
C002298;Intermarche DK #2298;Retail;M;01/07/2025 00:00
C002299;Edekae DK #2299;Retail;L;01/03/2025 00:00
C002300;Intermarche DK #2300;Retail;L;01/04/2025 00:00
C002301;Aldii DK #2301;Retail;L;01/09/2024 00:00
C002302;Decatlon DK #2302;Retail Sport;M;01/03/2025 00:00
C002303;FitZone DK #2303;Retail Sport;S;01/04/2025 00:00
C002304;SportDirekt DK #2304;Retail Sport;M;01/09/2025 00:00
C002305;Decatlon DK #2305;Retail Sport;L;01/03/2025 00:00
C002306;Decatlon DK #2306;Retail Sport;S;01/09/2025 00:00
C002307;FitZone DK #2307;Retail Sport;L;01/05/2025 00:00
C002308;Decathlonn DK #2308;Retail Sport;L;01/08/2025 00:00
C002309;SportDirekt DK #2309;Retail Sport;M;01/07/2024 00:00
C002310;Decatlon DK #2310;Retail Sport;M;01/12/2024 00:00
C002311;WellKart EE Online #2311;E-commerce;S;01/12/2024 00:00
C002312;NutriHub EE Online #2312;E-commerce;S;01/11/2024 00:00
C002313;PulseMarket EE Online #2313;E-commerce;S;01/07/2024 00:00
C002314;ZenBasket EE Online #2314;E-commerce;S;01/12/2024 00:00
C002315;PulseMarket EE Online #2315;E-commerce;L;01/09/2024 00:00
C002316;NutriHub EE Online #2316;E-commerce;M;01/12/2024 00:00
C002317;FitNest EE Online #2317;E-commerce;S;01/02/2025 00:00
C002318;WellKart EE Online #2318;E-commerce;M;01/09/2024 00:00
C002319;NutriHub EE Online #2319;E-commerce;M;01/10/2024 00:00
C002320;VitaCare EE #2320;Pharmacy;M;01/01/2025 00:00
C002321;HealthPoint EE #2321;Pharmacy;L;01/02/2025 00:00
C002322;EuroPharmx EE #2322;Pharmacy;S;01/08/2024 00:00
C002323;NutriPharm EE #2323;Pharmacy;M;01/08/2025 00:00
C002324;HealthPoint EE #2324;Pharmacy;L;01/07/2024 00:00
C002325;MediKore EE #2325;Pharmacy;L;01/02/2025 00:00
C002326;Intermarche EE #2326;Retail;M;01/08/2024 00:00
C002327;Edekae EE #2327;Retail;M;01/08/2024 00:00
C002328;Auchon EE #2328;Retail;L;01/09/2025 00:00
C002329;Tesko EE #2329;Retail;M;01/09/2025 00:00
C002330;Auchon EE #2330;Retail;M;01/04/2025 00:00
C002331;Intermarche EE #2331;Retail;M;01/03/2025 00:00
C002332;Tesko EE #2332;Retail;L;01/09/2024 00:00
C002333;Intermarche EE #2333;Retail;M;01/10/2024 00:00
C002334;Lidll EE #2334;Retail;M;01/08/2024 00:00
C002335;Edekae EE #2335;Retail;L;01/11/2024 00:00
C002336;Edekae EE #2336;Retail;M;01/08/2024 00:00
C002337;Intermarche EE #2337;Retail;S;01/10/2024 00:00
C002338;Tesko EE #2338;Retail;S;01/09/2025 00:00
C002339;Sparr EE #2339;Retail;M;01/08/2025 00:00
C002340;Rewee EE #2340;Retail;L;01/07/2024 00:00
C002341;Carrefouk EE #2341;Retail;L;01/11/2024 00:00
C002342;Auchon EE #2342;Retail;M;01/09/2025 00:00
C002343;Auchon EE #2343;Retail;M;01/07/2025 00:00
C002344;Sparr EE #2344;Retail;S;01/01/2025 00:00
C002345;Tesko EE #2345;Retail;M;01/04/2025 00:00
C002346;Intersportt EE #2346;Retail Sport;L;01/08/2025 00:00
C002347;FitZone EE #2347;Retail Sport;L;01/08/2024 00:00
C002348;FitZone EE #2348;Retail Sport;L;01/10/2024 00:00
C002349;FitZone EE #2349;Retail Sport;M;01/06/2025 00:00
C002350;ProSport EE #2350;Retail Sport;L;01/12/2024 00:00
C002351;FitZone EE #2351;Retail Sport;S;01/10/2024 00:00
C002352;FitZone EE #2352;Retail Sport;L;01/08/2024 00:00
C002353;Intersportt EE #2353;Retail Sport;L;01/07/2024 00:00
C002354;SportDirekt EE #2354;Retail Sport;L;01/01/2025 00:00
C002355;VitaBox FI Online #2355;E-commerce;M;01/03/2025 00:00
C002356;VitaBox FI Online #2356;E-commerce;M;01/01/2025 00:00
C002357;VitaBox FI Online #2357;E-commerce;M;01/12/2024 00:00
C002358;FitNest FI Online #2358;E-commerce;S;01/02/2025 00:00
C002359;FitNest FI Online #2359;E-commerce;S;01/12/2024 00:00
C002360;GymMart FI Online #2360;E-commerce;S;01/07/2025 00:00
C002361;ZenBasket FI Online #2361;E-commerce;S;01/08/2024 00:00
C002362;VitaBox FI Online #2362;E-commerce;M;01/04/2025 00:00
C002363;FitNest FI Online #2363;E-commerce;S;01/07/2024 00:00
C002364;HealthPoint FI #2364;Pharmacy;M;01/07/2025 00:00
C002365;HealthPoint FI #2365;Pharmacy;M;01/09/2024 00:00
C002366;PharmaPluz FI #2366;Pharmacy;L;01/10/2024 00:00
C002367;PharmaPluz FI #2367;Pharmacy;M;01/07/2025 00:00
C002368;MediKore FI #2368;Pharmacy;M;01/04/2025 00:00
C002369;PharmaPluz FI #2369;Pharmacy;S;01/06/2025 00:00
C002370;Carrefouk FI #2370;Retail;M;01/12/2024 00:00
C002371;Carrefouk FI #2371;Retail;L;01/02/2025 00:00
C002372;Rewee FI #2372;Retail;M;01/03/2025 00:00
C002373;Aldii FI #2373;Retail;S;01/07/2024 00:00
C002374;Sparr FI #2374;Retail;L;01/08/2024 00:00
C002375;Sparr FI #2375;Retail;M;01/07/2025 00:00
C002376;Rewee FI #2376;Retail;M;01/05/2025 00:00
C002377;Edekae FI #2377;Retail;M;01/08/2024 00:00
C002378;Intermarche FI #2378;Retail;L;01/01/2025 00:00
C002379;Auchon FI #2379;Retail;M;01/03/2025 00:00
C002380;Sparr FI #2380;Retail;L;01/07/2025 00:00
C002381;Aldii FI #2381;Retail;S;01/05/2025 00:00
C002382;Auchon FI #2382;Retail;L;01/02/2025 00:00
C002383;Rewee FI #2383;Retail;S;01/09/2025 00:00
C002384;Rewee FI #2384;Retail;M;01/03/2025 00:00
C002385;Carrefouk FI #2385;Retail;S;01/08/2025 00:00
C002386;Rewee FI #2386;Retail;M;01/04/2025 00:00
C002387;Rewee FI #2387;Retail;L;01/09/2025 00:00
C002388;Carrefouk FI #2388;Retail;M;01/04/2025 00:00
C002389;Edekae FI #2389;Retail;M;01/09/2024 00:00
C002390;FitZone FI #2390;Retail Sport;L;01/07/2024 00:00
C002391;ProSport FI #2391;Retail Sport;L;01/09/2024 00:00
C002392;ProSport FI #2392;Retail Sport;M;01/11/2024 00:00
C002393;Decathlonn FI #2393;Retail Sport;S;01/09/2025 00:00
C002394;Intersportt FI #2394;Retail Sport;S;01/07/2025 00:00
C002395;FitZone FI #2395;Retail Sport;L;01/08/2024 00:00
C002396;AthletiX FI #2396;Retail Sport;L;01/05/2025 00:00
C002397;SportDirekt FI #2397;Retail Sport;M;01/08/2025 00:00
C002398;FitZone FI #2398;Retail Sport;M;01/07/2024 00:00
C002399;PrimeFuel FR Online #2399;E-commerce;M;01/10/2024 00:00
C002400;ZenBasket FR Online #2400;E-commerce;S;01/09/2025 00:00
C002401;VitaBox FR Online #2401;E-commerce;S;01/08/2024 00:00
C002402;ZenBasket FR Online #2402;E-commerce;L;01/06/2025 00:00
C002403;GymMart FR Online #2403;E-commerce;S;01/06/2025 00:00
C002404;FitNest FR Online #2404;E-commerce;S;01/04/2025 00:00
C002405;NutriHub FR Online #2405;E-commerce;S;01/07/2024 00:00
C002406;GymMart FR Online #2406;E-commerce;S;01/02/2025 00:00
C002407;WellKart FR Online #2407;E-commerce;S;01/12/2024 00:00
C002408;PulseMarket FR Online #2408;E-commerce;S;01/08/2024 00:00
C002409;ZenBasket FR Online #2409;E-commerce;S;01/09/2025 00:00
C002410;GymMart FR Online #2410;E-commerce;S;01/08/2024 00:00
C002411;GymMart FR Online #2411;E-commerce;M;01/09/2024 00:00
C002412;VitaBox FR Online #2412;E-commerce;S;01/03/2025 00:00
C002413;NutriHub FR Online #2413;E-commerce;M;01/09/2024 00:00
C002414;PrimeFuel FR Online #2414;E-commerce;S;01/01/2025 00:00
C002415;ZenBasket FR Online #2415;E-commerce;S;01/03/2025 00:00
C002416;GymMart FR Online #2416;E-commerce;S;01/03/2025 00:00
C002417;ZenBasket FR Online #2417;E-commerce;M;01/09/2024 00:00
C002418;VitaBox FR Online #2418;E-commerce;S;01/07/2024 00:00
C002419;WellKart FR Online #2419;E-commerce;M;01/06/2025 00:00
C002420;WellKart FR Online #2420;E-commerce;S;01/10/2024 00:00
C002421;GymMart FR Online #2421;E-commerce;S;01/09/2025 00:00
C002422;GymMart FR Online #2422;E-commerce;M;01/04/2025 00:00
C002423;PrimeFuel FR Online #2423;E-commerce;S;01/05/2025 00:00
C002424;VitaBox FR Online #2424;E-commerce;L;01/11/2024 00:00
C002425;NutriPharm FR #2425;Pharmacy;L;01/07/2024 00:00
C002426;VitaCare FR #2426;Pharmacy;L;01/08/2024 00:00
C002427;VitaCare FR #2427;Pharmacy;S;01/06/2025 00:00
C002428;EuroPharmx FR #2428;Pharmacy;L;01/07/2024 00:00
C002429;NutriPharm FR #2429;Pharmacy;L;01/10/2024 00:00
C002430;PharmaPluz FR #2430;Pharmacy;M;01/10/2024 00:00
C002431;PharmaPluz FR #2431;Pharmacy;S;01/07/2025 00:00
C002432;PharmaPluz FR #2432;Pharmacy;L;01/09/2025 00:00
C002433;EuroPharmx FR #2433;Pharmacy;S;01/11/2024 00:00
C002434;CarePharm FR #2434;Pharmacy;S;01/08/2024 00:00
C002435;MediKore FR #2435;Pharmacy;L;01/11/2024 00:00
C002436;NutriPharm FR #2436;Pharmacy;S;01/04/2025 00:00
C002437;Edekae FR #2437;Retail;M;01/09/2024 00:00
C002438;Intermarche FR #2438;Retail;M;01/07/2025 00:00
C002439;Rewee FR #2439;Retail;M;01/07/2025 00:00
C002440;Auchon FR #2440;Retail;S;01/03/2025 00:00
C002441;Intermarche FR #2441;Retail;M;01/06/2025 00:00
C002442;Aldii FR #2442;Retail;M;01/09/2024 00:00
C002443;Auchon FR #2443;Retail;M;01/10/2024 00:00
C002444;Aldii FR #2444;Retail;L;01/10/2024 00:00
C002445;Tesko FR #2445;Retail;M;01/07/2024 00:00
C002446;Sparr FR #2446;Retail;S;01/08/2025 00:00
C002447;Intermarche FR #2447;Retail;M;01/04/2025 00:00
C002448;Tesko FR #2448;Retail;L;01/09/2025 00:00
C002449;Carrefouk FR #2449;Retail;M;01/07/2024 00:00
C002450;Sparr FR #2450;Retail;M;01/07/2024 00:00
C002451;Rewee FR #2451;Retail;M;01/06/2025 00:00
C002452;Edekae FR #2452;Retail;M;01/07/2024 00:00
C002453;Edekae FR #2453;Retail;M;01/08/2025 00:00
C002454;Lidll FR #2454;Retail;S;01/05/2025 00:00
C002455;Intermarche FR #2455;Retail;M;01/06/2025 00:00
C002456;Sparr FR #2456;Retail;L;01/12/2024 00:00
C002457;Carrefouk FR #2457;Retail;L;01/05/2025 00:00
C002458;Tesko FR #2458;Retail;M;01/07/2025 00:00
C002459;Sparr FR #2459;Retail;L;01/06/2025 00:00
C002460;Sparr FR #2460;Retail;L;01/02/2025 00:00
C002461;Lidll FR #2461;Retail;M;01/09/2024 00:00
C002462;FitZone FR #2462;Retail Sport;L;01/02/2025 00:00
C002463;AthletiX FR #2463;Retail Sport;L;01/08/2025 00:00
C002464;ProSport FR #2464;Retail Sport;L;01/06/2025 00:00
C002465;Decatlon FR #2465;Retail Sport;M;01/09/2024 00:00
C002466;Decatlon FR #2466;Retail Sport;L;01/01/2025 00:00
C002467;Decathlonn FR #2467;Retail Sport;L;01/08/2025 00:00
C002468;Decathlonn FR #2468;Retail Sport;L;01/09/2024 00:00
C002469;Decathlonn FR #2469;Retail Sport;M;01/01/2025 00:00
C002470;Intersportt FR #2470;Retail Sport;M;01/06/2025 00:00
C002471;ProSport FR #2471;Retail Sport;M;01/09/2025 00:00
C002472;Decathlonn FR #2472;Retail Sport;S;01/05/2025 00:00
C002473;Intersportt FR #2473;Retail Sport;L;01/07/2024 00:00
C002474;AthletiX FR #2474;Retail Sport;M;01/08/2025 00:00
C002475;PulseMarket DE Online #2475;E-commerce;S;01/06/2025 00:00
C002476;VitaBox DE Online #2476;E-commerce;M;01/04/2025 00:00
C002477;PulseMarket DE Online #2477;E-commerce;S;01/12/2024 00:00
C002478;NutriHub DE Online #2478;E-commerce;S;01/12/2024 00:00
C002479;NutriHub DE Online #2479;E-commerce;M;01/12/2024 00:00
C002480;FitNest DE Online #2480;E-commerce;S;01/08/2025 00:00
C002481;FitNest DE Online #2481;E-commerce;S;01/05/2025 00:00
C002482;GymMart DE Online #2482;E-commerce;L;01/04/2025 00:00
C002483;GymMart DE Online #2483;E-commerce;L;01/07/2025 00:00
C002484;NutriHub DE Online #2484;E-commerce;M;01/09/2025 00:00
C002485;GymMart DE Online #2485;E-commerce;S;01/02/2025 00:00
C002486;FitNest DE Online #2486;E-commerce;S;01/04/2025 00:00
C002487;PulseMarket DE Online #2487;E-commerce;S;01/08/2025 00:00
C002488;PrimeFuel DE Online #2488;E-commerce;S;01/12/2024 00:00
C002489;FitNest DE Online #2489;E-commerce;S;01/07/2024 00:00
C002490;NutriPharm DE #2490;Pharmacy;M;01/08/2025 00:00
C002491;HealthPoint DE #2491;Pharmacy;S;01/04/2025 00:00
C002492;MediKore DE #2492;Pharmacy;S;01/02/2025 00:00
C002493;CarePharm DE #2493;Pharmacy;S;01/10/2024 00:00
C002494;EuroPharmx DE #2494;Pharmacy;M;01/07/2024 00:00
C002495;EuroPharmx DE #2495;Pharmacy;M;01/04/2025 00:00
C002496;VitaCare DE #2496;Pharmacy;S;01/02/2025 00:00
C002497;NutriPharm DE #2497;Pharmacy;M;01/01/2025 00:00
C002498;NutriPharm DE #2498;Pharmacy;S;01/07/2024 00:00
C002499;CarePharm DE #2499;Pharmacy;S;01/12/2024 00:00
C002500;Intermarche DE #2500;Retail;M;01/07/2024 00:00
C002501;Sparr DE #2501;Retail;S;01/12/2024 00:00
C002502;Auchon DE #2502;Retail;L;01/08/2024 00:00
C002503;Tesko DE #2503;Retail;M;01/04/2025 00:00
C002504;Auchon DE #2504;Retail;L;01/06/2025 00:00
C002505;Sparr DE #2505;Retail;S;01/06/2025 00:00
C002506;Tesko DE #2506;Retail;L;01/08/2024 00:00
C002507;Rewee DE #2507;Retail;L;01/01/2025 00:00
C002508;Intermarche DE #2508;Retail;M;01/07/2025 00:00
C002509;Carrefouk DE #2509;Retail;M;01/12/2024 00:00
C002510;Lidll DE #2510;Retail;M;01/04/2025 00:00
C002511;Rewee DE #2511;Retail;M;01/11/2024 00:00
C002512;Lidll DE #2512;Retail;S;01/12/2024 00:00
C002513;Carrefouk DE #2513;Retail;S;01/03/2025 00:00
C002514;Auchon DE #2514;Retail;S;01/01/2025 00:00
C002515;Auchon DE #2515;Retail;L;01/12/2024 00:00
C002516;Edekae DE #2516;Retail;L;01/08/2025 00:00
C002517;Rewee DE #2517;Retail;L;01/04/2025 00:00
C002518;Auchon DE #2518;Retail;L;01/06/2025 00:00
C002519;Rewee DE #2519;Retail;M;01/12/2024 00:00
C002520;Tesko DE #2520;Retail;M;01/01/2025 00:00
C002521;Intermarche DE #2521;Retail;L;01/09/2025 00:00
C002522;Auchon DE #2522;Retail;M;01/08/2025 00:00
C002523;Aldii DE #2523;Retail;M;01/08/2025 00:00
C002524;Auchon DE #2524;Retail;L;01/06/2025 00:00
C002525;Sparr DE #2525;Retail;L;01/07/2024 00:00
C002526;Intermarche DE #2526;Retail;S;01/09/2024 00:00
C002527;Lidll DE #2527;Retail;L;01/06/2025 00:00
C002528;Tesko DE #2528;Retail;M;01/08/2025 00:00
C002529;Rewee DE #2529;Retail;L;01/07/2025 00:00
C002530;Aldii DE #2530;Retail;L;01/08/2025 00:00
C002531;Tesko DE #2531;Retail;L;01/04/2025 00:00
C002532;Edekae DE #2532;Retail;S;01/04/2025 00:00
C002533;Edekae DE #2533;Retail;S;01/09/2024 00:00
C002534;Sparr DE #2534;Retail;M;01/12/2024 00:00
C002535;Rewee DE #2535;Retail;M;01/11/2024 00:00
C002536;Decatlon DE #2536;Retail Sport;M;01/02/2025 00:00
C002537;FitZone DE #2537;Retail Sport;L;01/08/2025 00:00
C002538;Decatlon DE #2538;Retail Sport;L;01/06/2025 00:00
C002539;AthletiX DE #2539;Retail Sport;M;01/07/2024 00:00
C002540;SportDirekt DE #2540;Retail Sport;M;01/08/2024 00:00
C002541;Decathlonn DE #2541;Retail Sport;L;01/09/2024 00:00
C002542;SportDirekt DE #2542;Retail Sport;L;01/02/2025 00:00
C002543;ProSport DE #2543;Retail Sport;M;01/01/2025 00:00
C002544;SportDirekt DE #2544;Retail Sport;L;01/08/2025 00:00
C002545;AthletiX DE #2545;Retail Sport;M;01/09/2025 00:00
C002546;ProSport DE #2546;Retail Sport;M;01/10/2024 00:00
C002547;AthletiX DE #2547;Retail Sport;L;01/09/2025 00:00
C002548;AthletiX DE #2548;Retail Sport;L;01/11/2024 00:00
C002549;Intersportt DE #2549;Retail Sport;L;01/12/2024 00:00
C002550;Decatlon DE #2550;Retail Sport;M;01/04/2025 00:00
C002551;NutriHub GR Online #2551;E-commerce;S;01/02/2025 00:00
C002552;NutriHub GR Online #2552;E-commerce;L;01/03/2025 00:00
C002553;PulseMarket GR Online #2553;E-commerce;M;01/10/2024 00:00
C002554;FitNest GR Online #2554;E-commerce;S;01/08/2025 00:00
C002555;PulseMarket GR Online #2555;E-commerce;S;01/07/2024 00:00
C002556;GymMart GR Online #2556;E-commerce;M;01/08/2025 00:00
C002557;GymMart GR Online #2557;E-commerce;L;01/02/2025 00:00
C002558;FitNest GR Online #2558;E-commerce;M;01/02/2025 00:00
C002559;VitaBox GR Online #2559;E-commerce;S;01/07/2024 00:00
C002560;FitNest GR Online #2560;E-commerce;S;01/09/2025 00:00
C002561;GymMart GR Online #2561;E-commerce;L;01/05/2025 00:00
C002562;NutriHub GR Online #2562;E-commerce;S;01/12/2024 00:00
C002563;PulseMarket GR Online #2563;E-commerce;S;01/06/2025 00:00
C002564;ZenBasket GR Online #2564;E-commerce;S;01/12/2024 00:00
C002565;PulseMarket GR Online #2565;E-commerce;S;01/01/2025 00:00
C002566;VitaBox GR Online #2566;E-commerce;S;01/08/2025 00:00
C002567;VitaBox GR Online #2567;E-commerce;L;01/06/2025 00:00
C002568;VitaBox GR Online #2568;E-commerce;M;01/12/2024 00:00
C002569;NutriHub GR Online #2569;E-commerce;M;01/07/2025 00:00
C002570;ZenBasket GR Online #2570;E-commerce;S;01/12/2024 00:00
C002571;WellKart GR Online #2571;E-commerce;M;01/10/2024 00:00
C002572;FitNest GR Online #2572;E-commerce;M;01/08/2024 00:00
C002573;NutriHub GR Online #2573;E-commerce;S;01/07/2025 00:00
C002574;GymMart GR Online #2574;E-commerce;M;01/07/2024 00:00
C002575;GymMart GR Online #2575;E-commerce;M;01/09/2024 00:00
C002576;PharmaPluz GR #2576;Pharmacy;S;01/06/2025 00:00
C002577;CarePharm GR #2577;Pharmacy;L;01/12/2024 00:00
C002578;CarePharm GR #2578;Pharmacy;S;01/01/2025 00:00
C002579;HealthPoint GR #2579;Pharmacy;M;01/11/2024 00:00
C002580;VitaCare GR #2580;Pharmacy;M;01/08/2024 00:00
C002581;VitaCare GR #2581;Pharmacy;L;01/07/2024 00:00
C002582;VitaCare GR #2582;Pharmacy;M;01/08/2025 00:00
C002583;PharmaPluz GR #2583;Pharmacy;S;01/09/2024 00:00
C002584;MediKore GR #2584;Pharmacy;M;01/04/2025 00:00
C002585;Sparr GR #2585;Retail;L;01/01/2025 00:00
C002586;Intermarche GR #2586;Retail;L;01/03/2025 00:00
C002587;Intermarche GR #2587;Retail;L;01/11/2024 00:00
C002588;Lidll GR #2588;Retail;M;01/03/2025 00:00
C002589;FitZone GR #2589;Retail Sport;M;01/08/2024 00:00
C002590;FitZone GR #2590;Retail Sport;L;01/07/2024 00:00
C002591;SportDirekt GR #2591;Retail Sport;L;01/04/2025 00:00
C002592;ProSport GR #2592;Retail Sport;M;01/08/2025 00:00
C002593;ProSport GR #2593;Retail Sport;L;01/07/2024 00:00
C002594;WellKart HU Online #2594;E-commerce;S;01/06/2025 00:00
C002595;PulseMarket HU Online #2595;E-commerce;M;01/10/2024 00:00
C002596;PrimeFuel HU Online #2596;E-commerce;M;01/05/2025 00:00
C002597;WellKart HU Online #2597;E-commerce;M;01/10/2024 00:00
C002598;VitaBox HU Online #2598;E-commerce;S;01/09/2024 00:00
C002599;GymMart HU Online #2599;E-commerce;M;01/09/2025 00:00
C002600;NutriHub HU Online #2600;E-commerce;L;01/09/2025 00:00
C002601;WellKart HU Online #2601;E-commerce;M;01/03/2025 00:00
C002602;GymMart HU Online #2602;E-commerce;L;01/07/2024 00:00
C002603;PrimeFuel HU Online #2603;E-commerce;L;01/08/2025 00:00
C002604;WellKart HU Online #2604;E-commerce;S;01/08/2024 00:00
C002605;PulseMarket HU Online #2605;E-commerce;L;01/11/2024 00:00
C002606;NutriPharm HU #2606;Pharmacy;M;01/07/2024 00:00
C002607;PharmaPluz HU #2607;Pharmacy;M;01/09/2025 00:00
C002608;HealthPoint HU #2608;Pharmacy;S;01/08/2025 00:00
C002609;PharmaPluz HU #2609;Pharmacy;L;01/08/2025 00:00
C002610;HealthPoint HU #2610;Pharmacy;S;01/07/2024 00:00
C002611;VitaCare HU #2611;Pharmacy;M;01/01/2025 00:00
C002612;VitaCare HU #2612;Pharmacy;S;01/04/2025 00:00
C002613;Lidll HU #2613;Retail;S;01/08/2024 00:00
C002614;Intermarche HU #2614;Retail;L;01/03/2025 00:00
C002615;Auchon HU #2615;Retail;S;01/07/2024 00:00
C002616;Aldii HU #2616;Retail;M;01/02/2025 00:00
C002617;Tesko HU #2617;Retail;M;01/07/2025 00:00
C002618;Auchon HU #2618;Retail;M;01/02/2025 00:00
C002619;Tesko HU #2619;Retail;M;01/10/2024 00:00
C002620;Sparr HU #2620;Retail;M;01/08/2025 00:00
C002621;Auchon HU #2621;Retail;L;01/07/2024 00:00
C002622;Rewee HU #2622;Retail;L;01/03/2025 00:00
C002623;Sparr HU #2623;Retail;M;01/03/2025 00:00
C002624;Lidll HU #2624;Retail;L;01/06/2025 00:00
C002625;Edekae HU #2625;Retail;L;01/09/2024 00:00
C002626;Edekae HU #2626;Retail;M;01/10/2024 00:00
C002627;Lidll HU #2627;Retail;L;01/08/2024 00:00
C002628;Edekae HU #2628;Retail;M;01/08/2025 00:00
C002629;Auchon HU #2629;Retail;M;01/10/2024 00:00
C002630;ProSport HU #2630;Retail Sport;M;01/08/2024 00:00
C002631;ProSport HU #2631;Retail Sport;M;01/06/2025 00:00
C002632;SportDirekt HU #2632;Retail Sport;L;01/01/2025 00:00
C002633;Intersportt HU #2633;Retail Sport;M;01/07/2024 00:00
C002634;ProSport HU #2634;Retail Sport;L;01/08/2024 00:00
C002635;Decatlon HU #2635;Retail Sport;M;01/09/2025 00:00
C002636;AthletiX HU #2636;Retail Sport;L;01/08/2025 00:00
C002637;GymMart IE Online #2637;E-commerce;S;01/09/2025 00:00
C002638;ZenBasket IE Online #2638;E-commerce;M;01/10/2024 00:00
C002639;PulseMarket IE Online #2639;E-commerce;S;01/08/2024 00:00
C002640;GymMart IE Online #2640;E-commerce;M;01/03/2025 00:00
C002641;WellKart IE Online #2641;E-commerce;M;01/07/2024 00:00
C002642;WellKart IE Online #2642;E-commerce;L;01/09/2024 00:00
C002643;GymMart IE Online #2643;E-commerce;M;01/08/2024 00:00
C002644;PrimeFuel IE Online #2644;E-commerce;S;01/07/2025 00:00
C002645;GymMart IE Online #2645;E-commerce;M;01/01/2025 00:00
C002646;PharmaPluz IE #2646;Pharmacy;M;01/05/2025 00:00
C002647;PharmaPluz IE #2647;Pharmacy;S;01/09/2024 00:00
C002648;HealthPoint IE #2648;Pharmacy;S;01/09/2024 00:00
C002649;PharmaPluz IE #2649;Pharmacy;L;01/04/2025 00:00
C002650;HealthPoint IE #2650;Pharmacy;M;01/05/2025 00:00
C002651;EuroPharmx IE #2651;Pharmacy;M;01/08/2025 00:00
C002652;Aldii IE #2652;Retail;M;01/04/2025 00:00
C002653;Auchon IE #2653;Retail;M;01/02/2025 00:00
C002654;Aldii IE #2654;Retail;L;01/01/2025 00:00
C002655;Edekae IE #2655;Retail;L;01/03/2025 00:00
C002656;Carrefouk IE #2656;Retail;L;01/05/2025 00:00
C002657;Aldii IE #2657;Retail;L;01/05/2025 00:00
C002658;Edekae IE #2658;Retail;S;01/09/2025 00:00
C002659;Aldii IE #2659;Retail;L;01/08/2025 00:00
C002660;Edekae IE #2660;Retail;M;01/08/2025 00:00
C002661;Lidll IE #2661;Retail;M;01/12/2024 00:00
C002662;Intermarche IE #2662;Retail;L;01/10/2024 00:00
C002663;Carrefouk IE #2663;Retail;L;01/02/2025 00:00
C002664;Edekae IE #2664;Retail;M;01/02/2025 00:00
C002665;Edekae IE #2665;Retail;M;01/09/2024 00:00
C002666;Auchon IE #2666;Retail;M;01/11/2024 00:00
C002667;Sparr IE #2667;Retail;L;01/07/2025 00:00
C002668;Auchon IE #2668;Retail;L;01/07/2025 00:00
C002669;Lidll IE #2669;Retail;M;01/09/2025 00:00
C002670;Auchon IE #2670;Retail;L;01/11/2024 00:00
C002671;Rewee IE #2671;Retail;L;01/08/2024 00:00
C002672;AthletiX IE #2672;Retail Sport;S;01/09/2025 00:00
C002673;ProSport IE #2673;Retail Sport;L;01/03/2025 00:00
C002674;ProSport IE #2674;Retail Sport;M;01/09/2024 00:00
C002675;ProSport IE #2675;Retail Sport;M;01/04/2025 00:00
C002676;ProSport IE #2676;Retail Sport;S;01/08/2024 00:00
C002677;SportDirekt IE #2677;Retail Sport;M;01/02/2025 00:00
C002678;Decatlon IE #2678;Retail Sport;M;01/07/2025 00:00
C002679;FitZone IE #2679;Retail Sport;L;01/02/2025 00:00
C002680;Intersportt IE #2680;Retail Sport;M;01/10/2024 00:00
C002681;NutriHub IT Online #2681;E-commerce;S;01/08/2025 00:00
C002682;ZenBasket IT Online #2682;E-commerce;M;01/02/2025 00:00
C002683;GymMart IT Online #2683;E-commerce;M;01/07/2025 00:00
C002684;FitNest IT Online #2684;E-commerce;M;01/07/2025 00:00
C002685;NutriHub IT Online #2685;E-commerce;M;01/04/2025 00:00
C002686;ZenBasket IT Online #2686;E-commerce;M;01/08/2025 00:00
C002687;PulseMarket IT Online #2687;E-commerce;M;01/05/2025 00:00
C002688;GymMart IT Online #2688;E-commerce;S;01/06/2025 00:00
C002689;NutriHub IT Online #2689;E-commerce;L;01/09/2024 00:00
C002690;NutriHub IT Online #2690;E-commerce;S;01/03/2025 00:00
C002691;NutriHub IT Online #2691;E-commerce;S;01/05/2025 00:00
C002692;ZenBasket IT Online #2692;E-commerce;L;01/08/2024 00:00
C002693;PulseMarket IT Online #2693;E-commerce;S;01/08/2024 00:00
C002694;NutriHub IT Online #2694;E-commerce;S;01/04/2025 00:00
C002695;NutriHub IT Online #2695;E-commerce;S;01/08/2025 00:00
C002696;GymMart IT Online #2696;E-commerce;S;01/03/2025 00:00
C002697;PulseMarket IT Online #2697;E-commerce;S;01/08/2025 00:00
C002698;VitaBox IT Online #2698;E-commerce;S;01/09/2025 00:00
C002699;FitNest IT Online #2699;E-commerce;M;01/07/2024 00:00
C002700;WellKart IT Online #2700;E-commerce;M;01/12/2024 00:00
C002701;ZenBasket IT Online #2701;E-commerce;S;01/08/2024 00:00
C002702;PulseMarket IT Online #2702;E-commerce;S;01/04/2025 00:00
C002703;NutriHub IT Online #2703;E-commerce;S;01/11/2024 00:00
C002704;PulseMarket IT Online #2704;E-commerce;S;01/07/2024 00:00
C002705;WellKart IT Online #2705;E-commerce;M;01/03/2025 00:00
C002706;PrimeFuel IT Online #2706;E-commerce;M;01/01/2025 00:00
C002707;WellKart IT Online #2707;E-commerce;S;01/02/2025 00:00
C002708;WellKart IT Online #2708;E-commerce;S;01/10/2024 00:00
C002709;FitNest IT Online #2709;E-commerce;M;01/01/2025 00:00
C002710;FitNest IT Online #2710;E-commerce;M;01/08/2024 00:00
C002711;ZenBasket IT Online #2711;E-commerce;S;01/09/2024 00:00
C002712;FitNest IT Online #2712;E-commerce;S;01/12/2024 00:00
C002713;PrimeFuel IT Online #2713;E-commerce;S;01/10/2024 00:00
C002714;PulseMarket IT Online #2714;E-commerce;M;01/04/2025 00:00
C002715;WellKart IT Online #2715;E-commerce;M;01/09/2025 00:00
C002716;VitaBox IT Online #2716;E-commerce;S;01/06/2025 00:00
C002717;VitaBox IT Online #2717;E-commerce;M;01/11/2024 00:00
C002718;WellKart IT Online #2718;E-commerce;S;01/11/2024 00:00
C002719;WellKart IT Online #2719;E-commerce;S;01/09/2025 00:00
C002720;PrimeFuel IT Online #2720;E-commerce;M;01/09/2024 00:00
C002721;FitNest IT Online #2721;E-commerce;S;01/11/2024 00:00
C002722;FitNest IT Online #2722;E-commerce;S;01/11/2024 00:00
C002723;NutriHub IT Online #2723;E-commerce;S;01/07/2025 00:00
C002724;FitNest IT Online #2724;E-commerce;S;01/04/2025 00:00
C002725;CarePharm IT #2725;Pharmacy;M;01/10/2024 00:00
C002726;VitaCare IT #2726;Pharmacy;M;01/08/2024 00:00
C002727;PharmaPluz IT #2727;Pharmacy;S;01/10/2024 00:00
C002728;EuroPharmx IT #2728;Pharmacy;M;01/05/2025 00:00
C002729;VitaCare IT #2729;Pharmacy;S;01/09/2025 00:00
C002730;EuroPharmx IT #2730;Pharmacy;M;01/02/2025 00:00
C002731;HealthPoint IT #2731;Pharmacy;S;01/10/2024 00:00
C002732;HealthPoint IT #2732;Pharmacy;M;01/09/2025 00:00
C002733;PharmaPluz IT #2733;Pharmacy;M;01/08/2025 00:00
C002734;NutriPharm IT #2734;Pharmacy;M;01/08/2025 00:00
C002735;NutriPharm IT #2735;Pharmacy;M;01/09/2024 00:00
C002736;CarePharm IT #2736;Pharmacy;S;01/04/2025 00:00
C002737;VitaCare IT #2737;Pharmacy;S;01/04/2025 00:00
C002738;VitaCare IT #2738;Pharmacy;S;01/04/2025 00:00
C002739;CarePharm IT #2739;Pharmacy;L;01/12/2024 00:00
C002740;Tesko IT #2740;Retail;M;01/01/2025 00:00
C002741;Auchon IT #2741;Retail;M;01/10/2024 00:00
C002742;Sparr IT #2742;Retail;L;01/08/2025 00:00
C002743;Aldii IT #2743;Retail;M;01/06/2025 00:00
C002744;Lidll IT #2744;Retail;M;01/05/2025 00:00
C002745;Carrefouk IT #2745;Retail;M;01/10/2024 00:00
C002746;Intermarche IT #2746;Retail;S;01/08/2024 00:00
C002747;Sparr IT #2747;Retail;L;01/09/2024 00:00
C002748;Intersportt IT #2748;Retail Sport;M;01/07/2025 00:00
C002749;ProSport IT #2749;Retail Sport;L;01/11/2024 00:00
C002750;ProSport IT #2750;Retail Sport;M;01/09/2025 00:00
C002751;ProSport IT #2751;Retail Sport;M;01/08/2025 00:00
C002752;ProSport IT #2752;Retail Sport;M;01/07/2024 00:00
C002753;AthletiX IT #2753;Retail Sport;M;01/09/2024 00:00
C002754;ProSport IT #2754;Retail Sport;L;01/07/2025 00:00
C002755;ProSport IT #2755;Retail Sport;L;01/04/2025 00:00
C002756;Decathlonn IT #2756;Retail Sport;L;01/11/2024 00:00
C002757;NutriHub LV Online #2757;E-commerce;S;01/04/2025 00:00
C002758;GymMart LV Online #2758;E-commerce;S;01/11/2024 00:00
C002759;NutriHub LV Online #2759;E-commerce;M;01/09/2025 00:00
C002760;VitaBox LV Online #2760;E-commerce;S;01/07/2024 00:00
C002761;ZenBasket LV Online #2761;E-commerce;S;01/03/2025 00:00
C002762;GymMart LV Online #2762;E-commerce;S;01/02/2025 00:00
C002763;PulseMarket LV Online #2763;E-commerce;S;01/07/2025 00:00
C002764;NutriHub LV Online #2764;E-commerce;M;01/06/2025 00:00
C002765;WellKart LV Online #2765;E-commerce;S;01/05/2025 00:00
C002766;HealthPoint LV #2766;Pharmacy;M;01/08/2025 00:00
C002767;VitaCare LV #2767;Pharmacy;S;01/07/2024 00:00
C002768;VitaCare LV #2768;Pharmacy;M;01/05/2025 00:00
C002769;PharmaPluz LV #2769;Pharmacy;S;01/09/2024 00:00
C002770;CarePharm LV #2770;Pharmacy;M;01/06/2025 00:00
C002771;VitaCare LV #2771;Pharmacy;S;01/04/2025 00:00
C002772;Edekae LV #2772;Retail;M;01/02/2025 00:00
C002773;Aldii LV #2773;Retail;L;01/11/2024 00:00
C002774;Rewee LV #2774;Retail;M;01/02/2025 00:00
C002775;Rewee LV #2775;Retail;M;01/06/2025 00:00
C002776;Rewee LV #2776;Retail;M;01/10/2024 00:00
C002777;Auchon LV #2777;Retail;M;01/06/2025 00:00
C002778;Tesko LV #2778;Retail;M;01/04/2025 00:00
C002779;Auchon LV #2779;Retail;L;01/04/2025 00:00
C002780;Auchon LV #2780;Retail;L;01/03/2025 00:00
C002781;Lidll LV #2781;Retail;M;01/11/2024 00:00
C002782;Auchon LV #2782;Retail;M;01/12/2024 00:00
C002783;Sparr LV #2783;Retail;L;01/02/2025 00:00
C002784;Rewee LV #2784;Retail;S;01/09/2024 00:00
C002785;Intermarche LV #2785;Retail;S;01/09/2024 00:00
C002786;Rewee LV #2786;Retail;L;01/02/2025 00:00
C002787;Rewee LV #2787;Retail;M;01/12/2024 00:00
C002788;Aldii LV #2788;Retail;S;01/01/2025 00:00
C002789;Edekae LV #2789;Retail;L;01/08/2024 00:00
C002790;Tesko LV #2790;Retail;M;01/07/2024 00:00
C002791;Intermarche LV #2791;Retail;M;01/04/2025 00:00
C002792;Intersportt LV #2792;Retail Sport;L;01/06/2025 00:00
C002793;Intersportt LV #2793;Retail Sport;M;01/04/2025 00:00
C002794;Decathlonn LV #2794;Retail Sport;M;01/07/2025 00:00
C002795;Intersportt LV #2795;Retail Sport;L;01/01/2025 00:00
C002796;AthletiX LV #2796;Retail Sport;M;01/02/2025 00:00
C002797;ProSport LV #2797;Retail Sport;S;01/08/2025 00:00
C002798;AthletiX LV #2798;Retail Sport;M;01/05/2025 00:00
C002799;ProSport LV #2799;Retail Sport;M;01/12/2024 00:00
C002800;AthletiX LV #2800;Retail Sport;S;01/08/2025 00:00
C002801;VitaBox LT Online #2801;E-commerce;S;01/08/2024 00:00
C002802;FitNest LT Online #2802;E-commerce;L;01/01/2025 00:00
C002803;GymMart LT Online #2803;E-commerce;S;01/06/2025 00:00
C002804;GymMart LT Online #2804;E-commerce;M;01/06/2025 00:00
C002805;PulseMarket LT Online #2805;E-commerce;S;01/01/2025 00:00
C002806;PrimeFuel LT Online #2806;E-commerce;S;01/11/2024 00:00
C002807;PulseMarket LT Online #2807;E-commerce;S;01/07/2024 00:00
C002808;PulseMarket LT Online #2808;E-commerce;S;01/09/2024 00:00
C002809;PulseMarket LT Online #2809;E-commerce;S;01/09/2024 00:00
C002810;CarePharm LT #2810;Pharmacy;S;01/03/2025 00:00
C002811;VitaCare LT #2811;Pharmacy;M;01/11/2024 00:00
C002812;PharmaPluz LT #2812;Pharmacy;L;01/05/2025 00:00
C002813;EuroPharmx LT #2813;Pharmacy;S;01/02/2025 00:00
C002814;PharmaPluz LT #2814;Pharmacy;M;01/03/2025 00:00
C002815;VitaCare LT #2815;Pharmacy;M;01/09/2025 00:00
C002816;Edekae LT #2816;Retail;M;01/08/2024 00:00
C002817;Edekae LT #2817;Retail;L;01/09/2024 00:00
C002818;Intermarche LT #2818;Retail;M;01/12/2024 00:00
C002819;Edekae LT #2819;Retail;L;01/11/2024 00:00
C002820;Tesko LT #2820;Retail;L;01/04/2025 00:00
C002821;Rewee LT #2821;Retail;M;01/02/2025 00:00
C002822;Rewee LT #2822;Retail;M;01/07/2024 00:00
C002823;Sparr LT #2823;Retail;S;01/12/2024 00:00
C002824;Lidll LT #2824;Retail;L;01/04/2025 00:00
C002825;Auchon LT #2825;Retail;M;01/12/2024 00:00
C002826;Rewee LT #2826;Retail;M;01/03/2025 00:00
C002827;Carrefouk LT #2827;Retail;L;01/09/2025 00:00
C002828;Lidll LT #2828;Retail;M;01/02/2025 00:00
C002829;Intermarche LT #2829;Retail;S;01/11/2024 00:00
C002830;Edekae LT #2830;Retail;M;01/09/2024 00:00
C002831;Edekae LT #2831;Retail;M;01/10/2024 00:00
C002832;Lidll LT #2832;Retail;S;01/02/2025 00:00
C002833;Lidll LT #2833;Retail;M;01/01/2025 00:00
C002834;Intermarche LT #2834;Retail;M;01/04/2025 00:00
C002835;Auchon LT #2835;Retail;M;01/02/2025 00:00
C002836;ProSport LT #2836;Retail Sport;M;01/05/2025 00:00
C002837;FitZone LT #2837;Retail Sport;L;01/05/2025 00:00
C002838;Intersportt LT #2838;Retail Sport;L;01/09/2025 00:00
C002839;Intersportt LT #2839;Retail Sport;M;01/09/2024 00:00
C002840;Decathlonn LT #2840;Retail Sport;M;01/04/2025 00:00
C002841;AthletiX LT #2841;Retail Sport;M;01/03/2025 00:00
C002842;AthletiX LT #2842;Retail Sport;L;01/12/2024 00:00
C002843;SportDirekt LT #2843;Retail Sport;L;01/11/2024 00:00
C002844;FitZone LT #2844;Retail Sport;M;01/06/2025 00:00
C002845;ZenBasket LU Online #2845;E-commerce;L;01/02/2025 00:00
C002846;VitaBox LU Online #2846;E-commerce;M;01/04/2025 00:00
C002847;VitaBox LU Online #2847;E-commerce;S;01/01/2025 00:00
C002848;GymMart LU Online #2848;E-commerce;M;01/01/2025 00:00
C002849;ZenBasket LU Online #2849;E-commerce;S;01/01/2025 00:00
C002850;PulseMarket LU Online #2850;E-commerce;S;01/03/2025 00:00
C002851;ZenBasket LU Online #2851;E-commerce;S;01/03/2025 00:00
C002852;WellKart LU Online #2852;E-commerce;S;01/09/2024 00:00
C002853;WellKart LU Online #2853;E-commerce;S;01/08/2024 00:00
C002854;HealthPoint LU #2854;Pharmacy;S;01/08/2024 00:00
C002855;PharmaPluz LU #2855;Pharmacy;S;01/03/2025 00:00
C002856;PharmaPluz LU #2856;Pharmacy;L;01/08/2025 00:00
C002857;EuroPharmx LU #2857;Pharmacy;M;01/09/2025 00:00
C002858;HealthPoint LU #2858;Pharmacy;M;01/07/2024 00:00
C002859;EuroPharmx LU #2859;Pharmacy;M;01/09/2024 00:00
C002860;Edekae LU #2860;Retail;M;01/08/2024 00:00
C002861;Edekae LU #2861;Retail;L;01/07/2024 00:00
C002862;Aldii LU #2862;Retail;L;01/12/2024 00:00
C002863;Carrefouk LU #2863;Retail;L;01/05/2025 00:00
C002864;Carrefouk LU #2864;Retail;L;01/01/2025 00:00
C002865;Intermarche LU #2865;Retail;L;01/02/2025 00:00
C002866;Edekae LU #2866;Retail;L;01/08/2025 00:00
C002867;Lidll LU #2867;Retail;L;01/04/2025 00:00
C002868;Tesko LU #2868;Retail;L;01/09/2025 00:00
C002869;Carrefouk LU #2869;Retail;M;01/05/2025 00:00
C002870;Lidll LU #2870;Retail;L;01/02/2025 00:00
C002871;Intermarche LU #2871;Retail;M;01/12/2024 00:00
C002872;Edekae LU #2872;Retail;S;01/06/2025 00:00
C002873;Tesko LU #2873;Retail;M;01/01/2025 00:00
C002874;Sparr LU #2874;Retail;L;01/02/2025 00:00
C002875;Lidll LU #2875;Retail;L;01/10/2024 00:00
C002876;Aldii LU #2876;Retail;S;01/02/2025 00:00
C002877;Edekae LU #2877;Retail;M;01/11/2024 00:00
C002878;Lidll LU #2878;Retail;L;01/04/2025 00:00
C002879;Carrefouk LU #2879;Retail;L;01/08/2024 00:00
C002880;ProSport LU #2880;Retail Sport;L;01/10/2024 00:00
C002881;Decatlon LU #2881;Retail Sport;L;01/09/2024 00:00
C002882;SportDirekt LU #2882;Retail Sport;L;01/03/2025 00:00
C002883;FitZone LU #2883;Retail Sport;L;01/06/2025 00:00
C002884;Decatlon LU #2884;Retail Sport;M;01/10/2024 00:00
C002885;Decatlon LU #2885;Retail Sport;M;01/06/2025 00:00
C002886;ProSport LU #2886;Retail Sport;L;01/11/2024 00:00
C002887;Intersportt LU #2887;Retail Sport;L;01/09/2025 00:00
C002888;Decatlon LU #2888;Retail Sport;L;01/12/2024 00:00
C002889;WellKart MT Online #2889;E-commerce;S;01/02/2025 00:00
C002890;GymMart MT Online #2890;E-commerce;M;01/10/2024 00:00
C002891;PulseMarket MT Online #2891;E-commerce;S;01/11/2024 00:00
C002892;NutriHub MT Online #2892;E-commerce;S;01/06/2025 00:00
C002893;NutriHub MT Online #2893;E-commerce;S;01/08/2025 00:00
C002894;FitNest MT Online #2894;E-commerce;S;01/08/2024 00:00
C002895;NutriHub MT Online #2895;E-commerce;M;01/07/2024 00:00
C002896;FitNest MT Online #2896;E-commerce;S;01/10/2024 00:00
C002897;VitaBox MT Online #2897;E-commerce;L;01/07/2025 00:00
C002898;GymMart MT Online #2898;E-commerce;M;01/12/2024 00:00
C002899;PulseMarket MT Online #2899;E-commerce;M;01/02/2025 00:00
C002900;WellKart MT Online #2900;E-commerce;S;01/02/2025 00:00
C002901;WellKart MT Online #2901;E-commerce;M;01/06/2025 00:00
C002902;ZenBasket MT Online #2902;E-commerce;M;01/07/2025 00:00
C002903;WellKart MT Online #2903;E-commerce;L;01/07/2024 00:00
C002904;NutriHub MT Online #2904;E-commerce;S;01/08/2025 00:00
C002905;PulseMarket MT Online #2905;E-commerce;M;01/08/2024 00:00
C002906;WellKart MT Online #2906;E-commerce;S;01/09/2024 00:00
C002907;VitaBox MT Online #2907;E-commerce;S;01/11/2024 00:00
C002908;FitNest MT Online #2908;E-commerce;M;01/12/2024 00:00
C002909;ZenBasket MT Online #2909;E-commerce;M;01/09/2025 00:00
C002910;GymMart MT Online #2910;E-commerce;M;01/11/2024 00:00
C002911;FitNest MT Online #2911;E-commerce;S;01/02/2025 00:00
C002912;ZenBasket MT Online #2912;E-commerce;L;01/11/2024 00:00
C002913;NutriHub MT Online #2913;E-commerce;S;01/01/2025 00:00
C002914;NutriPharm MT #2914;Pharmacy;M;01/07/2025 00:00
C002915;HealthPoint MT #2915;Pharmacy;M;01/06/2025 00:00
C002916;MediKore MT #2916;Pharmacy;S;01/12/2024 00:00
C002917;PharmaPluz MT #2917;Pharmacy;M;01/03/2025 00:00
C002918;EuroPharmx MT #2918;Pharmacy;S;01/12/2024 00:00
C002919;EuroPharmx MT #2919;Pharmacy;S;01/01/2025 00:00
C002920;VitaCare MT #2920;Pharmacy;L;01/07/2025 00:00
C002921;HealthPoint MT #2921;Pharmacy;S;01/07/2024 00:00
C002922;EuroPharmx MT #2922;Pharmacy;M;01/02/2025 00:00
C002923;Auchon MT #2923;Retail;L;01/03/2025 00:00
C002924;Aldii MT #2924;Retail;L;01/02/2025 00:00
C002925;Auchon MT #2925;Retail;M;01/09/2025 00:00
C002926;Sparr MT #2926;Retail;L;01/07/2024 00:00
C002927;Decathlonn MT #2927;Retail Sport;M;01/12/2024 00:00
C002928;ProSport MT #2928;Retail Sport;L;01/03/2025 00:00
C002929;FitZone MT #2929;Retail Sport;S;01/06/2025 00:00
C002930;AthletiX MT #2930;Retail Sport;S;01/03/2025 00:00
C002931;FitZone MT #2931;Retail Sport;L;01/03/2025 00:00
C002932;PrimeFuel NL Online #2932;E-commerce;M;01/03/2025 00:00
C002933;NutriHub NL Online #2933;E-commerce;S;01/02/2025 00:00
C002934;GymMart NL Online #2934;E-commerce;M;01/04/2025 00:00
C002935;VitaBox NL Online #2935;E-commerce;L;01/07/2025 00:00
C002936;VitaBox NL Online #2936;E-commerce;M;01/01/2025 00:00
C002937;GymMart NL Online #2937;E-commerce;S;01/08/2024 00:00
C002938;PrimeFuel NL Online #2938;E-commerce;M;01/09/2024 00:00
C002939;NutriHub NL Online #2939;E-commerce;S;01/01/2025 00:00
C002940;WellKart NL Online #2940;E-commerce;L;01/08/2025 00:00
C002941;PulseMarket NL Online #2941;E-commerce;S;01/06/2025 00:00
C002942;FitNest NL Online #2942;E-commerce;S;01/09/2024 00:00
C002943;CarePharm NL #2943;Pharmacy;L;01/11/2024 00:00
C002944;HealthPoint NL #2944;Pharmacy;S;01/06/2025 00:00
C002945;PharmaPluz NL #2945;Pharmacy;L;01/07/2025 00:00
C002946;NutriPharm NL #2946;Pharmacy;M;01/02/2025 00:00
C002947;NutriPharm NL #2947;Pharmacy;M;01/09/2024 00:00
C002948;PharmaPluz NL #2948;Pharmacy;S;01/03/2025 00:00
C002949;EuroPharmx NL #2949;Pharmacy;S;01/02/2025 00:00
C002950;Tesko NL #2950;Retail;M;01/02/2025 00:00
C002951;Lidll NL #2951;Retail;L;01/07/2024 00:00
C002952;Rewee NL #2952;Retail;M;01/07/2025 00:00
C002953;Lidll NL #2953;Retail;L;01/02/2025 00:00
C002954;Rewee NL #2954;Retail;L;01/07/2024 00:00
C002955;Aldii NL #2955;Retail;S;01/03/2025 00:00
C002956;Rewee NL #2956;Retail;S;01/09/2024 00:00
C002957;Lidll NL #2957;Retail;L;01/08/2024 00:00
C002958;Lidll NL #2958;Retail;M;01/11/2024 00:00
C002959;Rewee NL #2959;Retail;M;01/07/2025 00:00
C002960;Edekae NL #2960;Retail;L;01/02/2025 00:00
C002961;Sparr NL #2961;Retail;M;01/05/2025 00:00
C002962;Edekae NL #2962;Retail;L;01/01/2025 00:00
C002963;Edekae NL #2963;Retail;M;01/08/2025 00:00
C002964;Rewee NL #2964;Retail;S;01/12/2024 00:00
C002965;Lidll NL #2965;Retail;L;01/08/2024 00:00
C002966;Rewee NL #2966;Retail;M;01/03/2025 00:00
C002967;Lidll NL #2967;Retail;L;01/04/2025 00:00
C002968;Tesko NL #2968;Retail;M;01/08/2024 00:00
C002969;Auchon NL #2969;Retail;L;01/10/2024 00:00
C002970;Aldii NL #2970;Retail;M;01/03/2025 00:00
C002971;Sparr NL #2971;Retail;M;01/04/2025 00:00
C002972;Intermarche NL #2972;Retail;M;01/01/2025 00:00
C002973;Lidll NL #2973;Retail;M;01/09/2024 00:00
C002974;Auchon NL #2974;Retail;S;01/09/2025 00:00
C002975;AthletiX NL #2975;Retail Sport;L;01/07/2024 00:00
C002976;Decathlonn NL #2976;Retail Sport;M;01/12/2024 00:00
C002977;FitZone NL #2977;Retail Sport;L;01/12/2024 00:00
C002978;ProSport NL #2978;Retail Sport;M;01/02/2025 00:00
C002979;Decatlon NL #2979;Retail Sport;M;01/01/2025 00:00
C002980;ProSport NL #2980;Retail Sport;L;01/05/2025 00:00
C002981;Intersportt NL #2981;Retail Sport;L;01/07/2024 00:00
C002982;Intersportt NL #2982;Retail Sport;M;01/03/2025 00:00
C002983;Intersportt NL #2983;Retail Sport;M;01/09/2025 00:00
C002984;AthletiX NL #2984;Retail Sport;M;01/04/2025 00:00
C002985;FitZone NL #2985;Retail Sport;M;01/02/2025 00:00
C002986;GymMart PL Online #2986;E-commerce;S;01/03/2025 00:00
C002987;VitaBox PL Online #2987;E-commerce;M;01/12/2024 00:00
C002988;WellKart PL Online #2988;E-commerce;M;01/08/2025 00:00
C002989;VitaBox PL Online #2989;E-commerce;S;01/01/2025 00:00
C002990;WellKart PL Online #2990;E-commerce;M;01/03/2025 00:00
C002991;ZenBasket PL Online #2991;E-commerce;M;01/12/2024 00:00
C002992;VitaBox PL Online #2992;E-commerce;M;01/07/2024 00:00
C002993;VitaBox PL Online #2993;E-commerce;M;01/05/2025 00:00
C002994;GymMart PL Online #2994;E-commerce;S;01/03/2025 00:00
C002995;PulseMarket PL Online #2995;E-commerce;S;01/08/2024 00:00
C002996;NutriHub PL Online #2996;E-commerce;S;01/07/2025 00:00
C002997;VitaBox PL Online #2997;E-commerce;S;01/07/2025 00:00
C002998;FitNest PL Online #2998;E-commerce;S;01/05/2025 00:00
C002999;PulseMarket PL Online #2999;E-commerce;M;01/08/2024 00:00
C003000;VitaBox PL Online #3000;E-commerce;M;01/12/2024 00:00
C003001;NutriPharm PL #3001;Pharmacy;S;01/05/2025 00:00
C003002;CarePharm PL #3002;Pharmacy;M;01/08/2025 00:00
C003003;CarePharm PL #3003;Pharmacy;L;01/08/2025 00:00
C003004;VitaCare PL #3004;Pharmacy;S;01/09/2025 00:00
C003005;CarePharm PL #3005;Pharmacy;M;01/09/2025 00:00
C003006;PharmaPluz PL #3006;Pharmacy;S;01/07/2025 00:00
C003007;MediKore PL #3007;Pharmacy;M;01/10/2024 00:00
C003008;MediKore PL #3008;Pharmacy;M;01/12/2024 00:00
C003009;EuroPharmx PL #3009;Pharmacy;S;01/06/2025 00:00
C003010;Auchon PL #3010;Retail;M;01/05/2025 00:00
C003011;Aldii PL #3011;Retail;L;01/02/2025 00:00
C003012;Auchon PL #3012;Retail;M;01/07/2025 00:00
C003013;Carrefouk PL #3013;Retail;L;01/04/2025 00:00
C003014;Sparr PL #3014;Retail;L;01/02/2025 00:00
C003015;Sparr PL #3015;Retail;M;01/06/2025 00:00
C003016;Tesko PL #3016;Retail;S;01/04/2025 00:00
C003017;Aldii PL #3017;Retail;M;01/03/2025 00:00
C003018;Auchon PL #3018;Retail;L;01/06/2025 00:00
C003019;Rewee PL #3019;Retail;M;01/08/2024 00:00
C003020;Intermarche PL #3020;Retail;L;01/05/2025 00:00
C003021;Edekae PL #3021;Retail;L;01/07/2024 00:00
C003022;Intermarche PL #3022;Retail;L;01/02/2025 00:00
C003023;Lidll PL #3023;Retail;L;01/10/2024 00:00
C003024;Rewee PL #3024;Retail;M;01/05/2025 00:00
C003025;Aldii PL #3025;Retail;L;01/08/2025 00:00
C003026;Rewee PL #3026;Retail;S;01/11/2024 00:00
C003027;Auchon PL #3027;Retail;L;01/04/2025 00:00
C003028;Edekae PL #3028;Retail;S;01/10/2024 00:00
C003029;Edekae PL #3029;Retail;L;01/07/2024 00:00
C003030;Intermarche PL #3030;Retail;L;01/03/2025 00:00
C003031;ProSport PL #3031;Retail Sport;S;01/01/2025 00:00
C003032;Decathlonn PL #3032;Retail Sport;L;01/06/2025 00:00
C003033;SportDirekt PL #3033;Retail Sport;M;01/10/2024 00:00
C003034;Decatlon PL #3034;Retail Sport;M;01/01/2025 00:00
C003035;Decatlon PL #3035;Retail Sport;M;01/05/2025 00:00
C003036;ProSport PL #3036;Retail Sport;L;01/02/2025 00:00
C003037;AthletiX PL #3037;Retail Sport;M;01/06/2025 00:00
C003038;FitZone PL #3038;Retail Sport;L;01/08/2025 00:00
C003039;Decathlonn PL #3039;Retail Sport;L;01/04/2025 00:00
C003040;PrimeFuel PT Online #3040;E-commerce;M;01/05/2025 00:00
C003041;PrimeFuel PT Online #3041;E-commerce;S;01/11/2024 00:00
C003042;PrimeFuel PT Online #3042;E-commerce;M;01/06/2025 00:00
C003043;WellKart PT Online #3043;E-commerce;M;01/10/2024 00:00
C003044;ZenBasket PT Online #3044;E-commerce;S;01/05/2025 00:00
C003045;ZenBasket PT Online #3045;E-commerce;M;01/09/2024 00:00
C003046;NutriHub PT Online #3046;E-commerce;L;01/06/2025 00:00
C003047;NutriHub PT Online #3047;E-commerce;S;01/09/2024 00:00
C003048;VitaBox PT Online #3048;E-commerce;S;01/01/2025 00:00
C003049;PrimeFuel PT Online #3049;E-commerce;S;01/01/2025 00:00
C003050;WellKart PT Online #3050;E-commerce;S;01/12/2024 00:00
C003051;VitaBox PT Online #3051;E-commerce;S;01/12/2024 00:00
C003052;WellKart PT Online #3052;E-commerce;S;01/09/2024 00:00
C003053;PulseMarket PT Online #3053;E-commerce;L;01/01/2025 00:00
C003054;NutriHub PT Online #3054;E-commerce;S;01/11/2024 00:00
C003055;PrimeFuel PT Online #3055;E-commerce;S;01/11/2024 00:00
C003056;PulseMarket PT Online #3056;E-commerce;M;01/01/2025 00:00
C003057;WellKart PT Online #3057;E-commerce;S;01/09/2025 00:00
C003058;NutriHub PT Online #3058;E-commerce;M;01/06/2025 00:00
C003059;GymMart PT Online #3059;E-commerce;S;01/08/2025 00:00
C003060;VitaBox PT Online #3060;E-commerce;M;01/09/2025 00:00
C003061;ZenBasket PT Online #3061;E-commerce;S;01/09/2025 00:00
C003062;GymMart PT Online #3062;E-commerce;L;01/01/2025 00:00
C003063;PulseMarket PT Online #3063;E-commerce;M;01/04/2025 00:00
C003064;GymMart PT Online #3064;E-commerce;S;01/08/2024 00:00
C003065;FitNest PT Online #3065;E-commerce;S;01/12/2024 00:00
C003066;PrimeFuel PT Online #3066;E-commerce;S;01/01/2025 00:00
C003067;PrimeFuel PT Online #3067;E-commerce;S;01/07/2024 00:00
C003068;GymMart PT Online #3068;E-commerce;S;01/08/2024 00:00
C003069;ZenBasket PT Online #3069;E-commerce;S;01/07/2024 00:00
C003070;GymMart PT Online #3070;E-commerce;M;01/06/2025 00:00
C003071;FitNest PT Online #3071;E-commerce;S;01/05/2025 00:00
C003072;NutriHub PT Online #3072;E-commerce;S;01/09/2024 00:00
C003073;PrimeFuel PT Online #3073;E-commerce;S;01/10/2024 00:00
C003074;NutriPharm PT #3074;Pharmacy;M;01/04/2025 00:00
C003075;VitaCare PT #3075;Pharmacy;S;01/01/2025 00:00
C003076;CarePharm PT #3076;Pharmacy;M;01/06/2025 00:00
C003077;MediKore PT #3077;Pharmacy;M;01/10/2024 00:00
C003078;HealthPoint PT #3078;Pharmacy;L;01/03/2025 00:00
C003079;HealthPoint PT #3079;Pharmacy;S;01/08/2025 00:00
C003080;HealthPoint PT #3080;Pharmacy;S;01/12/2024 00:00
C003081;HealthPoint PT #3081;Pharmacy;M;01/10/2024 00:00
C003082;PharmaPluz PT #3082;Pharmacy;S;01/03/2025 00:00
C003083;NutriPharm PT #3083;Pharmacy;M;01/05/2025 00:00
C003084;Tesko PT #3084;Retail;L;01/08/2025 00:00
C003085;Intermarche PT #3085;Retail;S;01/05/2025 00:00
C003086;Edekae PT #3086;Retail;M;01/08/2025 00:00
C003087;Tesko PT #3087;Retail;M;01/04/2025 00:00
C003088;Carrefouk PT #3088;Retail;M;01/05/2025 00:00
C003089;Decathlonn PT #3089;Retail Sport;M;01/01/2025 00:00
C003090;SportDirekt PT #3090;Retail Sport;L;01/10/2024 00:00
C003091;Decathlonn PT #3091;Retail Sport;L;01/01/2025 00:00
C003092;SportDirekt PT #3092;Retail Sport;L;01/06/2025 00:00
C003093;Decatlon PT #3093;Retail Sport;L;01/12/2024 00:00
C003094;Decatlon PT #3094;Retail Sport;L;01/05/2025 00:00
C003095;PulseMarket RO Online #3095;E-commerce;S;01/05/2025 00:00
C003096;NutriHub RO Online #3096;E-commerce;S;01/09/2025 00:00
C003097;GymMart RO Online #3097;E-commerce;S;01/08/2024 00:00
C003098;PulseMarket RO Online #3098;E-commerce;L;01/05/2025 00:00
C003099;GymMart RO Online #3099;E-commerce;S;01/09/2024 00:00
C003100;VitaBox RO Online #3100;E-commerce;M;01/01/2025 00:00
C003101;VitaBox RO Online #3101;E-commerce;S;01/12/2024 00:00
C003102;VitaBox RO Online #3102;E-commerce;M;01/07/2024 00:00
C003103;FitNest RO Online #3103;E-commerce;L;01/01/2025 00:00
C003104;WellKart RO Online #3104;E-commerce;S;01/08/2025 00:00
C003105;NutriHub RO Online #3105;E-commerce;S;01/05/2025 00:00
C003106;ZenBasket RO Online #3106;E-commerce;M;01/03/2025 00:00
C003107;CarePharm RO #3107;Pharmacy;M;01/08/2025 00:00
C003108;VitaCare RO #3108;Pharmacy;M;01/06/2025 00:00
C003109;PharmaPluz RO #3109;Pharmacy;L;01/02/2025 00:00
C003110;EuroPharmx RO #3110;Pharmacy;M;01/11/2024 00:00
C003111;MediKore RO #3111;Pharmacy;S;01/03/2025 00:00
C003112;VitaCare RO #3112;Pharmacy;S;01/06/2025 00:00
C003113;HealthPoint RO #3113;Pharmacy;L;01/04/2025 00:00
C003114;Aldii RO #3114;Retail;S;01/02/2025 00:00
C003115;Tesko RO #3115;Retail;M;01/09/2024 00:00
C003116;Edekae RO #3116;Retail;L;01/02/2025 00:00
C003117;Rewee RO #3117;Retail;M;01/07/2024 00:00
C003118;Carrefouk RO #3118;Retail;L;01/11/2024 00:00
C003119;Tesko RO #3119;Retail;L;01/07/2025 00:00
C003120;Sparr RO #3120;Retail;L;01/02/2025 00:00
C003121;Intermarche RO #3121;Retail;L;01/11/2024 00:00
C003122;Lidll RO #3122;Retail;M;01/07/2025 00:00
C003123;Intermarche RO #3123;Retail;L;01/03/2025 00:00
C003124;Auchon RO #3124;Retail;L;01/12/2024 00:00
C003125;Sparr RO #3125;Retail;L;01/02/2025 00:00
C003126;Carrefouk RO #3126;Retail;M;01/12/2024 00:00
C003127;Carrefouk RO #3127;Retail;L;01/06/2025 00:00
C003128;Carrefouk RO #3128;Retail;S;01/01/2025 00:00
C003129;Auchon RO #3129;Retail;M;01/03/2025 00:00
C003130;Carrefouk RO #3130;Retail;L;01/03/2025 00:00
C003131;Intersportt RO #3131;Retail Sport;S;01/05/2025 00:00
C003132;Decatlon RO #3132;Retail Sport;L;01/04/2025 00:00
C003133;FitZone RO #3133;Retail Sport;L;01/07/2025 00:00
C003134;ProSport RO #3134;Retail Sport;L;01/05/2025 00:00
C003135;FitZone RO #3135;Retail Sport;L;01/08/2024 00:00
C003136;AthletiX RO #3136;Retail Sport;L;01/09/2025 00:00
C003137;SportDirekt RO #3137;Retail Sport;L;01/02/2025 00:00
C003138;WellKart SK Online #3138;E-commerce;M;01/08/2025 00:00
C003139;GymMart SK Online #3139;E-commerce;M;01/02/2025 00:00
C003140;ZenBasket SK Online #3140;E-commerce;S;01/10/2024 00:00
C003141;FitNest SK Online #3141;E-commerce;S;01/06/2025 00:00
C003142;WellKart SK Online #3142;E-commerce;S;01/06/2025 00:00
C003143;PulseMarket SK Online #3143;E-commerce;S;01/02/2025 00:00
C003144;PrimeFuel SK Online #3144;E-commerce;S;01/06/2025 00:00
C003145;ZenBasket SK Online #3145;E-commerce;S;01/01/2025 00:00
C003146;ZenBasket SK Online #3146;E-commerce;L;01/07/2025 00:00
C003147;GymMart SK Online #3147;E-commerce;S;01/07/2024 00:00
C003148;GymMart SK Online #3148;E-commerce;S;01/09/2024 00:00
C003149;VitaBox SK Online #3149;E-commerce;S;01/09/2025 00:00
C003150;CarePharm SK #3150;Pharmacy;L;01/06/2025 00:00
C003151;NutriPharm SK #3151;Pharmacy;M;01/09/2024 00:00
C003152;EuroPharmx SK #3152;Pharmacy;M;01/08/2024 00:00
C003153;CarePharm SK #3153;Pharmacy;S;01/04/2025 00:00
C003154;NutriPharm SK #3154;Pharmacy;S;01/02/2025 00:00
C003155;PharmaPluz SK #3155;Pharmacy;M;01/09/2025 00:00
C003156;NutriPharm SK #3156;Pharmacy;L;01/07/2024 00:00
C003157;Edekae SK #3157;Retail;S;01/11/2024 00:00
C003158;Rewee SK #3158;Retail;M;01/07/2024 00:00
C003159;Sparr SK #3159;Retail;L;01/09/2025 00:00
C003160;Aldii SK #3160;Retail;S;01/12/2024 00:00
C003161;Lidll SK #3161;Retail;S;01/09/2025 00:00
C003162;Edekae SK #3162;Retail;L;01/03/2025 00:00
C003163;Carrefouk SK #3163;Retail;M;01/08/2025 00:00
C003164;Sparr SK #3164;Retail;S;01/05/2025 00:00
C003165;Aldii SK #3165;Retail;S;01/02/2025 00:00
C003166;Tesko SK #3166;Retail;L;01/09/2024 00:00
C003167;Rewee SK #3167;Retail;M;01/09/2024 00:00
C003168;Edekae SK #3168;Retail;L;01/10/2024 00:00
C003169;Aldii SK #3169;Retail;M;01/02/2025 00:00
C003170;Auchon SK #3170;Retail;M;01/02/2025 00:00
C003171;Aldii SK #3171;Retail;L;01/08/2025 00:00
C003172;Aldii SK #3172;Retail;M;01/12/2024 00:00
C003173;Carrefouk SK #3173;Retail;M;01/09/2025 00:00
C003174;AthletiX SK #3174;Retail Sport;M;01/07/2024 00:00
C003175;AthletiX SK #3175;Retail Sport;M;01/10/2024 00:00
C003176;SportDirekt SK #3176;Retail Sport;L;01/06/2025 00:00
C003177;AthletiX SK #3177;Retail Sport;S;01/01/2025 00:00
C003178;FitZone SK #3178;Retail Sport;M;01/09/2024 00:00
C003179;Decatlon SK #3179;Retail Sport;L;01/05/2025 00:00
C003180;ProSport SK #3180;Retail Sport;L;01/02/2025 00:00
C003181;VitaBox SI Online #3181;E-commerce;S;01/08/2024 00:00
C003182;VitaBox SI Online #3182;E-commerce;S;01/06/2025 00:00
C003183;NutriHub SI Online #3183;E-commerce;S;01/06/2025 00:00
C003184;FitNest SI Online #3184;E-commerce;S;01/08/2024 00:00
C003185;PulseMarket SI Online #3185;E-commerce;M;01/06/2025 00:00
C003186;VitaBox SI Online #3186;E-commerce;L;01/09/2024 00:00
C003187;FitNest SI Online #3187;E-commerce;S;01/07/2025 00:00
C003188;PulseMarket SI Online #3188;E-commerce;M;01/05/2025 00:00
C003189;NutriHub SI Online #3189;E-commerce;S;01/12/2024 00:00
C003190;NutriHub SI Online #3190;E-commerce;S;01/05/2025 00:00
C003191;FitNest SI Online #3191;E-commerce;S;01/01/2025 00:00
C003192;ZenBasket SI Online #3192;E-commerce;L;01/08/2024 00:00
C003193;EuroPharmx SI #3193;Pharmacy;S;01/05/2025 00:00
C003194;NutriPharm SI #3194;Pharmacy;M;01/06/2025 00:00
C003195;VitaCare SI #3195;Pharmacy;S;01/11/2024 00:00
C003196;PharmaPluz SI #3196;Pharmacy;M;01/07/2025 00:00
C003197;EuroPharmx SI #3197;Pharmacy;L;01/08/2025 00:00
C003198;EuroPharmx SI #3198;Pharmacy;M;01/01/2025 00:00
C003199;NutriPharm SI #3199;Pharmacy;L;01/07/2025 00:00
C003200;Lidll SI #3200;Retail;M;01/01/2025 00:00
C003201;Edekae SI #3201;Retail;M;01/07/2024 00:00
C003202;Aldii SI #3202;Retail;S;01/09/2025 00:00
C003203;Intermarche SI #3203;Retail;L;01/08/2025 00:00
C003204;Carrefouk SI #3204;Retail;L;01/06/2025 00:00
C003205;Aldii SI #3205;Retail;M;01/01/2025 00:00
C003206;Lidll SI #3206;Retail;M;01/07/2025 00:00
C003207;Edekae SI #3207;Retail;M;01/11/2024 00:00
C003208;Aldii SI #3208;Retail;L;01/08/2024 00:00
C003209;Edekae SI #3209;Retail;M;01/08/2025 00:00
C003210;Tesko SI #3210;Retail;L;01/11/2024 00:00
C003211;Tesko SI #3211;Retail;S;01/04/2025 00:00
C003212;Tesko SI #3212;Retail;L;01/04/2025 00:00
C003213;Edekae SI #3213;Retail;L;01/03/2025 00:00
C003214;Edekae SI #3214;Retail;S;01/07/2024 00:00
C003215;Edekae SI #3215;Retail;M;01/01/2025 00:00
C003216;Edekae SI #3216;Retail;M;01/09/2024 00:00
C003217;AthletiX SI #3217;Retail Sport;M;01/07/2025 00:00
C003218;SportDirekt SI #3218;Retail Sport;L;01/04/2025 00:00
C003219;FitZone SI #3219;Retail Sport;M;01/09/2024 00:00
C003220;SportDirekt SI #3220;Retail Sport;L;01/02/2025 00:00
C003221;FitZone SI #3221;Retail Sport;S;01/09/2025 00:00
C003222;Intersportt SI #3222;Retail Sport;S;01/12/2024 00:00
C003223;Intersportt SI #3223;Retail Sport;L;01/07/2024 00:00
C003224;VitaBox ES Online #3224;E-commerce;M;01/04/2025 00:00
C003225;GymMart ES Online #3225;E-commerce;S;01/04/2025 00:00
C003226;WellKart ES Online #3226;E-commerce;L;01/09/2024 00:00
C003227;GymMart ES Online #3227;E-commerce;S;01/10/2024 00:00
C003228;VitaBox ES Online #3228;E-commerce;S;01/12/2024 00:00
C003229;VitaBox ES Online #3229;E-commerce;L;01/03/2025 00:00
C003230;NutriHub ES Online #3230;E-commerce;S;01/12/2024 00:00
C003231;FitNest ES Online #3231;E-commerce;S;01/09/2025 00:00
C003232;PulseMarket ES Online #3232;E-commerce;L;01/07/2025 00:00
C003233;NutriHub ES Online #3233;E-commerce;L;01/05/2025 00:00
C003234;VitaBox ES Online #3234;E-commerce;S;01/02/2025 00:00
C003235;FitNest ES Online #3235;E-commerce;L;01/11/2024 00:00
C003236;GymMart ES Online #3236;E-commerce;S;01/08/2025 00:00
C003237;WellKart ES Online #3237;E-commerce;S;01/05/2025 00:00
C003238;FitNest ES Online #3238;E-commerce;S;01/12/2024 00:00
C003239;GymMart ES Online #3239;E-commerce;S;01/01/2025 00:00
C003240;FitNest ES Online #3240;E-commerce;S;01/10/2024 00:00
C003241;FitNest ES Online #3241;E-commerce;M;01/05/2025 00:00
C003242;NutriHub ES Online #3242;E-commerce;S;01/02/2025 00:00
C003243;GymMart ES Online #3243;E-commerce;S;01/03/2025 00:00
C003244;NutriHub ES Online #3244;E-commerce;M;01/11/2024 00:00
C003245;PulseMarket ES Online #3245;E-commerce;S;01/10/2024 00:00
C003246;PulseMarket ES Online #3246;E-commerce;S;01/04/2025 00:00
C003247;GymMart ES Online #3247;E-commerce;S;01/11/2024 00:00
C003248;PrimeFuel ES Online #3248;E-commerce;S;01/02/2025 00:00
C003249;VitaBox ES Online #3249;E-commerce;S;01/10/2024 00:00
C003250;ZenBasket ES Online #3250;E-commerce;M;01/11/2024 00:00
C003251;PrimeFuel ES Online #3251;E-commerce;M;01/06/2025 00:00
C003252;WellKart ES Online #3252;E-commerce;M;01/04/2025 00:00
C003253;ZenBasket ES Online #3253;E-commerce;M;01/07/2025 00:00
C003254;VitaBox ES Online #3254;E-commerce;M;01/07/2025 00:00
C003255;PrimeFuel ES Online #3255;E-commerce;S;01/12/2024 00:00
C003256;FitNest ES Online #3256;E-commerce;M;01/11/2024 00:00
C003257;PrimeFuel ES Online #3257;E-commerce;S;01/05/2025 00:00
C003258;PulseMarket ES Online #3258;E-commerce;S;01/09/2024 00:00
C003259;PulseMarket ES Online #3259;E-commerce;M;01/09/2025 00:00
C003260;NutriHub ES Online #3260;E-commerce;M;01/05/2025 00:00
C003261;ZenBasket ES Online #3261;E-commerce;M;01/07/2025 00:00
C003262;GymMart ES Online #3262;E-commerce;M;01/12/2024 00:00
C003263;PrimeFuel ES Online #3263;E-commerce;M;01/12/2024 00:00
C003264;FitNest ES Online #3264;E-commerce;M;01/10/2024 00:00
C003265;NutriHub ES Online #3265;E-commerce;S;01/01/2025 00:00
C003266;PrimeFuel ES Online #3266;E-commerce;M;01/11/2024 00:00
C003267;FitNest ES Online #3267;E-commerce;M;01/01/2025 00:00
C003268;VitaBox ES Online #3268;E-commerce;S;01/01/2025 00:00
C003269;WellKart ES Online #3269;E-commerce;S;01/02/2025 00:00
C003270;NutriHub ES Online #3270;E-commerce;L;01/11/2024 00:00
C003271;GymMart ES Online #3271;E-commerce;M;01/07/2024 00:00
C003272;NutriPharm ES #3272;Pharmacy;L;01/11/2024 00:00
C003273;PharmaPluz ES #3273;Pharmacy;M;01/09/2025 00:00
C003274;HealthPoint ES #3274;Pharmacy;S;01/08/2024 00:00
C003275;NutriPharm ES #3275;Pharmacy;S;01/04/2025 00:00
C003276;PharmaPluz ES #3276;Pharmacy;S;01/05/2025 00:00
C003277;PharmaPluz ES #3277;Pharmacy;L;01/06/2025 00:00
C003278;PharmaPluz ES #3278;Pharmacy;M;01/02/2025 00:00
C003279;EuroPharmx ES #3279;Pharmacy;M;01/09/2024 00:00
C003280;NutriPharm ES #3280;Pharmacy;M;01/09/2025 00:00
C003281;EuroPharmx ES #3281;Pharmacy;M;01/03/2025 00:00
C003282;HealthPoint ES #3282;Pharmacy;L;01/08/2024 00:00
C003283;HealthPoint ES #3283;Pharmacy;M;01/07/2025 00:00
C003284;PharmaPluz ES #3284;Pharmacy;M;01/03/2025 00:00
C003285;Tesko ES #3285;Retail;L;01/07/2025 00:00
C003286;Lidll ES #3286;Retail;L;01/05/2025 00:00
C003287;Edekae ES #3287;Retail;M;01/04/2025 00:00
C003288;Aldii ES #3288;Retail;M;01/04/2025 00:00
C003289;Aldii ES #3289;Retail;L;01/04/2025 00:00
C003290;Tesko ES #3290;Retail;M;01/01/2025 00:00
C003291;FitZone ES #3291;Retail Sport;M;01/01/2025 00:00
C003292;SportDirekt ES #3292;Retail Sport;S;01/06/2025 00:00
C003293;ProSport ES #3293;Retail Sport;L;01/07/2024 00:00
C003294;FitZone ES #3294;Retail Sport;L;01/07/2025 00:00
C003295;Decatlon ES #3295;Retail Sport;M;01/08/2024 00:00
C003296;Decatlon ES #3296;Retail Sport;M;01/08/2024 00:00
C003297;FitZone ES #3297;Retail Sport;M;01/09/2025 00:00
C003298;FitZone ES #3298;Retail Sport;M;01/10/2024 00:00
C003299;WellKart SE Online #3299;E-commerce;S;01/04/2025 00:00
C003300;WellKart SE Online #3300;E-commerce;M;01/01/2025 00:00
C003301;PulseMarket SE Online #3301;E-commerce;S;01/12/2024 00:00
C003302;PulseMarket SE Online #3302;E-commerce;S;01/03/2025 00:00
C003303;PrimeFuel SE Online #3303;E-commerce;S;01/07/2024 00:00
C003304;GymMart SE Online #3304;E-commerce;L;01/08/2025 00:00
C003305;NutriHub SE Online #3305;E-commerce;S;01/08/2024 00:00
C003306;ZenBasket SE Online #3306;E-commerce;S;01/05/2025 00:00
C003307;PrimeFuel SE Online #3307;E-commerce;M;01/07/2024 00:00
C003308;GymMart SE Online #3308;E-commerce;L;01/10/2024 00:00
C003309;ZenBasket SE Online #3309;E-commerce;S;01/02/2025 00:00
C003310;VitaCare SE #3310;Pharmacy;S;01/07/2024 00:00
C003311;NutriPharm SE #3311;Pharmacy;M;01/03/2025 00:00
C003312;HealthPoint SE #3312;Pharmacy;S;01/08/2024 00:00
C003313;HealthPoint SE #3313;Pharmacy;S;01/09/2024 00:00
C003314;MediKore SE #3314;Pharmacy;S;01/03/2025 00:00
C003315;NutriPharm SE #3315;Pharmacy;M;01/03/2025 00:00
C003316;CarePharm SE #3316;Pharmacy;S;01/10/2024 00:00
C003317;Edekae SE #3317;Retail;L;01/04/2025 00:00
C003318;Auchon SE #3318;Retail;L;01/01/2025 00:00
C003319;Carrefouk SE #3319;Retail;M;01/02/2025 00:00
C003320;Edekae SE #3320;Retail;M;01/09/2024 00:00
C003321;Aldii SE #3321;Retail;S;01/01/2025 00:00
C003322;Auchon SE #3322;Retail;M;01/05/2025 00:00
C003323;Carrefouk SE #3323;Retail;M;01/08/2024 00:00
C003324;Sparr SE #3324;Retail;M;01/10/2024 00:00
C003325;Sparr SE #3325;Retail;M;01/08/2024 00:00
C003326;Edekae SE #3326;Retail;M;01/09/2024 00:00
C003327;Aldii SE #3327;Retail;S;01/02/2025 00:00
C003328;Aldii SE #3328;Retail;M;01/09/2025 00:00
C003329;Rewee SE #3329;Retail;L;01/11/2024 00:00
C003330;Aldii SE #3330;Retail;M;01/04/2025 00:00
C003331;Lidll SE #3331;Retail;L;01/07/2024 00:00
C003332;Lidll SE #3332;Retail;M;01/10/2024 00:00
C003333;Carrefouk SE #3333;Retail;L;01/03/2025 00:00
C003334;Aldii SE #3334;Retail;M;01/08/2025 00:00
C003335;Auchon SE #3335;Retail;M;01/07/2025 00:00
C003336;Lidll SE #3336;Retail;L;01/07/2025 00:00
C003337;Auchon SE #3337;Retail;M;01/05/2025 00:00
C003338;Rewee SE #3338;Retail;M;01/04/2025 00:00
C003339;Rewee SE #3339;Retail;L;01/05/2025 00:00
C003340;Auchon SE #3340;Retail;L;01/03/2025 00:00
C003341;Lidll SE #3341;Retail;L;01/01/2025 00:00
C003342;Decathlonn SE #3342;Retail Sport;L;01/02/2025 00:00
C003343;Decatlon SE #3343;Retail Sport;L;01/11/2024 00:00
C003344;Decatlon SE #3344;Retail Sport;L;01/11/2024 00:00
C003345;ProSport SE #3345;Retail Sport;L;01/02/2025 00:00
C003346;Decatlon SE #3346;Retail Sport;L;01/05/2025 00:00
C003347;Decathlonn SE #3347;Retail Sport;L;01/11/2024 00:00
C003348;Decathlonn SE #3348;Retail Sport;L;01/02/2025 00:00
C003349;ProSport SE #3349;Retail Sport;L;01/04/2025 00:00
C003350;ProSport SE #3350;Retail Sport;M;01/07/2024 00:00
C003351;FitZone SE #3351;Retail Sport;L;01/01/2025 00:00
C003352;FitZone SE #3352;Retail Sport;M;01/12/2024 00:00
