Ship To ID;Customer ID;Ship To Name;Country
S0000001;C000001;GymMart AT Online #0001 - Location 1;AT
S0000002;C000002;GymMart AT Online #0002 - Location 1;AT
S0000003;C000002;GymMart AT Online #0002 - Location 2;AT
S0000004;C000003;WellKart AT Online #0003 - Location 1;AT
S0000005;C000004;GymMart AT Online #0004 - Location 1;AT
S0000006;C000005;PulseMarket AT Online #0005 - Location 1;AT
S0000007;C000005;PulseMarket AT Online #0005 - Location 2;AT
S0000008;C000006;MediKore AT #0006 - Location 1;AT
S0000009;C000007;VitaCare AT #0007 - Location 1;AT
S0000010;C000007;VitaCare AT #0007 - Location 2;AT
S0000011;C000008;CarePharm AT #0008 - Location 1;AT
S0000012;C000009;NutriPharm AT #0009 - Location 1;AT
S0000013;C000010;CarePharm AT #0010 - Location 1;AT
S0000014;C000011;Edekae AT #0011 - Location 1;AT
S0000015;C000011;Edekae AT #0011 - Location 2;AT
S0000016;C000012;Aldii AT #0012 - Location 1;AT
S0000017;C000013;Carrefouk AT #0013 - Location 1;AT
S0000018;C000014;Tesko AT #0014 - Location 1;AT
S0000019;C000015;Carrefouk AT #0015 - Location 1;AT
S0000020;C000016;Lidll AT #0016 - Location 1;AT
S0000021;C000016;Lidll AT #0016 - Location 2;AT
S0000022;C000017;Carrefouk AT #0017 - Location 1;AT
S0000023;C000018;Intermarche AT #0018 - Location 1;AT
S0000024;C000018;Intermarche AT #0018 - Location 2;AT
S0000025;C000018;Intermarche AT #0018 - Location 3;AT
S0000026;C000019;Lidll AT #0019 - Location 1;AT
S0000027;C000020;Lidll AT #0020 - Location 1;AT
S0000028;C000020;Lidll AT #0020 - Location 2;AT
S0000029;C000021;Auchon AT #0021 - Location 1;AT
S0000030;C000022;Carrefouk AT #0022 - Location 1;AT
S0000031;C000023;Tesko AT #0023 - Location 1;AT
S0000032;C000024;Auchon AT #0024 - Location 1;AT
S0000033;C000024;Auchon AT #0024 - Location 2;AT
S0000034;C000024;Auchon AT #0024 - Location 3;AT
S0000035;C000025;Rewee AT #0025 - Location 1;AT
S0000036;C000026;Auchon AT #0026 - Location 1;AT
S0000037;C000027;Lidll AT #0027 - Location 1;AT
S0000038;C000028;Auchon AT #0028 - Location 1;AT
S0000039;C000029;Decatlon AT #0029 - Location 1;AT
S0000040;C000029;Decatlon AT #0029 - Location 2;AT
S0000041;C000030;Intersportt AT #0030 - Location 1;AT
S0000042;C000030;Intersportt AT #0030 - Location 2;AT
S0000043;C000031;FitZone AT #0031 - Location 1;AT
S0000044;C000031;FitZone AT #0031 - Location 2;AT
S0000045;C000031;FitZone AT #0031 - Location 3;AT
S0000046;C000032;Intersportt AT #0032 - Location 1;AT
S0000047;C000033;FitZone AT #0033 - Location 1;AT
S0000048;C000033;FitZone AT #0033 - Location 2;AT
S0000049;C000034;Decatlon AT #0034 - Location 1;AT
S0000050;C000034;Decatlon AT #0034 - Location 2;AT
S0000051;C000035;Decatlon AT #0035 - Location 1;AT
S0000052;C000035;Decatlon AT #0035 - Location 2;AT
S0000053;C000035;Decatlon AT #0035 - Location 3;AT
S0000054;C000036;WellKart BE Online #0036 - Location 1;BE
S0000055;C000036;WellKart BE Online #0036 - Location 2;BE
S0000056;C000037;GymMart BE Online #0037 - Location 1;BE
S0000057;C000038;ZenBasket BE Online #0038 - Location 1;BE
S0000058;C000039;NutriHub BE Online #0039 - Location 1;BE
S0000059;C000040;WellKart BE Online #0040 - Location 1;BE
S0000060;C000040;WellKart BE Online #0040 - Location 2;BE
S0000061;C000041;HealthPoint BE #0041 - Location 1;BE
S0000062;C000042;PharmaPluz BE #0042 - Location 1;BE
S0000063;C000043;HealthPoint BE #0043 - Location 1;BE
S0000064;C000044;MediKore BE #0044 - Location 1;BE
S0000065;C000044;MediKore BE #0044 - Location 2;BE
S0000066;C000045;VitaCare BE #0045 - Location 1;BE
S0000067;C000045;VitaCare BE #0045 - Location 2;BE
S0000068;C000046;Tesko BE #0046 - Location 1;BE
S0000069;C000046;Tesko BE #0046 - Location 2;BE
S0000070;C000047;Carrefouk BE #0047 - Location 1;BE
S0000071;C000047;Carrefouk BE #0047 - Location 2;BE
S0000072;C000048;Edekae BE #0048 - Location 1;BE
S0000073;C000049;Rewee BE #0049 - Location 1;BE
S0000074;C000050;Edekae BE #0050 - Location 1;BE
S0000075;C000051;Lidll BE #0051 - Location 1;BE
S0000076;C000052;Aldii BE #0052 - Location 1;BE
S0000077;C000053;Sparr BE #0053 - Location 1;BE
S0000078;C000054;Sparr BE #0054 - Location 1;BE
S0000079;C000055;Lidll BE #0055 - Location 1;BE
S0000080;C000055;Lidll BE #0055 - Location 2;BE
S0000081;C000056;Auchon BE #0056 - Location 1;BE
S0000082;C000057;Auchon BE #0057 - Location 1;BE
S0000083;C000057;Auchon BE #0057 - Location 2;BE
S0000084;C000058;Lidll BE #0058 - Location 1;BE
S0000085;C000058;Lidll BE #0058 - Location 2;BE
S0000086;C000059;Sparr BE #0059 - Location 1;BE
S0000087;C000059;Sparr BE #0059 - Location 2;BE
S0000088;C000059;Sparr BE #0059 - Location 3;BE
S0000089;C000060;Tesko BE #0060 - Location 1;BE
S0000090;C000061;Aldii BE #0061 - Location 1;BE
S0000091;C000061;Aldii BE #0061 - Location 2;BE
S0000092;C000061;Aldii BE #0061 - Location 3;BE
S0000093;C000062;Edekae BE #0062 - Location 1;BE
S0000094;C000063;Carrefouk BE #0063 - Location 1;BE
S0000095;C000064;SportDirekt BE #0064 - Location 1;BE
S0000096;C000065;FitZone BE #0065 - Location 1;BE
S0000097;C000065;FitZone BE #0065 - Location 2;BE
S0000098;C000065;FitZone BE #0065 - Location 3;BE
S0000099;C000066;Decatlon BE #0066 - Location 1;BE
S0000100;C000067;Decathlonn BE #0067 - Location 1;BE
S0000101;C000068;AthletiX BE #0068 - Location 1;BE
S0000102;C000069;Decatlon BE #0069 - Location 1;BE
S0000103;C000070;SportDirekt BE #0070 - Location 1;BE
S0000104;C000070;SportDirekt BE #0070 - Location 2;BE
S0000105;C000070;SportDirekt BE #0070 - Location 3;BE
S0000106;C000071;GymMart BG Online #0071 - Location 1;BG
S0000107;C000071;GymMart BG Online #0071 - Location 2;BG
S0000108;C000071;GymMart BG Online #0071 - Location 3;BG
S0000109;C000072;GymMart BG Online #0072 - Location 1;BG
S0000110;C000073;PulseMarket BG Online #0073 - Location 1;BG
S0000111;C000074;PulseMarket BG Online #0074 - Location 1;BG
S0000112;C000075;PulseMarket BG Online #0075 - Location 1;BG
S0000113;C000075;PulseMarket BG Online #0075 - Location 2;BG
S0000114;C000075;PulseMarket BG Online #0075 - Location 3;BG
S0000115;C000076;VitaCare BG #0076 - Location 1;BG
S0000116;C000076;VitaCare BG #0076 - Location 2;BG
S0000117;C000076;VitaCare BG #0076 - Location 3;BG
S0000118;C000077;VitaCare BG #0077 - Location 1;BG
S0000119;C000078;VitaCare BG #0078 - Location 1;BG
S0000120;C000078;VitaCare BG #0078 - Location 2;BG
S0000121;C000079;NutriPharm BG #0079 - Location 1;BG
S0000122;C000080;CarePharm BG #0080 - Location 1;BG
S0000123;C000080;CarePharm BG #0080 - Location 2;BG
S0000124;C000081;NutriPharm BG #0081 - Location 1;BG
S0000125;C000081;NutriPharm BG #0081 - Location 2;BG
S0000126;C000082;Edekae BG #0082 - Location 1;BG
S0000127;C000083;Tesko BG #0083 - Location 1;BG
S0000128;C000083;Tesko BG #0083 - Location 2;BG
S0000129;C000083;Tesko BG #0083 - Location 3;BG
S0000130;C000084;Carrefouk BG #0084 - Location 1;BG
S0000131;C000085;Tesko BG #0085 - Location 1;BG
S0000132;C000085;Tesko BG #0085 - Location 2;BG
S0000133;C000085;Tesko BG #0085 - Location 3;BG
S0000134;C000086;Rewee BG #0086 - Location 1;BG
S0000135;C000087;Lidll BG #0087 - Location 1;BG
S0000136;C000088;Sparr BG #0088 - Location 1;BG
S0000137;C000088;Sparr BG #0088 - Location 2;BG
S0000138;C000088;Sparr BG #0088 - Location 3;BG
S0000139;C000089;Sparr BG #0089 - Location 1;BG
S0000140;C000090;Edekae BG #0090 - Location 1;BG
S0000141;C000090;Edekae BG #0090 - Location 2;BG
S0000142;C000091;Rewee BG #0091 - Location 1;BG
S0000143;C000091;Rewee BG #0091 - Location 2;BG
S0000144;C000091;Rewee BG #0091 - Location 3;BG
S0000145;C000092;Tesko BG #0092 - Location 1;BG
S0000146;C000092;Tesko BG #0092 - Location 2;BG
S0000147;C000092;Tesko BG #0092 - Location 3;BG
S0000148;C000093;Lidll BG #0093 - Location 1;BG
S0000149;C000094;ProSport BG #0094 - Location 1;BG
S0000150;C000094;ProSport BG #0094 - Location 2;BG
S0000151;C000094;ProSport BG #0094 - Location 3;BG
S0000152;C000095;Intersportt BG #0095 - Location 1;BG
S0000153;C000095;Intersportt BG #0095 - Location 2;BG
S0000154;C000096;ProSport BG #0096 - Location 1;BG
S0000155;C000097;SportDirekt BG #0097 - Location 1;BG
S0000156;C000098;Decathlonn BG #0098 - Location 1;BG
S0000157;C000098;Decathlonn BG #0098 - Location 2;BG
S0000158;C000099;FitNest HR Online #0099 - Location 1;HR
S0000159;C000100;VitaBox HR Online #0100 - Location 1;HR
S0000160;C000101;GymMart HR Online #0101 - Location 1;HR
S0000161;C000102;FitNest HR Online #0102 - Location 1;HR
S0000162;C000103;PulseMarket HR Online #0103 - Location 1;HR
S0000163;C000104;HealthPoint HR #0104 - Location 1;HR
S0000164;C000105;CarePharm HR #0105 - Location 1;HR
S0000165;C000106;PharmaPluz HR #0106 - Location 1;HR
S0000166;C000107;VitaCare HR #0107 - Location 1;HR
S0000167;C000108;HealthPoint HR #0108 - Location 1;HR
S0000168;C000108;HealthPoint HR #0108 - Location 2;HR
S0000169;C000108;HealthPoint HR #0108 - Location 3;HR
S0000170;C000109;NutriPharm HR #0109 - Location 1;HR
S0000171;C000110;Rewee HR #0110 - Location 1;HR
S0000172;C000111;Aldii HR #0111 - Location 1;HR
S0000173;C000112;Carrefouk HR #0112 - Location 1;HR
S0000174;C000113;Edekae HR #0113 - Location 1;HR
S0000175;C000114;Auchon HR #0114 - Location 1;HR
S0000176;C000114;Auchon HR #0114 - Location 2;HR
S0000177;C000115;Carrefouk HR #0115 - Location 1;HR
S0000178;C000116;Tesko HR #0116 - Location 1;HR
S0000179;C000117;Tesko HR #0117 - Location 1;HR
S0000180;C000118;Auchon HR #0118 - Location 1;HR
S0000181;C000118;Auchon HR #0118 - Location 2;HR
S0000182;C000118;Auchon HR #0118 - Location 3;HR
S0000183;C000119;Aldii HR #0119 - Location 1;HR
S0000184;C000119;Aldii HR #0119 - Location 2;HR
S0000185;C000119;Aldii HR #0119 - Location 3;HR
S0000186;C000120;Tesko HR #0120 - Location 1;HR
S0000187;C000121;Rewee HR #0121 - Location 1;HR
S0000188;C000122;AthletiX HR #0122 - Location 1;HR
S0000189;C000123;AthletiX HR #0123 - Location 1;HR
S0000190;C000124;AthletiX HR #0124 - Location 1;HR
S0000191;C000125;Intersportt HR #0125 - Location 1;HR
S0000192;C000126;SportDirekt HR #0126 - Location 1;HR
S0000193;C000127;GymMart CY Online #0127 - Location 1;CY
S0000194;C000128;ZenBasket CY Online #0128 - Location 1;CY
S0000195;C000128;ZenBasket CY Online #0128 - Location 2;CY
S0000196;C000129;GymMart CY Online #0129 - Location 1;CY
S0000197;C000129;GymMart CY Online #0129 - Location 2;CY
S0000198;C000130;FitNest CY Online #0130 - Location 1;CY
S0000199;C000131;ZenBasket CY Online #0131 - Location 1;CY
S0000200;C000132;FitNest CY Online #0132 - Location 1;CY
S0000201;C000133;NutriHub CY Online #0133 - Location 1;CY
S0000202;C000134;NutriHub CY Online #0134 - Location 1;CY
S0000203;C000135;NutriHub CY Online #0135 - Location 1;CY
S0000204;C000136;ZenBasket CY Online #0136 - Location 1;CY
S0000205;C000137;PrimeFuel CY Online #0137 - Location 1;CY
S0000206;C000138;NutriPharm CY #0138 - Location 1;CY
S0000207;C000138;NutriPharm CY #0138 - Location 2;CY
S0000208;C000139;CarePharm CY #0139 - Location 1;CY
S0000209;C000140;MediKore CY #0140 - Location 1;CY
S0000210;C000140;MediKore CY #0140 - Location 2;CY
S0000211;C000141;EuroPharmx CY #0141 - Location 1;CY
S0000212;C000141;EuroPharmx CY #0141 - Location 2;CY
S0000213;C000142;PharmaPluz CY #0142 - Location 1;CY
S0000214;C000143;EuroPharmx CY #0143 - Location 1;CY
S0000215;C000144;PharmaPluz CY #0144 - Location 1;CY
S0000216;C000144;PharmaPluz CY #0144 - Location 2;CY
S0000217;C000145;CarePharm CY #0145 - Location 1;CY
S0000218;C000146;Edekae CY #0146 - Location 1;CY
S0000219;C000146;Edekae CY #0146 - Location 2;CY
S0000220;C000147;Lidll CY #0147 - Location 1;CY
S0000221;C000148;Tesko CY #0148 - Location 1;CY
S0000222;C000149;Edekae CY #0149 - Location 1;CY
S0000223;C000150;Carrefouk CY #0150 - Location 1;CY
S0000224;C000151;SportDirekt CY #0151 - Location 1;CY
S0000225;C000152;AthletiX CY #0152 - Location 1;CY
S0000226;C000152;AthletiX CY #0152 - Location 2;CY
S0000227;C000153;Decathlonn CY #0153 - Location 1;CY
S0000228;C000154;Decathlonn CY #0154 - Location 1;CY
S0000229;C000154;Decathlonn CY #0154 - Location 2;CY
S0000230;C000155;GymMart CZ Online #0155 - Location 1;CZ
S0000231;C000156;WellKart CZ Online #0156 - Location 1;CZ
S0000232;C000156;WellKart CZ Online #0156 - Location 2;CZ
S0000233;C000156;WellKart CZ Online #0156 - Location 3;CZ
S0000234;C000157;ZenBasket CZ Online #0157 - Location 1;CZ
S0000235;C000158;VitaBox CZ Online #0158 - Location 1;CZ
S0000236;C000159;ZenBasket CZ Online #0159 - Location 1;CZ
S0000237;C000160;VitaCare CZ #0160 - Location 1;CZ
S0000238;C000160;VitaCare CZ #0160 - Location 2;CZ
S0000239;C000161;VitaCare CZ #0161 - Location 1;CZ
S0000240;C000162;HealthPoint CZ #0162 - Location 1;CZ
S0000241;C000162;HealthPoint CZ #0162 - Location 2;CZ
S0000242;C000163;VitaCare CZ #0163 - Location 1;CZ
S0000243;C000163;VitaCare CZ #0163 - Location 2;CZ
S0000244;C000164;MediKore CZ #0164 - Location 1;CZ
S0000245;C000164;MediKore CZ #0164 - Location 2;CZ
S0000246;C000165;EuroPharmx CZ #0165 - Location 1;CZ
S0000247;C000166;Tesko CZ #0166 - Location 1;CZ
S0000248;C000166;Tesko CZ #0166 - Location 2;CZ
S0000249;C000167;Aldii CZ #0167 - Location 1;CZ
S0000250;C000168;Edekae CZ #0168 - Location 1;CZ
S0000251;C000169;Auchon CZ #0169 - Location 1;CZ
S0000252;C000170;Sparr CZ #0170 - Location 1;CZ
S0000253;C000171;Rewee CZ #0171 - Location 1;CZ
S0000254;C000172;Intermarche CZ #0172 - Location 1;CZ
S0000255;C000172;Intermarche CZ #0172 - Location 2;CZ
S0000256;C000172;Intermarche CZ #0172 - Location 3;CZ
S0000257;C000173;Edekae CZ #0173 - Location 1;CZ
S0000258;C000174;Tesko CZ #0174 - Location 1;CZ
S0000259;C000175;Auchon CZ #0175 - Location 1;CZ
S0000260;C000176;Carrefouk CZ #0176 - Location 1;CZ
S0000261;C000177;Auchon CZ #0177 - Location 1;CZ
S0000262;C000178;SportDirekt CZ #0178 - Location 1;CZ
S0000263;C000178;SportDirekt CZ #0178 - Location 2;CZ
S0000264;C000178;SportDirekt CZ #0178 - Location 3;CZ
S0000265;C000179;AthletiX CZ #0179 - Location 1;CZ
S0000266;C000179;AthletiX CZ #0179 - Location 2;CZ
S0000267;C000179;AthletiX CZ #0179 - Location 3;CZ
S0000268;C000180;Decatlon CZ #0180 - Location 1;CZ
S0000269;C000181;Decathlonn CZ #0181 - Location 1;CZ
S0000270;C000181;Decathlonn CZ #0181 - Location 2;CZ
S0000271;C000181;Decathlonn CZ #0181 - Location 3;CZ
S0000272;C000182;FitZone CZ #0182 - Location 1;CZ
S0000273;C000182;FitZone CZ #0182 - Location 2;CZ
S0000274;C000182;FitZone CZ #0182 - Location 3;CZ
S0000275;C000183;FitNest DK Online #0183 - Location 1;DK
S0000276;C000183;FitNest DK Online #0183 - Location 2;DK
S0000277;C000184;WellKart DK Online #0184 - Location 1;DK
S0000278;C000185;FitNest DK Online #0185 - Location 1;DK
S0000279;C000186;NutriHub DK Online #0186 - Location 1;DK
S0000280;C000187;PharmaPluz DK #0187 - Location 1;DK
S0000281;C000188;CarePharm DK #0188 - Location 1;DK
S0000282;C000189;NutriPharm DK #0189 - Location 1;DK
S0000283;C000190;PharmaPluz DK #0190 - Location 1;DK
S0000284;C000191;Lidll DK #0191 - Location 1;DK
S0000285;C000192;Edekae DK #0192 - Location 1;DK
S0000286;C000193;Aldii DK #0193 - Location 1;DK
S0000287;C000193;Aldii DK #0193 - Location 2;DK
S0000288;C000194;Carrefouk DK #0194 - Location 1;DK
S0000289;C000195;Rewee DK #0195 - Location 1;DK
S0000290;C000196;Carrefouk DK #0196 - Location 1;DK
S0000291;C000196;Carrefouk DK #0196 - Location 2;DK
S0000292;C000196;Carrefouk DK #0196 - Location 3;DK
S0000293;C000197;Lidll DK #0197 - Location 1;DK
S0000294;C000198;Intermarche DK #0198 - Location 1;DK
S0000295;C000198;Intermarche DK #0198 - Location 2;DK
S0000296;C000198;Intermarche DK #0198 - Location 3;DK
S0000297;C000199;Rewee DK #0199 - Location 1;DK
S0000298;C000199;Rewee DK #0199 - Location 2;DK
S0000299;C000200;Aldii DK #0200 - Location 1;DK
S0000300;C000201;Lidll DK #0201 - Location 1;DK
S0000301;C000201;Lidll DK #0201 - Location 2;DK
S0000302;C000202;Sparr DK #0202 - Location 1;DK
S0000303;C000203;Sparr DK #0203 - Location 1;DK
S0000304;C000204;Edekae DK #0204 - Location 1;DK
S0000305;C000205;Decathlonn DK #0205 - Location 1;DK
S0000306;C000206;Decatlon DK #0206 - Location 1;DK
S0000307;C000207;ProSport DK #0207 - Location 1;DK
S0000308;C000208;AthletiX DK #0208 - Location 1;DK
S0000309;C000209;Intersportt DK #0209 - Location 1;DK
S0000310;C000209;Intersportt DK #0209 - Location 2;DK
S0000311;C000209;Intersportt DK #0209 - Location 3;DK
S0000312;C000210;FitZone DK #0210 - Location 1;DK
S0000313;C000211;WellKart EE Online #0211 - Location 1;EE
S0000314;C000212;NutriHub EE Online #0212 - Location 1;EE
S0000315;C000213;WellKart EE Online #0213 - Location 1;EE
S0000316;C000214;NutriHub EE Online #0214 - Location 1;EE
S0000317;C000215;CarePharm EE #0215 - Location 1;EE
S0000318;C000215;CarePharm EE #0215 - Location 2;EE
S0000319;C000216;HealthPoint EE #0216 - Location 1;EE
S0000320;C000216;HealthPoint EE #0216 - Location 2;EE
S0000321;C000217;EuroPharmx EE #0217 - Location 1;EE
S0000322;C000218;HealthPoint EE #0218 - Location 1;EE
S0000323;C000219;Tesko EE #0219 - Location 1;EE
S0000324;C000220;Edekae EE #0220 - Location 1;EE
S0000325;C000221;Rewee EE #0221 - Location 1;EE
S0000326;C000221;Rewee EE #0221 - Location 2;EE
S0000327;C000222;Auchon EE #0222 - Location 1;EE
S0000328;C000222;Auchon EE #0222 - Location 2;EE
S0000329;C000222;Auchon EE #0222 - Location 3;EE
S0000330;C000223;Carrefouk EE #0223 - Location 1;EE
S0000331;C000224;Tesko EE #0224 - Location 1;EE
S0000332;C000225;Carrefouk EE #0225 - Location 1;EE
S0000333;C000226;Rewee EE #0226 - Location 1;EE
S0000334;C000227;Aldii EE #0227 - Location 1;EE
S0000335;C000228;Aldii EE #0228 - Location 1;EE
S0000336;C000229;Rewee EE #0229 - Location 1;EE
S0000337;C000230;Edekae EE #0230 - Location 1;EE
S0000338;C000230;Edekae EE #0230 - Location 2;EE
S0000339;C000231;Tesko EE #0231 - Location 1;EE
S0000340;C000231;Tesko EE #0231 - Location 2;EE
S0000341;C000232;Edekae EE #0232 - Location 1;EE
S0000342;C000232;Edekae EE #0232 - Location 2;EE
S0000343;C000233;ProSport EE #0233 - Location 1;EE
S0000344;C000233;ProSport EE #0233 - Location 2;EE
S0000345;C000234;Intersportt EE #0234 - Location 1;EE
S0000346;C000234;Intersportt EE #0234 - Location 2;EE
S0000347;C000235;ProSport EE #0235 - Location 1;EE
S0000348;C000236;Decathlonn EE #0236 - Location 1;EE
S0000349;C000237;ProSport EE #0237 - Location 1;EE
S0000350;C000238;SportDirekt EE #0238 - Location 1;EE
S0000351;C000239;ZenBasket FI Online #0239 - Location 1;FI
S0000352;C000239;ZenBasket FI Online #0239 - Location 2;FI
S0000353;C000240;WellKart FI Online #0240 - Location 1;FI
S0000354;C000241;PulseMarket FI Online #0241 - Location 1;FI
S0000355;C000241;PulseMarket FI Online #0241 - Location 2;FI
S0000356;C000242;VitaBox FI Online #0242 - Location 1;FI
S0000357;C000243;MediKore FI #0243 - Location 1;FI
S0000358;C000244;MediKore FI #0244 - Location 1;FI
S0000359;C000245;PharmaPluz FI #0245 - Location 1;FI
S0000360;C000245;PharmaPluz FI #0245 - Location 2;FI
S0000361;C000246;PharmaPluz FI #0246 - Location 1;FI
S0000362;C000247;Sparr FI #0247 - Location 1;FI
S0000363;C000247;Sparr FI #0247 - Location 2;FI
S0000364;C000248;Rewee FI #0248 - Location 1;FI
S0000365;C000249;Rewee FI #0249 - Location 1;FI
S0000366;C000249;Rewee FI #0249 - Location 2;FI
S0000367;C000250;Rewee FI #0250 - Location 1;FI
S0000368;C000251;Tesko FI #0251 - Location 1;FI
S0000369;C000252;Tesko FI #0252 - Location 1;FI
S0000370;C000253;Aldii FI #0253 - Location 1;FI
S0000371;C000253;Aldii FI #0253 - Location 2;FI
S0000372;C000253;Aldii FI #0253 - Location 3;FI
S0000373;C000254;Rewee FI #0254 - Location 1;FI
S0000374;C000255;Sparr FI #0255 - Location 1;FI
S0000375;C000255;Sparr FI #0255 - Location 2;FI
S0000376;C000256;Auchon FI #0256 - Location 1;FI
S0000377;C000257;Edekae FI #0257 - Location 1;FI
S0000378;C000257;Edekae FI #0257 - Location 2;FI
S0000379;C000258;Aldii FI #0258 - Location 1;FI
S0000380;C000259;Sparr FI #0259 - Location 1;FI
S0000381;C000260;Rewee FI #0260 - Location 1;FI
S0000382;C000260;Rewee FI #0260 - Location 2;FI
S0000383;C000261;Decatlon FI #0261 - Location 1;FI
S0000384;C000262;FitZone FI #0262 - Location 1;FI
S0000385;C000262;FitZone FI #0262 - Location 2;FI
S0000386;C000263;Decatlon FI #0263 - Location 1;FI
S0000387;C000263;Decatlon FI #0263 - Location 2;FI
S0000388;C000263;Decatlon FI #0263 - Location 3;FI
S0000389;C000264;Decathlonn FI #0264 - Location 1;FI
S0000390;C000265;Intersportt FI #0265 - Location 1;FI
S0000391;C000266;Decatlon FI #0266 - Location 1;FI
S0000392;C000266;Decatlon FI #0266 - Location 2;FI
S0000393;C000267;PulseMarket FR Online #0267 - Location 1;FR
S0000394;C000268;FitNest FR Online #0268 - Location 1;FR
S0000395;C000269;VitaBox FR Online #0269 - Location 1;FR
S0000396;C000270;PrimeFuel FR Online #0270 - Location 1;FR
S0000397;C000270;PrimeFuel FR Online #0270 - Location 2;FR
S0000398;C000270;PrimeFuel FR Online #0270 - Location 3;FR
S0000399;C000271;GymMart FR Online #0271 - Location 1;FR
S0000400;C000272;GymMart FR Online #0272 - Location 1;FR
S0000401;C000273;NutriHub FR Online #0273 - Location 1;FR
S0000402;C000273;NutriHub FR Online #0273 - Location 2;FR
S0000403;C000274;VitaBox FR Online #0274 - Location 1;FR
S0000404;C000275;WellKart FR Online #0275 - Location 1;FR
S0000405;C000276;ZenBasket FR Online #0276 - Location 1;FR
S0000406;C000277;ZenBasket FR Online #0277 - Location 1;FR
S0000407;C000277;ZenBasket FR Online #0277 - Location 2;FR
S0000408;C000278;MediKore FR #0278 - Location 1;FR
S0000409;C000279;CarePharm FR #0279 - Location 1;FR
S0000410;C000279;CarePharm FR #0279 - Location 2;FR
S0000411;C000280;CarePharm FR #0280 - Location 1;FR
S0000412;C000280;CarePharm FR #0280 - Location 2;FR
S0000413;C000281;EuroPharmx FR #0281 - Location 1;FR
S0000414;C000282;CarePharm FR #0282 - Location 1;FR
S0000415;C000283;VitaCare FR #0283 - Location 1;FR
S0000416;C000283;VitaCare FR #0283 - Location 2;FR
S0000417;C000283;VitaCare FR #0283 - Location 3;FR
S0000418;C000284;VitaCare FR #0284 - Location 1;FR
S0000419;C000285;CarePharm FR #0285 - Location 1;FR
S0000420;C000286;EuroPharmx FR #0286 - Location 1;FR
S0000421;C000286;EuroPharmx FR #0286 - Location 2;FR
S0000422;C000287;VitaCare FR #0287 - Location 1;FR
S0000423;C000288;Intermarche FR #0288 - Location 1;FR
S0000424;C000289;Intermarche FR #0289 - Location 1;FR
S0000425;C000289;Intermarche FR #0289 - Location 2;FR
S0000426;C000290;Intermarche FR #0290 - Location 1;FR
S0000427;C000291;Lidll FR #0291 - Location 1;FR
S0000428;C000292;Tesko FR #0292 - Location 1;FR
S0000429;C000293;Lidll FR #0293 - Location 1;FR
S0000430;C000294;Tesko FR #0294 - Location 1;FR
S0000431;C000294;Tesko FR #0294 - Location 2;FR
S0000432;C000295;Sparr FR #0295 - Location 1;FR
S0000433;C000296;Sparr FR #0296 - Location 1;FR
S0000434;C000297;Rewee FR #0297 - Location 1;FR
S0000435;C000297;Rewee FR #0297 - Location 2;FR
S0000436;C000298;Aldii FR #0298 - Location 1;FR
S0000437;C000299;Sparr FR #0299 - Location 1;FR
S0000438;C000300;Carrefouk FR #0300 - Location 1;FR
S0000439;C000300;Carrefouk FR #0300 - Location 2;FR
S0000440;C000301;Lidll FR #0301 - Location 1;FR
S0000441;C000302;Intermarche FR #0302 - Location 1;FR
S0000442;C000303;Tesko FR #0303 - Location 1;FR
S0000443;C000304;Rewee FR #0304 - Location 1;FR
S0000444;C000304;Rewee FR #0304 - Location 2;FR
S0000445;C000304;Rewee FR #0304 - Location 3;FR
S0000446;C000305;Intermarche FR #0305 - Location 1;FR
S0000447;C000306;Lidll FR #0306 - Location 1;FR
S0000448;C000306;Lidll FR #0306 - Location 2;FR
S0000449;C000306;Lidll FR #0306 - Location 3;FR
S0000450;C000307;Edekae FR #0307 - Location 1;FR
S0000451;C000307;Edekae FR #0307 - Location 2;FR
S0000452;C000307;Edekae FR #0307 - Location 3;FR
S0000453;C000308;Decatlon FR #0308 - Location 1;FR
S0000454;C000308;Decatlon FR #0308 - Location 2;FR
S0000455;C000309;Intersportt FR #0309 - Location 1;FR
S0000456;C000309;Intersportt FR #0309 - Location 2;FR
S0000457;C000309;Intersportt FR #0309 - Location 3;FR
S0000458;C000310;ProSport FR #0310 - Location 1;FR
S0000459;C000310;ProSport FR #0310 - Location 2;FR
S0000460;C000311;ProSport FR #0311 - Location 1;FR
S0000461;C000312;Decathlonn FR #0312 - Location 1;FR
S0000462;C000312;Decathlonn FR #0312 - Location 2;FR
S0000463;C000313;Decathlonn FR #0313 - Location 1;FR
S0000464;C000314;Decathlonn FR #0314 - Location 1;FR
S0000465;C000314;Decathlonn FR #0314 - Location 2;FR
S0000466;C000315;Intersportt FR #0315 - Location 1;FR
S0000467;C000316;SportDirekt FR #0316 - Location 1;FR
S0000468;C000316;SportDirekt FR #0316 - Location 2;FR
S0000469;C000317;NutriHub DE Online #0317 - Location 1;DE
S0000470;C000318;FitNest DE Online #0318 - Location 1;DE
S0000471;C000319;GymMart DE Online #0319 - Location 1;DE
S0000472;C000320;NutriHub DE Online #0320 - Location 1;DE
S0000473;C000320;NutriHub DE Online #0320 - Location 2;DE
S0000474;C000321;ZenBasket DE Online #0321 - Location 1;DE
S0000475;C000322;ZenBasket DE Online #0322 - Location 1;DE
S0000476;C000323;PrimeFuel DE Online #0323 - Location 1;DE
S0000477;C000323;PrimeFuel DE Online #0323 - Location 2;DE
S0000478;C000324;VitaCare DE #0324 - Location 1;DE
S0000479;C000325;HealthPoint DE #0325 - Location 1;DE
S0000480;C000326;NutriPharm DE #0326 - Location 1;DE
S0000481;C000327;PharmaPluz DE #0327 - Location 1;DE
S0000482;C000327;PharmaPluz DE #0327 - Location 2;DE
S0000483;C000328;VitaCare DE #0328 - Location 1;DE
S0000484;C000328;VitaCare DE #0328 - Location 2;DE
S0000485;C000329;MediKore DE #0329 - Location 1;DE
S0000486;C000330;NutriPharm DE #0330 - Location 1;DE
S0000487;C000331;Sparr DE #0331 - Location 1;DE
S0000488;C000332;Aldii DE #0332 - Location 1;DE
S0000489;C000333;Rewee DE #0333 - Location 1;DE
S0000490;C000334;Intermarche DE #0334 - Location 1;DE
S0000491;C000334;Intermarche DE #0334 - Location 2;DE
S0000492;C000335;Sparr DE #0335 - Location 1;DE
S0000493;C000335;Sparr DE #0335 - Location 2;DE
S0000494;C000335;Sparr DE #0335 - Location 3;DE
S0000495;C000336;Lidll DE #0336 - Location 1;DE
S0000496;C000337;Intermarche DE #0337 - Location 1;DE
S0000497;C000338;Auchon DE #0338 - Location 1;DE
S0000498;C000339;Aldii DE #0339 - Location 1;DE
S0000499;C000340;Aldii DE #0340 - Location 1;DE
S0000500;C000341;Rewee DE #0341 - Location 1;DE
S0000501;C000342;Intermarche DE #0342 - Location 1;DE
S0000502;C000343;Aldii DE #0343 - Location 1;DE
S0000503;C000344;Lidll DE #0344 - Location 1;DE
S0000504;C000345;Aldii DE #0345 - Location 1;DE
S0000505;C000346;Intermarche DE #0346 - Location 1;DE
S0000506;C000346;Intermarche DE #0346 - Location 2;DE
S0000507;C000347;Edekae DE #0347 - Location 1;DE
S0000508;C000348;Carrefouk DE #0348 - Location 1;DE
S0000509;C000348;Carrefouk DE #0348 - Location 2;DE
S0000510;C000349;Carrefouk DE #0349 - Location 1;DE
S0000511;C000350;Auchon DE #0350 - Location 1;DE
S0000512;C000350;Auchon DE #0350 - Location 2;DE
S0000513;C000350;Auchon DE #0350 - Location 3;DE
S0000514;C000351;Auchon DE #0351 - Location 1;DE
S0000515;C000351;Auchon DE #0351 - Location 2;DE
S0000516;C000352;Lidll DE #0352 - Location 1;DE
S0000517;C000352;Lidll DE #0352 - Location 2;DE
S0000518;C000353;Sparr DE #0353 - Location 1;DE
S0000519;C000354;Aldii DE #0354 - Location 1;DE
S0000520;C000355;Decatlon DE #0355 - Location 1;DE
S0000521;C000355;Decatlon DE #0355 - Location 2;DE
S0000522;C000356;ProSport DE #0356 - Location 1;DE
S0000523;C000356;ProSport DE #0356 - Location 2;DE
S0000524;C000357;AthletiX DE #0357 - Location 1;DE
S0000525;C000358;AthletiX DE #0358 - Location 1;DE
S0000526;C000359;Intersportt DE #0359 - Location 1;DE
S0000527;C000360;ProSport DE #0360 - Location 1;DE
S0000528;C000361;Decatlon DE #0361 - Location 1;DE
S0000529;C000362;Decatlon DE #0362 - Location 1;DE
S0000530;C000363;Decathlonn DE #0363 - Location 1;DE
S0000531;C000363;Decathlonn DE #0363 - Location 2;DE
S0000532;C000364;FitZone DE #0364 - Location 1;DE
S0000533;C000365;FitNest GR Online #0365 - Location 1;GR
S0000534;C000366;ZenBasket GR Online #0366 - Location 1;GR
S0000535;C000366;ZenBasket GR Online #0366 - Location 2;GR
S0000536;C000367;NutriHub GR Online #0367 - Location 1;GR
S0000537;C000368;VitaBox GR Online #0368 - Location 1;GR
S0000538;C000368;VitaBox GR Online #0368 - Location 2;GR
S0000539;C000368;VitaBox GR Online #0368 - Location 3;GR
S0000540;C000369;PrimeFuel GR Online #0369 - Location 1;GR
S0000541;C000369;PrimeFuel GR Online #0369 - Location 2;GR
S0000542;C000369;PrimeFuel GR Online #0369 - Location 3;GR
S0000543;C000370;ZenBasket GR Online #0370 - Location 1;GR
S0000544;C000370;ZenBasket GR Online #0370 - Location 2;GR
S0000545;C000371;NutriHub GR Online #0371 - Location 1;GR
S0000546;C000371;NutriHub GR Online #0371 - Location 2;GR
S0000547;C000371;NutriHub GR Online #0371 - Location 3;GR
S0000548;C000372;GymMart GR Online #0372 - Location 1;GR
S0000549;C000372;GymMart GR Online #0372 - Location 2;GR
S0000550;C000373;NutriHub GR Online #0373 - Location 1;GR
S0000551;C000374;FitNest GR Online #0374 - Location 1;GR
S0000552;C000375;PulseMarket GR Online #0375 - Location 1;GR
S0000553;C000375;PulseMarket GR Online #0375 - Location 2;GR
S0000554;C000376;MediKore GR #0376 - Location 1;GR
S0000555;C000377;EuroPharmx GR #0377 - Location 1;GR
S0000556;C000378;CarePharm GR #0378 - Location 1;GR
S0000557;C000379;CarePharm GR #0379 - Location 1;GR
S0000558;C000380;MediKore GR #0380 - Location 1;GR
S0000559;C000380;MediKore GR #0380 - Location 2;GR
S0000560;C000380;MediKore GR #0380 - Location 3;GR
S0000561;C000381;MediKore GR #0381 - Location 1;GR
S0000562;C000382;CarePharm GR #0382 - Location 1;GR
S0000563;C000383;CarePharm GR #0383 - Location 1;GR
S0000564;C000384;Intermarche GR #0384 - Location 1;GR
S0000565;C000384;Intermarche GR #0384 - Location 2;GR
S0000566;C000384;Intermarche GR #0384 - Location 3;GR
S0000567;C000385;Auchon GR #0385 - Location 1;GR
S0000568;C000386;Auchon GR #0386 - Location 1;GR
S0000569;C000386;Auchon GR #0386 - Location 2;GR
S0000570;C000386;Auchon GR #0386 - Location 3;GR
S0000571;C000387;Auchon GR #0387 - Location 1;GR
S0000572;C000387;Auchon GR #0387 - Location 2;GR
S0000573;C000387;Auchon GR #0387 - Location 3;GR
S0000574;C000388;Auchon GR #0388 - Location 1;GR
S0000575;C000389;Decatlon GR #0389 - Location 1;GR
S0000576;C000390;ProSport GR #0390 - Location 1;GR
S0000577;C000390;ProSport GR #0390 - Location 2;GR
S0000578;C000390;ProSport GR #0390 - Location 3;GR
S0000579;C000391;AthletiX GR #0391 - Location 1;GR
S0000580;C000392;FitZone GR #0392 - Location 1;GR
S0000581;C000392;FitZone GR #0392 - Location 2;GR
S0000582;C000393;ZenBasket HU Online #0393 - Location 1;HU
S0000583;C000394;PrimeFuel HU Online #0394 - Location 1;HU
S0000584;C000394;PrimeFuel HU Online #0394 - Location 2;HU
S0000585;C000395;ZenBasket HU Online #0395 - Location 1;HU
S0000586;C000395;ZenBasket HU Online #0395 - Location 2;HU
S0000587;C000396;PrimeFuel HU Online #0396 - Location 1;HU
S0000588;C000397;WellKart HU Online #0397 - Location 1;HU
S0000589;C000397;WellKart HU Online #0397 - Location 2;HU
S0000590;C000397;WellKart HU Online #0397 - Location 3;HU
S0000591;C000398;NutriPharm HU #0398 - Location 1;HU
S0000592;C000398;NutriPharm HU #0398 - Location 2;HU
S0000593;C000399;HealthPoint HU #0399 - Location 1;HU
S0000594;C000399;HealthPoint HU #0399 - Location 2;HU
S0000595;C000400;PharmaPluz HU #0400 - Location 1;HU
S0000596;C000400;PharmaPluz HU #0400 - Location 2;HU
S0000597;C000401;PharmaPluz HU #0401 - Location 1;HU
S0000598;C000402;MediKore HU #0402 - Location 1;HU
S0000599;C000403;EuroPharmx HU #0403 - Location 1;HU
S0000600;C000403;EuroPharmx HU #0403 - Location 2;HU
S0000601;C000404;Tesko HU #0404 - Location 1;HU
S0000602;C000405;Sparr HU #0405 - Location 1;HU
S0000603;C000405;Sparr HU #0405 - Location 2;HU
S0000604;C000405;Sparr HU #0405 - Location 3;HU
S0000605;C000406;Tesko HU #0406 - Location 1;HU
S0000606;C000407;Carrefouk HU #0407 - Location 1;HU
S0000607;C000408;Rewee HU #0408 - Location 1;HU
S0000608;C000409;Tesko HU #0409 - Location 1;HU
S0000609;C000410;Edekae HU #0410 - Location 1;HU
S0000610;C000411;Sparr HU #0411 - Location 1;HU
S0000611;C000412;Auchon HU #0412 - Location 1;HU
S0000612;C000413;Sparr HU #0413 - Location 1;HU
S0000613;C000414;Rewee HU #0414 - Location 1;HU
S0000614;C000415;Auchon HU #0415 - Location 1;HU
S0000615;C000415;Auchon HU #0415 - Location 2;HU
S0000616;C000416;Decathlonn HU #0416 - Location 1;HU
S0000617;C000417;FitZone HU #0417 - Location 1;HU
S0000618;C000418;ProSport HU #0418 - Location 1;HU
S0000619;C000419;Intersportt HU #0419 - Location 1;HU
S0000620;C000420;ProSport HU #0420 - Location 1;HU
S0000621;C000421;VitaBox IE Online #0421 - Location 1;IE
S0000622;C000422;WellKart IE Online #0422 - Location 1;IE
S0000623;C000422;WellKart IE Online #0422 - Location 2;IE
S0000624;C000423;VitaBox IE Online #0423 - Location 1;IE
S0000625;C000423;VitaBox IE Online #0423 - Location 2;IE
S0000626;C000424;WellKart IE Online #0424 - Location 1;IE
S0000627;C000424;WellKart IE Online #0424 - Location 2;IE
S0000628;C000425;CarePharm IE #0425 - Location 1;IE
S0000629;C000426;VitaCare IE #0426 - Location 1;IE
S0000630;C000427;PharmaPluz IE #0427 - Location 1;IE
S0000631;C000427;PharmaPluz IE #0427 - Location 2;IE
S0000632;C000427;PharmaPluz IE #0427 - Location 3;IE
S0000633;C000428;PharmaPluz IE #0428 - Location 1;IE
S0000634;C000428;PharmaPluz IE #0428 - Location 2;IE
S0000635;C000429;Auchon IE #0429 - Location 1;IE
S0000636;C000429;Auchon IE #0429 - Location 2;IE
S0000637;C000430;Sparr IE #0430 - Location 1;IE
S0000638;C000430;Sparr IE #0430 - Location 2;IE
S0000639;C000430;Sparr IE #0430 - Location 3;IE
S0000640;C000431;Carrefouk IE #0431 - Location 1;IE
S0000641;C000431;Carrefouk IE #0431 - Location 2;IE
S0000642;C000432;Lidll IE #0432 - Location 1;IE
S0000643;C000432;Lidll IE #0432 - Location 2;IE
S0000644;C000433;Auchon IE #0433 - Location 1;IE
S0000645;C000433;Auchon IE #0433 - Location 2;IE
S0000646;C000433;Auchon IE #0433 - Location 3;IE
S0000647;C000434;Tesko IE #0434 - Location 1;IE
S0000648;C000434;Tesko IE #0434 - Location 2;IE
S0000649;C000434;Tesko IE #0434 - Location 3;IE
S0000650;C000435;Aldii IE #0435 - Location 1;IE
S0000651;C000436;Lidll IE #0436 - Location 1;IE
S0000652;C000437;Intermarche IE #0437 - Location 1;IE
S0000653;C000438;Edekae IE #0438 - Location 1;IE
S0000654;C000439;Lidll IE #0439 - Location 1;IE
S0000655;C000440;Intermarche IE #0440 - Location 1;IE
S0000656;C000441;Aldii IE #0441 - Location 1;IE
S0000657;C000442;Tesko IE #0442 - Location 1;IE
S0000658;C000442;Tesko IE #0442 - Location 2;IE
S0000659;C000442;Tesko IE #0442 - Location 3;IE
S0000660;C000443;Intersportt IE #0443 - Location 1;IE
S0000661;C000444;Intersportt IE #0444 - Location 1;IE
S0000662;C000445;FitZone IE #0445 - Location 1;IE
S0000663;C000446;AthletiX IE #0446 - Location 1;IE
S0000664;C000446;AthletiX IE #0446 - Location 2;IE
S0000665;C000447;FitZone IE #0447 - Location 1;IE
S0000666;C000448;SportDirekt IE #0448 - Location 1;IE
S0000667;C000449;PrimeFuel IT Online #0449 - Location 1;IT
S0000668;C000450;PulseMarket IT Online #0450 - Location 1;IT
S0000669;C000450;PulseMarket IT Online #0450 - Location 2;IT
S0000670;C000451;PrimeFuel IT Online #0451 - Location 1;IT
S0000671;C000452;NutriHub IT Online #0452 - Location 1;IT
S0000672;C000453;PrimeFuel IT Online #0453 - Location 1;IT
S0000673;C000454;NutriHub IT Online #0454 - Location 1;IT
S0000674;C000455;GymMart IT Online #0455 - Location 1;IT
S0000675;C000456;GymMart IT Online #0456 - Location 1;IT
S0000676;C000457;FitNest IT Online #0457 - Location 1;IT
S0000677;C000458;VitaBox IT Online #0458 - Location 1;IT
S0000678;C000459;NutriHub IT Online #0459 - Location 1;IT
S0000679;C000460;VitaBox IT Online #0460 - Location 1;IT
S0000680;C000460;VitaBox IT Online #0460 - Location 2;IT
S0000681;C000461;PrimeFuel IT Online #0461 - Location 1;IT
S0000682;C000462;PulseMarket IT Online #0462 - Location 1;IT
S0000683;C000463;PrimeFuel IT Online #0463 - Location 1;IT
S0000684;C000463;PrimeFuel IT Online #0463 - Location 2;IT
S0000685;C000464;PrimeFuel IT Online #0464 - Location 1;IT
S0000686;C000465;NutriHub IT Online #0465 - Location 1;IT
S0000687;C000465;NutriHub IT Online #0465 - Location 2;IT
S0000688;C000465;NutriHub IT Online #0465 - Location 3;IT
S0000689;C000466;GymMart IT Online #0466 - Location 1;IT
S0000690;C000466;GymMart IT Online #0466 - Location 2;IT
S0000691;C000467;VitaBox IT Online #0467 - Location 1;IT
S0000692;C000468;VitaBox IT Online #0468 - Location 1;IT
S0000693;C000469;HealthPoint IT #0469 - Location 1;IT
S0000694;C000469;HealthPoint IT #0469 - Location 2;IT
S0000695;C000470;MediKore IT #0470 - Location 1;IT
S0000696;C000470;MediKore IT #0470 - Location 2;IT
S0000697;C000471;CarePharm IT #0471 - Location 1;IT
S0000698;C000472;PharmaPluz IT #0472 - Location 1;IT
S0000699;C000473;EuroPharmx IT #0473 - Location 1;IT
S0000700;C000473;EuroPharmx IT #0473 - Location 2;IT
S0000701;C000473;EuroPharmx IT #0473 - Location 3;IT
S0000702;C000474;PharmaPluz IT #0474 - Location 1;IT
S0000703;C000474;PharmaPluz IT #0474 - Location 2;IT
S0000704;C000475;NutriPharm IT #0475 - Location 1;IT
S0000705;C000476;CarePharm IT #0476 - Location 1;IT
S0000706;C000476;CarePharm IT #0476 - Location 2;IT
S0000707;C000477;EuroPharmx IT #0477 - Location 1;IT
S0000708;C000477;EuroPharmx IT #0477 - Location 2;IT
S0000709;C000477;EuroPharmx IT #0477 - Location 3;IT
S0000710;C000478;NutriPharm IT #0478 - Location 1;IT
S0000711;C000478;NutriPharm IT #0478 - Location 2;IT
S0000712;C000478;NutriPharm IT #0478 - Location 3;IT
S0000713;C000479;HealthPoint IT #0479 - Location 1;IT
S0000714;C000479;HealthPoint IT #0479 - Location 2;IT
S0000715;C000480;CarePharm IT #0480 - Location 1;IT
S0000716;C000480;CarePharm IT #0480 - Location 2;IT
S0000717;C000481;EuroPharmx IT #0481 - Location 1;IT
S0000718;C000482;CarePharm IT #0482 - Location 1;IT
S0000719;C000483;Aldii IT #0483 - Location 1;IT
S0000720;C000484;Edekae IT #0484 - Location 1;IT
S0000721;C000485;Carrefouk IT #0485 - Location 1;IT
S0000722;C000486;Rewee IT #0486 - Location 1;IT
S0000723;C000486;Rewee IT #0486 - Location 2;IT
S0000724;C000486;Rewee IT #0486 - Location 3;IT
S0000725;C000487;Rewee IT #0487 - Location 1;IT
S0000726;C000488;Auchon IT #0488 - Location 1;IT
S0000727;C000489;Sparr IT #0489 - Location 1;IT
S0000728;C000490;Rewee IT #0490 - Location 1;IT
S0000729;C000491;Rewee IT #0491 - Location 1;IT
S0000730;C000492;SportDirekt IT #0492 - Location 1;IT
S0000731;C000493;SportDirekt IT #0493 - Location 1;IT
S0000732;C000494;Decatlon IT #0494 - Location 1;IT
S0000733;C000495;Decatlon IT #0495 - Location 1;IT
S0000734;C000496;AthletiX IT #0496 - Location 1;IT
S0000735;C000497;Decathlonn IT #0497 - Location 1;IT
S0000736;C000497;Decathlonn IT #0497 - Location 2;IT
S0000737;C000498;AthletiX IT #0498 - Location 1;IT
S0000738;C000499;ZenBasket LV Online #0499 - Location 1;LV
S0000739;C000500;WellKart LV Online #0500 - Location 1;LV
S0000740;C000500;WellKart LV Online #0500 - Location 2;LV
S0000741;C000501;PrimeFuel LV Online #0501 - Location 1;LV
S0000742;C000502;ZenBasket LV Online #0502 - Location 1;LV
S0000743;C000503;HealthPoint LV #0503 - Location 1;LV
S0000744;C000503;HealthPoint LV #0503 - Location 2;LV
S0000745;C000503;HealthPoint LV #0503 - Location 3;LV
S0000746;C000504;NutriPharm LV #0504 - Location 1;LV
S0000747;C000504;NutriPharm LV #0504 - Location 2;LV
S0000748;C000505;MediKore LV #0505 - Location 1;LV
S0000749;C000506;CarePharm LV #0506 - Location 1;LV
S0000750;C000506;CarePharm LV #0506 - Location 2;LV
S0000751;C000507;Tesko LV #0507 - Location 1;LV
S0000752;C000507;Tesko LV #0507 - Location 2;LV
S0000753;C000508;Carrefouk LV #0508 - Location 1;LV
S0000754;C000508;Carrefouk LV #0508 - Location 2;LV
S0000755;C000509;Intermarche LV #0509 - Location 1;LV
S0000756;C000509;Intermarche LV #0509 - Location 2;LV
S0000757;C000510;Sparr LV #0510 - Location 1;LV
S0000758;C000511;Edekae LV #0511 - Location 1;LV
S0000759;C000512;Carrefouk LV #0512 - Location 1;LV
S0000760;C000513;Intermarche LV #0513 - Location 1;LV
S0000761;C000514;Carrefouk LV #0514 - Location 1;LV
S0000762;C000515;Sparr LV #0515 - Location 1;LV
S0000763;C000516;Aldii LV #0516 - Location 1;LV
S0000764;C000516;Aldii LV #0516 - Location 2;LV
S0000765;C000517;Aldii LV #0517 - Location 1;LV
S0000766;C000518;Sparr LV #0518 - Location 1;LV
S0000767;C000519;Aldii LV #0519 - Location 1;LV
S0000768;C000520;Lidll LV #0520 - Location 1;LV
S0000769;C000520;Lidll LV #0520 - Location 2;LV
S0000770;C000521;FitZone LV #0521 - Location 1;LV
S0000771;C000522;SportDirekt LV #0522 - Location 1;LV
S0000772;C000522;SportDirekt LV #0522 - Location 2;LV
S0000773;C000523;Decatlon LV #0523 - Location 1;LV
S0000774;C000524;SportDirekt LV #0524 - Location 1;LV
S0000775;C000525;Decatlon LV #0525 - Location 1;LV
S0000776;C000525;Decatlon LV #0525 - Location 2;LV
S0000777;C000525;Decatlon LV #0525 - Location 3;LV
S0000778;C000526;AthletiX LV #0526 - Location 1;LV
S0000779;C000527;PulseMarket LT Online #0527 - Location 1;LT
S0000780;C000528;GymMart LT Online #0528 - Location 1;LT
S0000781;C000528;GymMart LT Online #0528 - Location 2;LT
S0000782;C000529;GymMart LT Online #0529 - Location 1;LT
S0000783;C000530;PrimeFuel LT Online #0530 - Location 1;LT
S0000784;C000530;PrimeFuel LT Online #0530 - Location 2;LT
S0000785;C000530;PrimeFuel LT Online #0530 - Location 3;LT
S0000786;C000531;VitaCare LT #0531 - Location 1;LT
S0000787;C000532;HealthPoint LT #0532 - Location 1;LT
S0000788;C000533;CarePharm LT #0533 - Location 1;LT
S0000789;C000534;CarePharm LT #0534 - Location 1;LT
S0000790;C000534;CarePharm LT #0534 - Location 2;LT
S0000791;C000534;CarePharm LT #0534 - Location 3;LT
S0000792;C000535;Edekae LT #0535 - Location 1;LT
S0000793;C000536;Rewee LT #0536 - Location 1;LT
S0000794;C000537;Edekae LT #0537 - Location 1;LT
S0000795;C000537;Edekae LT #0537 - Location 2;LT
S0000796;C000538;Auchon LT #0538 - Location 1;LT
S0000797;C000539;Aldii LT #0539 - Location 1;LT
S0000798;C000540;Rewee LT #0540 - Location 1;LT
S0000799;C000540;Rewee LT #0540 - Location 2;LT
S0000800;C000541;Edekae LT #0541 - Location 1;LT
S0000801;C000542;Edekae LT #0542 - Location 1;LT
S0000802;C000543;Intermarche LT #0543 - Location 1;LT
S0000803;C000544;Rewee LT #0544 - Location 1;LT
S0000804;C000545;Edekae LT #0545 - Location 1;LT
S0000805;C000546;Sparr LT #0546 - Location 1;LT
S0000806;C000546;Sparr LT #0546 - Location 2;LT
S0000807;C000546;Sparr LT #0546 - Location 3;LT
S0000808;C000547;Lidll LT #0547 - Location 1;LT
S0000809;C000548;Sparr LT #0548 - Location 1;LT
S0000810;C000549;Intersportt LT #0549 - Location 1;LT
S0000811;C000550;Intersportt LT #0550 - Location 1;LT
S0000812;C000550;Intersportt LT #0550 - Location 2;LT
S0000813;C000550;Intersportt LT #0550 - Location 3;LT
S0000814;C000551;Intersportt LT #0551 - Location 1;LT
S0000815;C000552;AthletiX LT #0552 - Location 1;LT
S0000816;C000553;Decatlon LT #0553 - Location 1;LT
S0000817;C000553;Decatlon LT #0553 - Location 2;LT
S0000818;C000554;SportDirekt LT #0554 - Location 1;LT
S0000819;C000554;SportDirekt LT #0554 - Location 2;LT
S0000820;C000554;SportDirekt LT #0554 - Location 3;LT
S0000821;C000555;WellKart LU Online #0555 - Location 1;LU
S0000822;C000556;ZenBasket LU Online #0556 - Location 1;LU
S0000823;C000557;PulseMarket LU Online #0557 - Location 1;LU
S0000824;C000557;PulseMarket LU Online #0557 - Location 2;LU
S0000825;C000557;PulseMarket LU Online #0557 - Location 3;LU
S0000826;C000558;PulseMarket LU Online #0558 - Location 1;LU
S0000827;C000558;PulseMarket LU Online #0558 - Location 2;LU
S0000828;C000558;PulseMarket LU Online #0558 - Location 3;LU
S0000829;C000559;VitaCare LU #0559 - Location 1;LU
S0000830;C000560;EuroPharmx LU #0560 - Location 1;LU
S0000831;C000561;VitaCare LU #0561 - Location 1;LU
S0000832;C000562;NutriPharm LU #0562 - Location 1;LU
S0000833;C000563;Auchon LU #0563 - Location 1;LU
S0000834;C000564;Rewee LU #0564 - Location 1;LU
S0000835;C000565;Aldii LU #0565 - Location 1;LU
S0000836;C000566;Aldii LU #0566 - Location 1;LU
S0000837;C000566;Aldii LU #0566 - Location 2;LU
S0000838;C000567;Lidll LU #0567 - Location 1;LU
S0000839;C000568;Aldii LU #0568 - Location 1;LU
S0000840;C000569;Intermarche LU #0569 - Location 1;LU
S0000841;C000570;Rewee LU #0570 - Location 1;LU
S0000842;C000571;Edekae LU #0571 - Location 1;LU
S0000843;C000571;Edekae LU #0571 - Location 2;LU
S0000844;C000572;Edekae LU #0572 - Location 1;LU
S0000845;C000573;Rewee LU #0573 - Location 1;LU
S0000846;C000574;Auchon LU #0574 - Location 1;LU
S0000847;C000575;Lidll LU #0575 - Location 1;LU
S0000848;C000575;Lidll LU #0575 - Location 2;LU
S0000849;C000575;Lidll LU #0575 - Location 3;LU
S0000850;C000576;Lidll LU #0576 - Location 1;LU
S0000851;C000577;Decatlon LU #0577 - Location 1;LU
S0000852;C000577;Decatlon LU #0577 - Location 2;LU
S0000853;C000578;Decathlonn LU #0578 - Location 1;LU
S0000854;C000578;Decathlonn LU #0578 - Location 2;LU
S0000855;C000578;Decathlonn LU #0578 - Location 3;LU
S0000856;C000579;ProSport LU #0579 - Location 1;LU
S0000857;C000580;ProSport LU #0580 - Location 1;LU
S0000858;C000581;Decathlonn LU #0581 - Location 1;LU
S0000859;C000582;SportDirekt LU #0582 - Location 1;LU
S0000860;C000582;SportDirekt LU #0582 - Location 2;LU
S0000861;C000582;SportDirekt LU #0582 - Location 3;LU
S0000862;C000583;ZenBasket MT Online #0583 - Location 1;MT
S0000863;C000584;VitaBox MT Online #0584 - Location 1;MT
S0000864;C000584;VitaBox MT Online #0584 - Location 2;MT
S0000865;C000584;VitaBox MT Online #0584 - Location 3;MT
S0000866;C000585;NutriHub MT Online #0585 - Location 1;MT
S0000867;C000586;NutriHub MT Online #0586 - Location 1;MT
S0000868;C000586;NutriHub MT Online #0586 - Location 2;MT
S0000869;C000586;NutriHub MT Online #0586 - Location 3;MT
S0000870;C000587;PulseMarket MT Online #0587 - Location 1;MT
S0000871;C000587;PulseMarket MT Online #0587 - Location 2;MT
S0000872;C000587;PulseMarket MT Online #0587 - Location 3;MT
S0000873;C000588;ZenBasket MT Online #0588 - Location 1;MT
S0000874;C000589;GymMart MT Online #0589 - Location 1;MT
S0000875;C000590;NutriHub MT Online #0590 - Location 1;MT
S0000876;C000590;NutriHub MT Online #0590 - Location 2;MT
S0000877;C000591;GymMart MT Online #0591 - Location 1;MT
S0000878;C000592;ZenBasket MT Online #0592 - Location 1;MT
S0000879;C000592;ZenBasket MT Online #0592 - Location 2;MT
S0000880;C000593;GymMart MT Online #0593 - Location 1;MT
S0000881;C000594;HealthPoint MT #0594 - Location 1;MT
S0000882;C000595;PharmaPluz MT #0595 - Location 1;MT
S0000883;C000595;PharmaPluz MT #0595 - Location 2;MT
S0000884;C000596;EuroPharmx MT #0596 - Location 1;MT
S0000885;C000597;EuroPharmx MT #0597 - Location 1;MT
S0000886;C000597;EuroPharmx MT #0597 - Location 2;MT
S0000887;C000598;VitaCare MT #0598 - Location 1;MT
S0000888;C000599;VitaCare MT #0599 - Location 1;MT
S0000889;C000600;NutriPharm MT #0600 - Location 1;MT
S0000890;C000601;CarePharm MT #0601 - Location 1;MT
S0000891;C000602;Auchon MT #0602 - Location 1;MT
S0000892;C000602;Auchon MT #0602 - Location 2;MT
S0000893;C000603;Sparr MT #0603 - Location 1;MT
S0000894;C000603;Sparr MT #0603 - Location 2;MT
S0000895;C000603;Sparr MT #0603 - Location 3;MT
S0000896;C000604;Tesko MT #0604 - Location 1;MT
S0000897;C000604;Tesko MT #0604 - Location 2;MT
S0000898;C000605;Lidll MT #0605 - Location 1;MT
S0000899;C000605;Lidll MT #0605 - Location 2;MT
S0000900;C000606;Sparr MT #0606 - Location 1;MT
S0000901;C000606;Sparr MT #0606 - Location 2;MT
S0000902;C000606;Sparr MT #0606 - Location 3;MT
S0000903;C000607;Decatlon MT #0607 - Location 1;MT
S0000904;C000608;SportDirekt MT #0608 - Location 1;MT
S0000905;C000609;ProSport MT #0609 - Location 1;MT
S0000906;C000610;AthletiX MT #0610 - Location 1;MT
S0000907;C000611;PrimeFuel NL Online #0611 - Location 1;NL
S0000908;C000611;PrimeFuel NL Online #0611 - Location 2;NL
S0000909;C000612;ZenBasket NL Online #0612 - Location 1;NL
S0000910;C000613;NutriHub NL Online #0613 - Location 1;NL
S0000911;C000613;NutriHub NL Online #0613 - Location 2;NL
S0000912;C000614;NutriHub NL Online #0614 - Location 1;NL
S0000913;C000614;NutriHub NL Online #0614 - Location 2;NL
S0000914;C000614;NutriHub NL Online #0614 - Location 3;NL
S0000915;C000615;PulseMarket NL Online #0615 - Location 1;NL
S0000916;C000616;VitaCare NL #0616 - Location 1;NL
S0000917;C000617;PharmaPluz NL #0617 - Location 1;NL
S0000918;C000618;CarePharm NL #0618 - Location 1;NL
S0000919;C000619;PharmaPluz NL #0619 - Location 1;NL
S0000920;C000620;VitaCare NL #0620 - Location 1;NL
S0000921;C000621;Aldii NL #0621 - Location 1;NL
S0000922;C000622;Sparr NL #0622 - Location 1;NL
S0000923;C000623;Tesko NL #0623 - Location 1;NL
S0000924;C000624;Sparr NL #0624 - Location 1;NL
S0000925;C000624;Sparr NL #0624 - Location 2;NL
S0000926;C000625;Aldii NL #0625 - Location 1;NL
S0000927;C000626;Lidll NL #0626 - Location 1;NL
S0000928;C000626;Lidll NL #0626 - Location 2;NL
S0000929;C000627;Sparr NL #0627 - Location 1;NL
S0000930;C000628;Intermarche NL #0628 - Location 1;NL
S0000931;C000628;Intermarche NL #0628 - Location 2;NL
S0000932;C000628;Intermarche NL #0628 - Location 3;NL
S0000933;C000629;Carrefouk NL #0629 - Location 1;NL
S0000934;C000630;Sparr NL #0630 - Location 1;NL
S0000935;C000631;Intermarche NL #0631 - Location 1;NL
S0000936;C000631;Intermarche NL #0631 - Location 2;NL
S0000937;C000631;Intermarche NL #0631 - Location 3;NL
S0000938;C000632;Rewee NL #0632 - Location 1;NL
S0000939;C000633;Auchon NL #0633 - Location 1;NL
S0000940;C000633;Auchon NL #0633 - Location 2;NL
S0000941;C000634;Lidll NL #0634 - Location 1;NL
S0000942;C000635;Auchon NL #0635 - Location 1;NL
S0000943;C000636;Edekae NL #0636 - Location 1;NL
S0000944;C000636;Edekae NL #0636 - Location 2;NL
S0000945;C000637;Rewee NL #0637 - Location 1;NL
S0000946;C000638;Lidll NL #0638 - Location 1;NL
S0000947;C000639;SportDirekt NL #0639 - Location 1;NL
S0000948;C000639;SportDirekt NL #0639 - Location 2;NL
S0000949;C000640;Intersportt NL #0640 - Location 1;NL
S0000950;C000641;ProSport NL #0641 - Location 1;NL
S0000951;C000642;Decathlonn NL #0642 - Location 1;NL
S0000952;C000643;Intersportt NL #0643 - Location 1;NL
S0000953;C000643;Intersportt NL #0643 - Location 2;NL
S0000954;C000644;SportDirekt NL #0644 - Location 1;NL
S0000955;C000644;SportDirekt NL #0644 - Location 2;NL
S0000956;C000645;Decathlonn NL #0645 - Location 1;NL
S0000957;C000646;PulseMarket PL Online #0646 - Location 1;PL
S0000958;C000647;WellKart PL Online #0647 - Location 1;PL
S0000959;C000648;WellKart PL Online #0648 - Location 1;PL
S0000960;C000648;WellKart PL Online #0648 - Location 2;PL
S0000961;C000649;FitNest PL Online #0649 - Location 1;PL
S0000962;C000650;WellKart PL Online #0650 - Location 1;PL
S0000963;C000651;PulseMarket PL Online #0651 - Location 1;PL
S0000964;C000651;PulseMarket PL Online #0651 - Location 2;PL
S0000965;C000652;MediKore PL #0652 - Location 1;PL
S0000966;C000653;MediKore PL #0653 - Location 1;PL
S0000967;C000654;HealthPoint PL #0654 - Location 1;PL
S0000968;C000655;PharmaPluz PL #0655 - Location 1;PL
S0000969;C000655;PharmaPluz PL #0655 - Location 2;PL
S0000970;C000656;HealthPoint PL #0656 - Location 1;PL
S0000971;C000656;HealthPoint PL #0656 - Location 2;PL
S0000972;C000657;PharmaPluz PL #0657 - Location 1;PL
S0000973;C000657;PharmaPluz PL #0657 - Location 2;PL
S0000974;C000658;NutriPharm PL #0658 - Location 1;PL
S0000975;C000659;Lidll PL #0659 - Location 1;PL
S0000976;C000659;Lidll PL #0659 - Location 2;PL
S0000977;C000660;Rewee PL #0660 - Location 1;PL
S0000978;C000661;Rewee PL #0661 - Location 1;PL
S0000979;C000662;Rewee PL #0662 - Location 1;PL
S0000980;C000663;Aldii PL #0663 - Location 1;PL
S0000981;C000664;Intermarche PL #0664 - Location 1;PL
S0000982;C000665;Aldii PL #0665 - Location 1;PL
S0000983;C000665;Aldii PL #0665 - Location 2;PL
S0000984;C000666;Carrefouk PL #0666 - Location 1;PL
S0000985;C000667;Intermarche PL #0667 - Location 1;PL
S0000986;C000668;Intermarche PL #0668 - Location 1;PL
S0000987;C000668;Intermarche PL #0668 - Location 2;PL
S0000988;C000668;Intermarche PL #0668 - Location 3;PL
S0000989;C000669;Aldii PL #0669 - Location 1;PL
S0000990;C000669;Aldii PL #0669 - Location 2;PL
S0000991;C000669;Aldii PL #0669 - Location 3;PL
S0000992;C000670;Rewee PL #0670 - Location 1;PL
S0000993;C000671;Edekae PL #0671 - Location 1;PL
S0000994;C000671;Edekae PL #0671 - Location 2;PL
S0000995;C000672;Sparr PL #0672 - Location 1;PL
S0000996;C000673;Aldii PL #0673 - Location 1;PL
S0000997;C000674;Intersportt PL #0674 - Location 1;PL
S0000998;C000674;Intersportt PL #0674 - Location 2;PL
S0000999;C000675;Intersportt PL #0675 - Location 1;PL
S0001000;C000676;FitZone PL #0676 - Location 1;PL
S0001001;C000677;ProSport PL #0677 - Location 1;PL
S0001002;C000678;Intersportt PL #0678 - Location 1;PL
S0001003;C000679;Decathlonn PL #0679 - Location 1;PL
S0001004;C000680;ZenBasket PT Online #0680 - Location 1;PT
S0001005;C000681;FitNest PT Online #0681 - Location 1;PT
S0001006;C000681;FitNest PT Online #0681 - Location 2;PT
S0001007;C000682;ZenBasket PT Online #0682 - Location 1;PT
S0001008;C000683;ZenBasket PT Online #0683 - Location 1;PT
S0001009;C000683;ZenBasket PT Online #0683 - Location 2;PT
S0001010;C000684;PrimeFuel PT Online #0684 - Location 1;PT
S0001011;C000684;PrimeFuel PT Online #0684 - Location 2;PT
S0001012;C000685;PulseMarket PT Online #0685 - Location 1;PT
S0001013;C000686;WellKart PT Online #0686 - Location 1;PT
S0001014;C000687;PrimeFuel PT Online #0687 - Location 1;PT
S0001015;C000687;PrimeFuel PT Online #0687 - Location 2;PT
S0001016;C000688;FitNest PT Online #0688 - Location 1;PT
S0001017;C000688;FitNest PT Online #0688 - Location 2;PT
S0001018;C000689;PulseMarket PT Online #0689 - Location 1;PT
S0001019;C000689;PulseMarket PT Online #0689 - Location 2;PT
S0001020;C000690;GymMart PT Online #0690 - Location 1;PT
S0001021;C000690;GymMart PT Online #0690 - Location 2;PT
S0001022;C000691;NutriHub PT Online #0691 - Location 1;PT
S0001023;C000691;NutriHub PT Online #0691 - Location 2;PT
S0001024;C000692;PrimeFuel PT Online #0692 - Location 1;PT
S0001025;C000693;ZenBasket PT Online #0693 - Location 1;PT
S0001026;C000693;ZenBasket PT Online #0693 - Location 2;PT
S0001027;C000694;MediKore PT #0694 - Location 1;PT
S0001028;C000695;EuroPharmx PT #0695 - Location 1;PT
S0001029;C000696;MediKore PT #0696 - Location 1;PT
S0001030;C000697;PharmaPluz PT #0697 - Location 1;PT
S0001031;C000698;PharmaPluz PT #0698 - Location 1;PT
S0001032;C000698;PharmaPluz PT #0698 - Location 2;PT
S0001033;C000699;HealthPoint PT #0699 - Location 1;PT
S0001034;C000700;CarePharm PT #0700 - Location 1;PT
S0001035;C000700;CarePharm PT #0700 - Location 2;PT
S0001036;C000701;MediKore PT #0701 - Location 1;PT
S0001037;C000702;HealthPoint PT #0702 - Location 1;PT
S0001038;C000702;HealthPoint PT #0702 - Location 2;PT
S0001039;C000703;HealthPoint PT #0703 - Location 1;PT
S0001040;C000704;Sparr PT #0704 - Location 1;PT
S0001041;C000705;Sparr PT #0705 - Location 1;PT
S0001042;C000706;Intermarche PT #0706 - Location 1;PT
S0001043;C000707;Tesko PT #0707 - Location 1;PT
S0001044;C000707;Tesko PT #0707 - Location 2;PT
S0001045;C000708;Tesko PT #0708 - Location 1;PT
S0001046;C000709;Lidll PT #0709 - Location 1;PT
S0001047;C000710;Intersportt PT #0710 - Location 1;PT
S0001048;C000710;Intersportt PT #0710 - Location 2;PT
S0001049;C000710;Intersportt PT #0710 - Location 3;PT
S0001050;C000711;Decatlon PT #0711 - Location 1;PT
S0001051;C000712;AthletiX PT #0712 - Location 1;PT
S0001052;C000713;ProSport PT #0713 - Location 1;PT
S0001053;C000713;ProSport PT #0713 - Location 2;PT
S0001054;C000714;ProSport PT #0714 - Location 1;PT
S0001055;C000715;ZenBasket RO Online #0715 - Location 1;RO
S0001056;C000716;NutriHub RO Online #0716 - Location 1;RO
S0001057;C000717;PrimeFuel RO Online #0717 - Location 1;RO
S0001058;C000718;ZenBasket RO Online #0718 - Location 1;RO
S0001059;C000719;PulseMarket RO Online #0719 - Location 1;RO
S0001060;C000720;NutriPharm RO #0720 - Location 1;RO
S0001061;C000720;NutriPharm RO #0720 - Location 2;RO
S0001062;C000721;MediKore RO #0721 - Location 1;RO
S0001063;C000722;PharmaPluz RO #0722 - Location 1;RO
S0001064;C000723;PharmaPluz RO #0723 - Location 1;RO
S0001065;C000724;EuroPharmx RO #0724 - Location 1;RO
S0001066;C000725;PharmaPluz RO #0725 - Location 1;RO
S0001067;C000725;PharmaPluz RO #0725 - Location 2;RO
S0001068;C000725;PharmaPluz RO #0725 - Location 3;RO
S0001069;C000726;Edekae RO #0726 - Location 1;RO
S0001070;C000726;Edekae RO #0726 - Location 2;RO
S0001071;C000727;Auchon RO #0727 - Location 1;RO
S0001072;C000728;Auchon RO #0728 - Location 1;RO
S0001073;C000729;Intermarche RO #0729 - Location 1;RO
S0001074;C000730;Tesko RO #0730 - Location 1;RO
S0001075;C000731;Edekae RO #0731 - Location 1;RO
S0001076;C000732;Sparr RO #0732 - Location 1;RO
S0001077;C000733;Intermarche RO #0733 - Location 1;RO
S0001078;C000734;Lidll RO #0734 - Location 1;RO
S0001079;C000735;Auchon RO #0735 - Location 1;RO
S0001080;C000736;Edekae RO #0736 - Location 1;RO
S0001081;C000736;Edekae RO #0736 - Location 2;RO
S0001082;C000737;Auchon RO #0737 - Location 1;RO
S0001083;C000738;FitZone RO #0738 - Location 1;RO
S0001084;C000739;Intersportt RO #0739 - Location 1;RO
S0001085;C000739;Intersportt RO #0739 - Location 2;RO
S0001086;C000740;Decathlonn RO #0740 - Location 1;RO
S0001087;C000741;SportDirekt RO #0741 - Location 1;RO
S0001088;C000742;Decatlon RO #0742 - Location 1;RO
S0001089;C000743;PrimeFuel SK Online #0743 - Location 1;SK
S0001090;C000744;GymMart SK Online #0744 - Location 1;SK
S0001091;C000744;GymMart SK Online #0744 - Location 2;SK
S0001092;C000744;GymMart SK Online #0744 - Location 3;SK
S0001093;C000745;PulseMarket SK Online #0745 - Location 1;SK
S0001094;C000746;WellKart SK Online #0746 - Location 1;SK
S0001095;C000747;WellKart SK Online #0747 - Location 1;SK
S0001096;C000747;WellKart SK Online #0747 - Location 2;SK
S0001097;C000748;PharmaPluz SK #0748 - Location 1;SK
S0001098;C000748;PharmaPluz SK #0748 - Location 2;SK
S0001099;C000749;PharmaPluz SK #0749 - Location 1;SK
S0001100;C000750;NutriPharm SK #0750 - Location 1;SK
S0001101;C000751;HealthPoint SK #0751 - Location 1;SK
S0001102;C000752;NutriPharm SK #0752 - Location 1;SK
S0001103;C000753;HealthPoint SK #0753 - Location 1;SK
S0001104;C000754;Edekae SK #0754 - Location 1;SK
S0001105;C000754;Edekae SK #0754 - Location 2;SK
S0001106;C000755;Tesko SK #0755 - Location 1;SK
S0001107;C000755;Tesko SK #0755 - Location 2;SK
S0001108;C000756;Lidll SK #0756 - Location 1;SK
S0001109;C000757;Tesko SK #0757 - Location 1;SK
S0001110;C000758;Lidll SK #0758 - Location 1;SK
S0001111;C000759;Aldii SK #0759 - Location 1;SK
S0001112;C000759;Aldii SK #0759 - Location 2;SK
S0001113;C000760;Lidll SK #0760 - Location 1;SK
S0001114;C000761;Auchon SK #0761 - Location 1;SK
S0001115;C000762;Intermarche SK #0762 - Location 1;SK
S0001116;C000762;Intermarche SK #0762 - Location 2;SK
S0001117;C000762;Intermarche SK #0762 - Location 3;SK
S0001118;C000763;Rewee SK #0763 - Location 1;SK
S0001119;C000764;Rewee SK #0764 - Location 1;SK
S0001120;C000765;Auchon SK #0765 - Location 1;SK
S0001121;C000766;AthletiX SK #0766 - Location 1;SK
S0001122;C000767;SportDirekt SK #0767 - Location 1;SK
S0001123;C000768;AthletiX SK #0768 - Location 1;SK
S0001124;C000768;AthletiX SK #0768 - Location 2;SK
S0001125;C000768;AthletiX SK #0768 - Location 3;SK
S0001126;C000769;Decatlon SK #0769 - Location 1;SK
S0001127;C000769;Decatlon SK #0769 - Location 2;SK
S0001128;C000770;Decatlon SK #0770 - Location 1;SK
S0001129;C000770;Decatlon SK #0770 - Location 2;SK
S0001130;C000771;NutriHub SI Online #0771 - Location 1;SI
S0001131;C000772;FitNest SI Online #0772 - Location 1;SI
S0001132;C000773;VitaBox SI Online #0773 - Location 1;SI
S0001133;C000774;VitaBox SI Online #0774 - Location 1;SI
S0001134;C000775;NutriHub SI Online #0775 - Location 1;SI
S0001135;C000775;NutriHub SI Online #0775 - Location 2;SI
S0001136;C000776;HealthPoint SI #0776 - Location 1;SI
S0001137;C000777;VitaCare SI #0777 - Location 1;SI
S0001138;C000778;HealthPoint SI #0778 - Location 1;SI
S0001139;C000779;CarePharm SI #0779 - Location 1;SI
S0001140;C000780;VitaCare SI #0780 - Location 1;SI
S0001141;C000781;PharmaPluz SI #0781 - Location 1;SI
S0001142;C000782;Edekae SI #0782 - Location 1;SI
S0001143;C000783;Sparr SI #0783 - Location 1;SI
S0001144;C000783;Sparr SI #0783 - Location 2;SI
S0001145;C000784;Edekae SI #0784 - Location 1;SI
S0001146;C000785;Aldii SI #0785 - Location 1;SI
S0001147;C000786;Rewee SI #0786 - Location 1;SI
S0001148;C000787;Intermarche SI #0787 - Location 1;SI
S0001149;C000787;Intermarche SI #0787 - Location 2;SI
S0001150;C000788;Edekae SI #0788 - Location 1;SI
S0001151;C000788;Edekae SI #0788 - Location 2;SI
S0001152;C000788;Edekae SI #0788 - Location 3;SI
S0001153;C000789;Rewee SI #0789 - Location 1;SI
S0001154;C000789;Rewee SI #0789 - Location 2;SI
S0001155;C000789;Rewee SI #0789 - Location 3;SI
S0001156;C000790;Rewee SI #0790 - Location 1;SI
S0001157;C000790;Rewee SI #0790 - Location 2;SI
S0001158;C000791;Rewee SI #0791 - Location 1;SI
S0001159;C000792;Rewee SI #0792 - Location 1;SI
S0001160;C000793;Aldii SI #0793 - Location 1;SI
S0001161;C000794;ProSport SI #0794 - Location 1;SI
S0001162;C000795;Decathlonn SI #0795 - Location 1;SI
S0001163;C000796;FitZone SI #0796 - Location 1;SI
S0001164;C000797;Intersportt SI #0797 - Location 1;SI
S0001165;C000797;Intersportt SI #0797 - Location 2;SI
S0001166;C000797;Intersportt SI #0797 - Location 3;SI
S0001167;C000798;Intersportt SI #0798 - Location 1;SI
S0001168;C000798;Intersportt SI #0798 - Location 2;SI
S0001169;C000799;WellKart ES Online #0799 - Location 1;ES
S0001170;C000800;GymMart ES Online #0800 - Location 1;ES
S0001171;C000801;WellKart ES Online #0801 - Location 1;ES
S0001172;C000801;WellKart ES Online #0801 - Location 2;ES
S0001173;C000802;GymMart ES Online #0802 - Location 1;ES
S0001174;C000802;GymMart ES Online #0802 - Location 2;ES
S0001175;C000802;GymMart ES Online #0802 - Location 3;ES
S0001176;C000803;FitNest ES Online #0803 - Location 1;ES
S0001177;C000803;FitNest ES Online #0803 - Location 2;ES
S0001178;C000804;FitNest ES Online #0804 - Location 1;ES
S0001179;C000805;GymMart ES Online #0805 - Location 1;ES
S0001180;C000805;GymMart ES Online #0805 - Location 2;ES
S0001181;C000806;PrimeFuel ES Online #0806 - Location 1;ES
S0001182;C000806;PrimeFuel ES Online #0806 - Location 2;ES
S0001183;C000807;FitNest ES Online #0807 - Location 1;ES
S0001184;C000808;GymMart ES Online #0808 - Location 1;ES
S0001185;C000809;GymMart ES Online #0809 - Location 1;ES
S0001186;C000809;GymMart ES Online #0809 - Location 2;ES
S0001187;C000809;GymMart ES Online #0809 - Location 3;ES
S0001188;C000810;VitaBox ES Online #0810 - Location 1;ES
S0001189;C000811;NutriHub ES Online #0811 - Location 1;ES
S0001190;C000812;PulseMarket ES Online #0812 - Location 1;ES
S0001191;C000813;WellKart ES Online #0813 - Location 1;ES
S0001192;C000814;PulseMarket ES Online #0814 - Location 1;ES
S0001193;C000814;PulseMarket ES Online #0814 - Location 2;ES
S0001194;C000815;VitaBox ES Online #0815 - Location 1;ES
S0001195;C000815;VitaBox ES Online #0815 - Location 2;ES
S0001196;C000815;VitaBox ES Online #0815 - Location 3;ES
S0001197;C000816;FitNest ES Online #0816 - Location 1;ES
S0001198;C000817;PrimeFuel ES Online #0817 - Location 1;ES
S0001199;C000817;PrimeFuel ES Online #0817 - Location 2;ES
S0001200;C000817;PrimeFuel ES Online #0817 - Location 3;ES
S0001201;C000818;VitaBox ES Online #0818 - Location 1;ES
S0001202;C000818;VitaBox ES Online #0818 - Location 2;ES
S0001203;C000819;MediKore ES #0819 - Location 1;ES
S0001204;C000820;NutriPharm ES #0820 - Location 1;ES
S0001205;C000821;VitaCare ES #0821 - Location 1;ES
S0001206;C000822;HealthPoint ES #0822 - Location 1;ES
S0001207;C000822;HealthPoint ES #0822 - Location 2;ES
S0001208;C000823;VitaCare ES #0823 - Location 1;ES
S0001209;C000824;NutriPharm ES #0824 - Location 1;ES
S0001210;C000824;NutriPharm ES #0824 - Location 2;ES
S0001211;C000824;NutriPharm ES #0824 - Location 3;ES
S0001212;C000825;EuroPharmx ES #0825 - Location 1;ES
S0001213;C000825;EuroPharmx ES #0825 - Location 2;ES
S0001214;C000826;EuroPharmx ES #0826 - Location 1;ES
S0001215;C000826;EuroPharmx ES #0826 - Location 2;ES
S0001216;C000827;PharmaPluz ES #0827 - Location 1;ES
S0001217;C000827;PharmaPluz ES #0827 - Location 2;ES
S0001218;C000827;PharmaPluz ES #0827 - Location 3;ES
S0001219;C000828;MediKore ES #0828 - Location 1;ES
S0001220;C000829;HealthPoint ES #0829 - Location 1;ES
S0001221;C000830;VitaCare ES #0830 - Location 1;ES
S0001222;C000830;VitaCare ES #0830 - Location 2;ES
S0001223;C000830;VitaCare ES #0830 - Location 3;ES
S0001224;C000831;PharmaPluz ES #0831 - Location 1;ES
S0001225;C000832;MediKore ES #0832 - Location 1;ES
S0001226;C000832;MediKore ES #0832 - Location 2;ES
S0001227;C000833;Aldii ES #0833 - Location 1;ES
S0001228;C000834;Edekae ES #0834 - Location 1;ES
S0001229;C000835;Carrefouk ES #0835 - Location 1;ES
S0001230;C000836;Lidll ES #0836 - Location 1;ES
S0001231;C000836;Lidll ES #0836 - Location 2;ES
S0001232;C000837;Rewee ES #0837 - Location 1;ES
S0001233;C000838;Tesko ES #0838 - Location 1;ES
S0001234;C000839;Rewee ES #0839 - Location 1;ES
S0001235;C000840;Edekae ES #0840 - Location 1;ES
S0001236;C000840;Edekae ES #0840 - Location 2;ES
S0001237;C000841;Tesko ES #0841 - Location 1;ES
S0001238;C000841;Tesko ES #0841 - Location 2;ES
S0001239;C000842;AthletiX ES #0842 - Location 1;ES
S0001240;C000843;Intersportt ES #0843 - Location 1;ES
S0001241;C000844;ProSport ES #0844 - Location 1;ES
S0001242;C000845;SportDirekt ES #0845 - Location 1;ES
S0001243;C000846;Decatlon ES #0846 - Location 1;ES
S0001244;C000847;Intersportt ES #0847 - Location 1;ES
S0001245;C000848;FitZone ES #0848 - Location 1;ES
S0001246;C000849;NutriHub SE Online #0849 - Location 1;SE
S0001247;C000850;PrimeFuel SE Online #0850 - Location 1;SE
S0001248;C000850;PrimeFuel SE Online #0850 - Location 2;SE
S0001249;C000851;PrimeFuel SE Online #0851 - Location 1;SE
S0001250;C000852;WellKart SE Online #0852 - Location 1;SE
S0001251;C000853;PulseMarket SE Online #0853 - Location 1;SE
S0001252;C000853;PulseMarket SE Online #0853 - Location 2;SE
S0001253;C000854;CarePharm SE #0854 - Location 1;SE
S0001254;C000854;CarePharm SE #0854 - Location 2;SE
S0001255;C000855;PharmaPluz SE #0855 - Location 1;SE
S0001256;C000855;PharmaPluz SE #0855 - Location 2;SE
S0001257;C000856;HealthPoint SE #0856 - Location 1;SE
S0001258;C000856;HealthPoint SE #0856 - Location 2;SE
S0001259;C000856;HealthPoint SE #0856 - Location 3;SE
S0001260;C000857;NutriPharm SE #0857 - Location 1;SE
S0001261;C000857;NutriPharm SE #0857 - Location 2;SE
S0001262;C000858;VitaCare SE #0858 - Location 1;SE
S0001263;C000859;Sparr SE #0859 - Location 1;SE
S0001264;C000859;Sparr SE #0859 - Location 2;SE
S0001265;C000860;Sparr SE #0860 - Location 1;SE
S0001266;C000861;Carrefouk SE #0861 - Location 1;SE
S0001267;C000862;Sparr SE #0862 - Location 1;SE
S0001268;C000863;Lidll SE #0863 - Location 1;SE
S0001269;C000864;Rewee SE #0864 - Location 1;SE
S0001270;C000864;Rewee SE #0864 - Location 2;SE
S0001271;C000864;Rewee SE #0864 - Location 3;SE
S0001272;C000865;Edekae SE #0865 - Location 1;SE
S0001273;C000865;Edekae SE #0865 - Location 2;SE
S0001274;C000865;Edekae SE #0865 - Location 3;SE
S0001275;C000866;Sparr SE #0866 - Location 1;SE
S0001276;C000867;Edekae SE #0867 - Location 1;SE
S0001277;C000868;Edekae SE #0868 - Location 1;SE
S0001278;C000869;Edekae SE #0869 - Location 1;SE
S0001279;C000870;Aldii SE #0870 - Location 1;SE
S0001280;C000871;Lidll SE #0871 - Location 1;SE
S0001281;C000872;Sparr SE #0872 - Location 1;SE
S0001282;C000873;Tesko SE #0873 - Location 1;SE
S0001283;C000873;Tesko SE #0873 - Location 2;SE
S0001284;C000874;Auchon SE #0874 - Location 1;SE
S0001285;C000875;Auchon SE #0875 - Location 1;SE
S0001286;C000875;Auchon SE #0875 - Location 2;SE
S0001287;C000876;Carrefouk SE #0876 - Location 1;SE
S0001288;C000877;Decathlonn SE #0877 - Location 1;SE
S0001289;C000877;Decathlonn SE #0877 - Location 2;SE
S0001290;C000878;SportDirekt SE #0878 - Location 1;SE
S0001291;C000879;FitZone SE #0879 - Location 1;SE
S0001292;C000880;AthletiX SE #0880 - Location 1;SE
S0001293;C000880;AthletiX SE #0880 - Location 2;SE
S0001294;C000880;AthletiX SE #0880 - Location 3;SE
S0001295;C000881;Decathlonn SE #0881 - Location 1;SE
S0001296;C000882;Decatlon SE #0882 - Location 1;SE
S0001297;C000882;Decatlon SE #0882 - Location 2;SE
S0001298;C000883;Decatlon SE #0883 - Location 1;SE
S0001299;C000883;Decatlon SE #0883 - Location 2;SE
S0001300;C000884;PrimeFuel AT Online #0884 - Location 1;AT
S0001301;C000884;PrimeFuel AT Online #0884 - Location 2;AT
S0001302;C000884;PrimeFuel AT Online #0884 - Location 3;AT
S0001303;C000885;WellKart AT Online #0885 - Location 1;AT
S0001304;C000886;NutriHub AT Online #0886 - Location 1;AT
S0001305;C000887;PrimeFuel AT Online #0887 - Location 1;AT
S0001306;C000888;GymMart AT Online #0888 - Location 1;AT
S0001307;C000888;GymMart AT Online #0888 - Location 2;AT
S0001308;C000889;ZenBasket AT Online #0889 - Location 1;AT
S0001309;C000890;VitaBox AT Online #0890 - Location 1;AT
S0001310;C000891;NutriPharm AT #0891 - Location 1;AT
S0001311;C000892;HealthPoint AT #0892 - Location 1;AT
S0001312;C000892;HealthPoint AT #0892 - Location 2;AT
S0001313;C000893;CarePharm AT #0893 - Location 1;AT
S0001314;C000893;CarePharm AT #0893 - Location 2;AT
S0001315;C000894;MediKore AT #0894 - Location 1;AT
S0001316;C000894;MediKore AT #0894 - Location 2;AT
S0001317;C000895;VitaCare AT #0895 - Location 1;AT
S0001318;C000896;CarePharm AT #0896 - Location 1;AT
S0001319;C000897;Aldii AT #0897 - Location 1;AT
S0001320;C000898;Lidll AT #0898 - Location 1;AT
S0001321;C000899;Sparr AT #0899 - Location 1;AT
S0001322;C000899;Sparr AT #0899 - Location 2;AT
S0001323;C000900;Edekae AT #0900 - Location 1;AT
S0001324;C000901;Aldii AT #0901 - Location 1;AT
S0001325;C000902;Rewee AT #0902 - Location 1;AT
S0001326;C000902;Rewee AT #0902 - Location 2;AT
S0001327;C000903;Intermarche AT #0903 - Location 1;AT
S0001328;C000904;Edekae AT #0904 - Location 1;AT
S0001329;C000905;Sparr AT #0905 - Location 1;AT
S0001330;C000905;Sparr AT #0905 - Location 2;AT
S0001331;C000906;Lidll AT #0906 - Location 1;AT
S0001332;C000907;Rewee AT #0907 - Location 1;AT
S0001333;C000908;Edekae AT #0908 - Location 1;AT
S0001334;C000908;Edekae AT #0908 - Location 2;AT
S0001335;C000909;Aldii AT #0909 - Location 1;AT
S0001336;C000910;Rewee AT #0910 - Location 1;AT
S0001337;C000911;Lidll AT #0911 - Location 1;AT
S0001338;C000912;Auchon AT #0912 - Location 1;AT
S0001339;C000912;Auchon AT #0912 - Location 2;AT
S0001340;C000913;Intermarche AT #0913 - Location 1;AT
S0001341;C000914;Lidll AT #0914 - Location 1;AT
S0001342;C000915;Carrefouk AT #0915 - Location 1;AT
S0001343;C000916;Edekae AT #0916 - Location 1;AT
S0001344;C000917;Carrefouk AT #0917 - Location 1;AT
S0001345;C000917;Carrefouk AT #0917 - Location 2;AT
S0001346;C000918;SportDirekt AT #0918 - Location 1;AT
S0001347;C000919;AthletiX AT #0919 - Location 1;AT
S0001348;C000920;Intersportt AT #0920 - Location 1;AT
S0001349;C000921;ProSport AT #0921 - Location 1;AT
S0001350;C000922;SportDirekt AT #0922 - Location 1;AT
S0001351;C000923;Decatlon AT #0923 - Location 1;AT
S0001352;C000923;Decatlon AT #0923 - Location 2;AT
S0001353;C000924;Decathlonn AT #0924 - Location 1;AT
S0001354;C000925;SportDirekt AT #0925 - Location 1;AT
S0001355;C000925;SportDirekt AT #0925 - Location 2;AT
S0001356;C000926;Intersportt AT #0926 - Location 1;AT
S0001357;C000927;NutriHub BE Online #0927 - Location 1;BE
S0001358;C000928;GymMart BE Online #0928 - Location 1;BE
S0001359;C000928;GymMart BE Online #0928 - Location 2;BE
S0001360;C000929;GymMart BE Online #0929 - Location 1;BE
S0001361;C000930;PrimeFuel BE Online #0930 - Location 1;BE
S0001362;C000931;GymMart BE Online #0931 - Location 1;BE
S0001363;C000932;VitaBox BE Online #0932 - Location 1;BE
S0001364;C000933;PulseMarket BE Online #0933 - Location 1;BE
S0001365;C000934;VitaCare BE #0934 - Location 1;BE
S0001366;C000934;VitaCare BE #0934 - Location 2;BE
S0001367;C000934;VitaCare BE #0934 - Location 3;BE
S0001368;C000935;EuroPharmx BE #0935 - Location 1;BE
S0001369;C000935;EuroPharmx BE #0935 - Location 2;BE
S0001370;C000935;EuroPharmx BE #0935 - Location 3;BE
S0001371;C000936;HealthPoint BE #0936 - Location 1;BE
S0001372;C000937;NutriPharm BE #0937 - Location 1;BE
S0001373;C000937;NutriPharm BE #0937 - Location 2;BE
S0001374;C000937;NutriPharm BE #0937 - Location 3;BE
S0001375;C000938;CarePharm BE #0938 - Location 1;BE
S0001376;C000938;CarePharm BE #0938 - Location 2;BE
S0001377;C000939;NutriPharm BE #0939 - Location 1;BE
S0001378;C000940;Sparr BE #0940 - Location 1;BE
S0001379;C000941;Edekae BE #0941 - Location 1;BE
S0001380;C000942;Auchon BE #0942 - Location 1;BE
S0001381;C000943;Rewee BE #0943 - Location 1;BE
S0001382;C000944;Carrefouk BE #0944 - Location 1;BE
S0001383;C000944;Carrefouk BE #0944 - Location 2;BE
S0001384;C000944;Carrefouk BE #0944 - Location 3;BE
S0001385;C000945;Tesko BE #0945 - Location 1;BE
S0001386;C000945;Tesko BE #0945 - Location 2;BE
S0001387;C000946;Tesko BE #0946 - Location 1;BE
S0001388;C000947;Auchon BE #0947 - Location 1;BE
S0001389;C000948;Sparr BE #0948 - Location 1;BE
S0001390;C000949;Auchon BE #0949 - Location 1;BE
S0001391;C000950;Intermarche BE #0950 - Location 1;BE
S0001392;C000951;Tesko BE #0951 - Location 1;BE
S0001393;C000952;Carrefouk BE #0952 - Location 1;BE
S0001394;C000953;Intermarche BE #0953 - Location 1;BE
S0001395;C000954;Auchon BE #0954 - Location 1;BE
S0001396;C000955;Aldii BE #0955 - Location 1;BE
S0001397;C000955;Aldii BE #0955 - Location 2;BE
S0001398;C000956;Edekae BE #0956 - Location 1;BE
S0001399;C000956;Edekae BE #0956 - Location 2;BE
S0001400;C000957;Intermarche BE #0957 - Location 1;BE
S0001401;C000958;Carrefouk BE #0958 - Location 1;BE
S0001402;C000958;Carrefouk BE #0958 - Location 2;BE
S0001403;C000959;Lidll BE #0959 - Location 1;BE
S0001404;C000959;Lidll BE #0959 - Location 2;BE
S0001405;C000960;Carrefouk BE #0960 - Location 1;BE
S0001406;C000960;Carrefouk BE #0960 - Location 2;BE
S0001407;C000961;ProSport BE #0961 - Location 1;BE
S0001408;C000962;ProSport BE #0962 - Location 1;BE
S0001409;C000963;Decatlon BE #0963 - Location 1;BE
S0001410;C000964;Decatlon BE #0964 - Location 1;BE
S0001411;C000965;FitZone BE #0965 - Location 1;BE
S0001412;C000966;FitZone BE #0966 - Location 1;BE
S0001413;C000966;FitZone BE #0966 - Location 2;BE
S0001414;C000967;Intersportt BE #0967 - Location 1;BE
S0001415;C000967;Intersportt BE #0967 - Location 2;BE
S0001416;C000968;AthletiX BE #0968 - Location 1;BE
S0001417;C000968;AthletiX BE #0968 - Location 2;BE
S0001418;C000968;AthletiX BE #0968 - Location 3;BE
S0001419;C000969;SportDirekt BE #0969 - Location 1;BE
S0001420;C000969;SportDirekt BE #0969 - Location 2;BE
S0001421;C000970;GymMart BG Online #0970 - Location 1;BG
S0001422;C000970;GymMart BG Online #0970 - Location 2;BG
S0001423;C000971;GymMart BG Online #0971 - Location 1;BG
S0001424;C000971;GymMart BG Online #0971 - Location 2;BG
S0001425;C000971;GymMart BG Online #0971 - Location 3;BG
S0001426;C000972;PulseMarket BG Online #0972 - Location 1;BG
S0001427;C000973;WellKart BG Online #0973 - Location 1;BG
S0001428;C000974;WellKart BG Online #0974 - Location 1;BG
S0001429;C000975;WellKart BG Online #0975 - Location 1;BG
S0001430;C000976;FitNest BG Online #0976 - Location 1;BG
S0001431;C000977;ZenBasket BG Online #0977 - Location 1;BG
S0001432;C000978;VitaCare BG #0978 - Location 1;BG
S0001433;C000979;MediKore BG #0979 - Location 1;BG
S0001434;C000980;EuroPharmx BG #0980 - Location 1;BG
S0001435;C000981;PharmaPluz BG #0981 - Location 1;BG
S0001436;C000982;EuroPharmx BG #0982 - Location 1;BG
S0001437;C000983;EuroPharmx BG #0983 - Location 1;BG
S0001438;C000984;Intermarche BG #0984 - Location 1;BG
S0001439;C000985;Intermarche BG #0985 - Location 1;BG
S0001440;C000986;Carrefouk BG #0986 - Location 1;BG
S0001441;C000987;Lidll BG #0987 - Location 1;BG
S0001442;C000987;Lidll BG #0987 - Location 2;BG
S0001443;C000988;Sparr BG #0988 - Location 1;BG
S0001444;C000989;Aldii BG #0989 - Location 1;BG
S0001445;C000990;Aldii BG #0990 - Location 1;BG
S0001446;C000990;Aldii BG #0990 - Location 2;BG
S0001447;C000991;Intermarche BG #0991 - Location 1;BG
S0001448;C000992;Edekae BG #0992 - Location 1;BG
S0001449;C000992;Edekae BG #0992 - Location 2;BG
S0001450;C000992;Edekae BG #0992 - Location 3;BG
S0001451;C000993;Auchon BG #0993 - Location 1;BG
S0001452;C000993;Auchon BG #0993 - Location 2;BG
S0001453;C000994;Sparr BG #0994 - Location 1;BG
S0001454;C000995;Intermarche BG #0995 - Location 1;BG
S0001455;C000995;Intermarche BG #0995 - Location 2;BG
S0001456;C000995;Intermarche BG #0995 - Location 3;BG
S0001457;C000996;Rewee BG #0996 - Location 1;BG
S0001458;C000997;Lidll BG #0997 - Location 1;BG
S0001459;C000997;Lidll BG #0997 - Location 2;BG
S0001460;C000997;Lidll BG #0997 - Location 3;BG
S0001461;C000998;Lidll BG #0998 - Location 1;BG
S0001462;C000999;SportDirekt BG #0999 - Location 1;BG
S0001463;C000999;SportDirekt BG #0999 - Location 2;BG
S0001464;C000999;SportDirekt BG #0999 - Location 3;BG
S0001465;C001000;Decathlonn BG #1000 - Location 1;BG
S0001466;C001001;AthletiX BG #1001 - Location 1;BG
S0001467;C001002;Decatlon BG #1002 - Location 1;BG
S0001468;C001003;Intersportt BG #1003 - Location 1;BG
S0001469;C001004;AthletiX BG #1004 - Location 1;BG
S0001470;C001004;AthletiX BG #1004 - Location 2;BG
S0001471;C001005;NutriHub HR Online #1005 - Location 1;HR
S0001472;C001006;GymMart HR Online #1006 - Location 1;HR
S0001473;C001007;PulseMarket HR Online #1007 - Location 1;HR
S0001474;C001008;ZenBasket HR Online #1008 - Location 1;HR
S0001475;C001009;FitNest HR Online #1009 - Location 1;HR
S0001476;C001009;FitNest HR Online #1009 - Location 2;HR
S0001477;C001010;VitaBox HR Online #1010 - Location 1;HR
S0001478;C001010;VitaBox HR Online #1010 - Location 2;HR
S0001479;C001010;VitaBox HR Online #1010 - Location 3;HR
S0001480;C001011;ZenBasket HR Online #1011 - Location 1;HR
S0001481;C001012;VitaBox HR Online #1012 - Location 1;HR
S0001482;C001013;NutriPharm HR #1013 - Location 1;HR
S0001483;C001014;HealthPoint HR #1014 - Location 1;HR
S0001484;C001015;HealthPoint HR #1015 - Location 1;HR
S0001485;C001016;EuroPharmx HR #1016 - Location 1;HR
S0001486;C001017;EuroPharmx HR #1017 - Location 1;HR
S0001487;C001017;EuroPharmx HR #1017 - Location 2;HR
S0001488;C001017;EuroPharmx HR #1017 - Location 3;HR
S0001489;C001018;CarePharm HR #1018 - Location 1;HR
S0001490;C001019;Aldii HR #1019 - Location 1;HR
S0001491;C001019;Aldii HR #1019 - Location 2;HR
S0001492;C001020;Auchon HR #1020 - Location 1;HR
S0001493;C001021;Aldii HR #1021 - Location 1;HR
S0001494;C001022;Sparr HR #1022 - Location 1;HR
S0001495;C001023;Auchon HR #1023 - Location 1;HR
S0001496;C001024;Aldii HR #1024 - Location 1;HR
S0001497;C001025;Edekae HR #1025 - Location 1;HR
S0001498;C001025;Edekae HR #1025 - Location 2;HR
S0001499;C001026;Aldii HR #1026 - Location 1;HR
S0001500;C001027;Auchon HR #1027 - Location 1;HR
S0001501;C001027;Auchon HR #1027 - Location 2;HR
S0001502;C001028;Auchon HR #1028 - Location 1;HR
S0001503;C001028;Auchon HR #1028 - Location 2;HR
S0001504;C001028;Auchon HR #1028 - Location 3;HR
S0001505;C001029;Sparr HR #1029 - Location 1;HR
S0001506;C001030;Aldii HR #1030 - Location 1;HR
S0001507;C001031;Aldii HR #1031 - Location 1;HR
S0001508;C001032;Tesko HR #1032 - Location 1;HR
S0001509;C001033;Lidll HR #1033 - Location 1;HR
S0001510;C001034;SportDirekt HR #1034 - Location 1;HR
S0001511;C001035;ProSport HR #1035 - Location 1;HR
S0001512;C001036;FitZone HR #1036 - Location 1;HR
S0001513;C001037;Decatlon HR #1037 - Location 1;HR
S0001514;C001038;Intersportt HR #1038 - Location 1;HR
S0001515;C001039;Decathlonn HR #1039 - Location 1;HR
S0001516;C001039;Decathlonn HR #1039 - Location 2;HR
S0001517;C001040;NutriHub CY Online #1040 - Location 1;CY
S0001518;C001040;NutriHub CY Online #1040 - Location 2;CY
S0001519;C001040;NutriHub CY Online #1040 - Location 3;CY
S0001520;C001041;GymMart CY Online #1041 - Location 1;CY
S0001521;C001042;VitaBox CY Online #1042 - Location 1;CY
S0001522;C001043;ZenBasket CY Online #1043 - Location 1;CY
S0001523;C001044;ZenBasket CY Online #1044 - Location 1;CY
S0001524;C001044;ZenBasket CY Online #1044 - Location 2;CY
S0001525;C001044;ZenBasket CY Online #1044 - Location 3;CY
S0001526;C001045;ZenBasket CY Online #1045 - Location 1;CY
S0001527;C001046;WellKart CY Online #1046 - Location 1;CY
S0001528;C001047;VitaBox CY Online #1047 - Location 1;CY
S0001529;C001048;GymMart CY Online #1048 - Location 1;CY
S0001530;C001048;GymMart CY Online #1048 - Location 2;CY
S0001531;C001048;GymMart CY Online #1048 - Location 3;CY
S0001532;C001049;NutriHub CY Online #1049 - Location 1;CY
S0001533;C001050;VitaBox CY Online #1050 - Location 1;CY
S0001534;C001051;ZenBasket CY Online #1051 - Location 1;CY
S0001535;C001051;ZenBasket CY Online #1051 - Location 2;CY
S0001536;C001051;ZenBasket CY Online #1051 - Location 3;CY
S0001537;C001052;PulseMarket CY Online #1052 - Location 1;CY
S0001538;C001053;FitNest CY Online #1053 - Location 1;CY
S0001539;C001054;PulseMarket CY Online #1054 - Location 1;CY
S0001540;C001054;PulseMarket CY Online #1054 - Location 2;CY
S0001541;C001055;ZenBasket CY Online #1055 - Location 1;CY
S0001542;C001055;ZenBasket CY Online #1055 - Location 2;CY
S0001543;C001056;PrimeFuel CY Online #1056 - Location 1;CY
S0001544;C001056;PrimeFuel CY Online #1056 - Location 2;CY
S0001545;C001057;PharmaPluz CY #1057 - Location 1;CY
S0001546;C001057;PharmaPluz CY #1057 - Location 2;CY
S0001547;C001058;VitaCare CY #1058 - Location 1;CY
S0001548;C001058;VitaCare CY #1058 - Location 2;CY
S0001549;C001058;VitaCare CY #1058 - Location 3;CY
S0001550;C001059;CarePharm CY #1059 - Location 1;CY
S0001551;C001059;CarePharm CY #1059 - Location 2;CY
S0001552;C001060;CarePharm CY #1060 - Location 1;CY
S0001553;C001060;CarePharm CY #1060 - Location 2;CY
S0001554;C001061;VitaCare CY #1061 - Location 1;CY
S0001555;C001062;PharmaPluz CY #1062 - Location 1;CY
S0001556;C001062;PharmaPluz CY #1062 - Location 2;CY
S0001557;C001063;NutriPharm CY #1063 - Location 1;CY
S0001558;C001064;PharmaPluz CY #1064 - Location 1;CY
S0001559;C001064;PharmaPluz CY #1064 - Location 2;CY
S0001560;C001065;Intermarche CY #1065 - Location 1;CY
S0001561;C001065;Intermarche CY #1065 - Location 2;CY
S0001562;C001066;Aldii CY #1066 - Location 1;CY
S0001563;C001067;Sparr CY #1067 - Location 1;CY
S0001564;C001068;Carrefouk CY #1068 - Location 1;CY
S0001565;C001069;Intermarche CY #1069 - Location 1;CY
S0001566;C001070;FitZone CY #1070 - Location 1;CY
S0001567;C001071;Decatlon CY #1071 - Location 1;CY
S0001568;C001072;ProSport CY #1072 - Location 1;CY
S0001569;C001072;ProSport CY #1072 - Location 2;CY
S0001570;C001073;AthletiX CY #1073 - Location 1;CY
S0001571;C001074;SportDirekt CY #1074 - Location 1;CY
S0001572;C001075;WellKart CZ Online #1075 - Location 1;CZ
S0001573;C001075;WellKart CZ Online #1075 - Location 2;CZ
S0001574;C001076;WellKart CZ Online #1076 - Location 1;CZ
S0001575;C001077;FitNest CZ Online #1077 - Location 1;CZ
S0001576;C001077;FitNest CZ Online #1077 - Location 2;CZ
S0001577;C001077;FitNest CZ Online #1077 - Location 3;CZ
S0001578;C001078;FitNest CZ Online #1078 - Location 1;CZ
S0001579;C001078;FitNest CZ Online #1078 - Location 2;CZ
S0001580;C001079;NutriHub CZ Online #1079 - Location 1;CZ
S0001581;C001079;NutriHub CZ Online #1079 - Location 2;CZ
S0001582;C001080;NutriHub CZ Online #1080 - Location 1;CZ
S0001583;C001080;NutriHub CZ Online #1080 - Location 2;CZ
S0001584;C001081;PrimeFuel CZ Online #1081 - Location 1;CZ
S0001585;C001081;PrimeFuel CZ Online #1081 - Location 2;CZ
S0001586;C001081;PrimeFuel CZ Online #1081 - Location 3;CZ
S0001587;C001082;VitaBox CZ Online #1082 - Location 1;CZ
S0001588;C001082;VitaBox CZ Online #1082 - Location 2;CZ
S0001589;C001083;CarePharm CZ #1083 - Location 1;CZ
S0001590;C001084;PharmaPluz CZ #1084 - Location 1;CZ
S0001591;C001085;PharmaPluz CZ #1085 - Location 1;CZ
S0001592;C001086;PharmaPluz CZ #1086 - Location 1;CZ
S0001593;C001086;PharmaPluz CZ #1086 - Location 2;CZ
S0001594;C001087;HealthPoint CZ #1087 - Location 1;CZ
S0001595;C001087;HealthPoint CZ #1087 - Location 2;CZ
S0001596;C001088;EuroPharmx CZ #1088 - Location 1;CZ
S0001597;C001088;EuroPharmx CZ #1088 - Location 2;CZ
S0001598;C001089;Edekae CZ #1089 - Location 1;CZ
S0001599;C001090;Auchon CZ #1090 - Location 1;CZ
S0001600;C001090;Auchon CZ #1090 - Location 2;CZ
S0001601;C001091;Tesko CZ #1091 - Location 1;CZ
S0001602;C001092;Sparr CZ #1092 - Location 1;CZ
S0001603;C001092;Sparr CZ #1092 - Location 2;CZ
S0001604;C001093;Sparr CZ #1093 - Location 1;CZ
S0001605;C001094;Carrefouk CZ #1094 - Location 1;CZ
S0001606;C001095;Aldii CZ #1095 - Location 1;CZ
S0001607;C001096;Intermarche CZ #1096 - Location 1;CZ
S0001608;C001096;Intermarche CZ #1096 - Location 2;CZ
S0001609;C001097;Intermarche CZ #1097 - Location 1;CZ
S0001610;C001098;Auchon CZ #1098 - Location 1;CZ
S0001611;C001098;Auchon CZ #1098 - Location 2;CZ
S0001612;C001099;Edekae CZ #1099 - Location 1;CZ
S0001613;C001100;Auchon CZ #1100 - Location 1;CZ
S0001614;C001101;Tesko CZ #1101 - Location 1;CZ
S0001615;C001102;Intermarche CZ #1102 - Location 1;CZ
S0001616;C001103;Tesko CZ #1103 - Location 1;CZ
S0001617;C001104;SportDirekt CZ #1104 - Location 1;CZ
S0001618;C001105;AthletiX CZ #1105 - Location 1;CZ
S0001619;C001106;Decathlonn CZ #1106 - Location 1;CZ
S0001620;C001107;AthletiX CZ #1107 - Location 1;CZ
S0001621;C001108;ProSport CZ #1108 - Location 1;CZ
S0001622;C001109;AthletiX CZ #1109 - Location 1;CZ
S0001623;C001110;PulseMarket DK Online #1110 - Location 1;DK
S0001624;C001111;NutriHub DK Online #1111 - Location 1;DK
S0001625;C001111;NutriHub DK Online #1111 - Location 2;DK
S0001626;C001112;PulseMarket DK Online #1112 - Location 1;DK
S0001627;C001113;PrimeFuel DK Online #1113 - Location 1;DK
S0001628;C001114;ZenBasket DK Online #1114 - Location 1;DK
S0001629;C001114;ZenBasket DK Online #1114 - Location 2;DK
S0001630;C001115;FitNest DK Online #1115 - Location 1;DK
S0001631;C001116;CarePharm DK #1116 - Location 1;DK
S0001632;C001117;MediKore DK #1117 - Location 1;DK
S0001633;C001118;HealthPoint DK #1118 - Location 1;DK
S0001634;C001119;EuroPharmx DK #1119 - Location 1;DK
S0001635;C001120;PharmaPluz DK #1120 - Location 1;DK
S0001636;C001121;Intermarche DK #1121 - Location 1;DK
S0001637;C001121;Intermarche DK #1121 - Location 2;DK
S0001638;C001122;Tesko DK #1122 - Location 1;DK
S0001639;C001122;Tesko DK #1122 - Location 2;DK
S0001640;C001123;Intermarche DK #1123 - Location 1;DK
S0001641;C001124;Edekae DK #1124 - Location 1;DK
S0001642;C001125;Edekae DK #1125 - Location 1;DK
S0001643;C001126;Aldii DK #1126 - Location 1;DK
S0001644;C001127;Tesko DK #1127 - Location 1;DK
S0001645;C001128;Sparr DK #1128 - Location 1;DK
S0001646;C001129;Aldii DK #1129 - Location 1;DK
S0001647;C001129;Aldii DK #1129 - Location 2;DK
S0001648;C001130;Rewee DK #1130 - Location 1;DK
S0001649;C001131;Aldii DK #1131 - Location 1;DK
S0001650;C001131;Aldii DK #1131 - Location 2;DK
S0001651;C001131;Aldii DK #1131 - Location 3;DK
S0001652;C001132;Sparr DK #1132 - Location 1;DK
S0001653;C001132;Sparr DK #1132 - Location 2;DK
S0001654;C001133;Carrefouk DK #1133 - Location 1;DK
S0001655;C001133;Carrefouk DK #1133 - Location 2;DK
S0001656;C001134;Intermarche DK #1134 - Location 1;DK
S0001657;C001134;Intermarche DK #1134 - Location 2;DK
S0001658;C001135;Sparr DK #1135 - Location 1;DK
S0001659;C001136;Tesko DK #1136 - Location 1;DK
S0001660;C001136;Tesko DK #1136 - Location 2;DK
S0001661;C001136;Tesko DK #1136 - Location 3;DK
S0001662;C001137;Edekae DK #1137 - Location 1;DK
S0001663;C001137;Edekae DK #1137 - Location 2;DK
S0001664;C001138;AthletiX DK #1138 - Location 1;DK
S0001665;C001139;FitZone DK #1139 - Location 1;DK
S0001666;C001140;ProSport DK #1140 - Location 1;DK
S0001667;C001140;ProSport DK #1140 - Location 2;DK
S0001668;C001141;FitZone DK #1141 - Location 1;DK
S0001669;C001142;ProSport DK #1142 - Location 1;DK
S0001670;C001143;Decatlon DK #1143 - Location 1;DK
S0001671;C001144;Decatlon DK #1144 - Location 1;DK
S0001672;C001144;Decatlon DK #1144 - Location 2;DK
S0001673;C001145;GymMart EE Online #1145 - Location 1;EE
S0001674;C001146;VitaBox EE Online #1146 - Location 1;EE
S0001675;C001147;FitNest EE Online #1147 - Location 1;EE
S0001676;C001147;FitNest EE Online #1147 - Location 2;EE
S0001677;C001148;FitNest EE Online #1148 - Location 1;EE
S0001678;C001149;PulseMarket EE Online #1149 - Location 1;EE
S0001679;C001150;GymMart EE Online #1150 - Location 1;EE
S0001680;C001150;GymMart EE Online #1150 - Location 2;EE
S0001681;C001150;GymMart EE Online #1150 - Location 3;EE
S0001682;C001151;HealthPoint EE #1151 - Location 1;EE
S0001683;C001152;CarePharm EE #1152 - Location 1;EE
S0001684;C001153;VitaCare EE #1153 - Location 1;EE
S0001685;C001154;MediKore EE #1154 - Location 1;EE
S0001686;C001155;MediKore EE #1155 - Location 1;EE
S0001687;C001156;Aldii EE #1156 - Location 1;EE
S0001688;C001156;Aldii EE #1156 - Location 2;EE
S0001689;C001157;Tesko EE #1157 - Location 1;EE
S0001690;C001157;Tesko EE #1157 - Location 2;EE
S0001691;C001157;Tesko EE #1157 - Location 3;EE
S0001692;C001158;Aldii EE #1158 - Location 1;EE
S0001693;C001158;Aldii EE #1158 - Location 2;EE
S0001694;C001159;Aldii EE #1159 - Location 1;EE
S0001695;C001160;Tesko EE #1160 - Location 1;EE
S0001696;C001161;Auchon EE #1161 - Location 1;EE
S0001697;C001161;Auchon EE #1161 - Location 2;EE
S0001698;C001161;Auchon EE #1161 - Location 3;EE
S0001699;C001162;Tesko EE #1162 - Location 1;EE
S0001700;C001163;Carrefouk EE #1163 - Location 1;EE
S0001701;C001164;Intermarche EE #1164 - Location 1;EE
S0001702;C001164;Intermarche EE #1164 - Location 2;EE
S0001703;C001164;Intermarche EE #1164 - Location 3;EE
S0001704;C001165;Rewee EE #1165 - Location 1;EE
S0001705;C001166;Edekae EE #1166 - Location 1;EE
S0001706;C001166;Edekae EE #1166 - Location 2;EE
S0001707;C001167;Rewee EE #1167 - Location 1;EE
S0001708;C001168;Sparr EE #1168 - Location 1;EE
S0001709;C001169;Edekae EE #1169 - Location 1;EE
S0001710;C001170;Lidll EE #1170 - Location 1;EE
S0001711;C001171;Tesko EE #1171 - Location 1;EE
S0001712;C001172;Edekae EE #1172 - Location 1;EE
S0001713;C001173;Decathlonn EE #1173 - Location 1;EE
S0001714;C001173;Decathlonn EE #1173 - Location 2;EE
S0001715;C001174;Intersportt EE #1174 - Location 1;EE
S0001716;C001175;Intersportt EE #1175 - Location 1;EE
S0001717;C001175;Intersportt EE #1175 - Location 2;EE
S0001718;C001176;Intersportt EE #1176 - Location 1;EE
S0001719;C001177;Decatlon EE #1177 - Location 1;EE
S0001720;C001177;Decatlon EE #1177 - Location 2;EE
S0001721;C001178;Intersportt EE #1178 - Location 1;EE
S0001722;C001179;Decathlonn EE #1179 - Location 1;EE
S0001723;C001179;Decathlonn EE #1179 - Location 2;EE
S0001724;C001180;PrimeFuel FI Online #1180 - Location 1;FI
S0001725;C001180;PrimeFuel FI Online #1180 - Location 2;FI
S0001726;C001181;PrimeFuel FI Online #1181 - Location 1;FI
S0001727;C001182;VitaBox FI Online #1182 - Location 1;FI
S0001728;C001183;ZenBasket FI Online #1183 - Location 1;FI
S0001729;C001184;ZenBasket FI Online #1184 - Location 1;FI
S0001730;C001184;ZenBasket FI Online #1184 - Location 2;FI
S0001731;C001185;GymMart FI Online #1185 - Location 1;FI
S0001732;C001186;PharmaPluz FI #1186 - Location 1;FI
S0001733;C001187;NutriPharm FI #1187 - Location 1;FI
S0001734;C001188;CarePharm FI #1188 - Location 1;FI
S0001735;C001189;HealthPoint FI #1189 - Location 1;FI
S0001736;C001189;HealthPoint FI #1189 - Location 2;FI
S0001737;C001190;VitaCare FI #1190 - Location 1;FI
S0001738;C001190;VitaCare FI #1190 - Location 2;FI
S0001739;C001191;Sparr FI #1191 - Location 1;FI
S0001740;C001192;Carrefouk FI #1192 - Location 1;FI
S0001741;C001192;Carrefouk FI #1192 - Location 2;FI
S0001742;C001192;Carrefouk FI #1192 - Location 3;FI
S0001743;C001193;Intermarche FI #1193 - Location 1;FI
S0001744;C001194;Auchon FI #1194 - Location 1;FI
S0001745;C001195;Lidll FI #1195 - Location 1;FI
S0001746;C001195;Lidll FI #1195 - Location 2;FI
S0001747;C001195;Lidll FI #1195 - Location 3;FI
S0001748;C001196;Lidll FI #1196 - Location 1;FI
S0001749;C001197;Aldii FI #1197 - Location 1;FI
S0001750;C001198;Edekae FI #1198 - Location 1;FI
S0001751;C001199;Aldii FI #1199 - Location 1;FI
S0001752;C001200;Tesko FI #1200 - Location 1;FI
S0001753;C001201;Intermarche FI #1201 - Location 1;FI
S0001754;C001201;Intermarche FI #1201 - Location 2;FI
S0001755;C001202;Intermarche FI #1202 - Location 1;FI
S0001756;C001202;Intermarche FI #1202 - Location 2;FI
S0001757;C001203;Lidll FI #1203 - Location 1;FI
S0001758;C001203;Lidll FI #1203 - Location 2;FI
S0001759;C001204;Tesko FI #1204 - Location 1;FI
S0001760;C001204;Tesko FI #1204 - Location 2;FI
S0001761;C001204;Tesko FI #1204 - Location 3;FI
S0001762;C001205;Lidll FI #1205 - Location 1;FI
S0001763;C001205;Lidll FI #1205 - Location 2;FI
S0001764;C001206;Intermarche FI #1206 - Location 1;FI
S0001765;C001207;Sparr FI #1207 - Location 1;FI
S0001766;C001208;Decathlonn FI #1208 - Location 1;FI
S0001767;C001208;Decathlonn FI #1208 - Location 2;FI
S0001768;C001208;Decathlonn FI #1208 - Location 3;FI
S0001769;C001209;AthletiX FI #1209 - Location 1;FI
S0001770;C001210;FitZone FI #1210 - Location 1;FI
S0001771;C001211;Intersportt FI #1211 - Location 1;FI
S0001772;C001212;FitZone FI #1212 - Location 1;FI
S0001773;C001212;FitZone FI #1212 - Location 2;FI
S0001774;C001213;FitZone FI #1213 - Location 1;FI
S0001775;C001214;ProSport FI #1214 - Location 1;FI
S0001776;C001215;NutriHub FR Online #1215 - Location 1;FR
S0001777;C001216;ZenBasket FR Online #1216 - Location 1;FR
S0001778;C001217;GymMart FR Online #1217 - Location 1;FR
S0001779;C001218;NutriHub FR Online #1218 - Location 1;FR
S0001780;C001218;NutriHub FR Online #1218 - Location 2;FR
S0001781;C001219;NutriHub FR Online #1219 - Location 1;FR
S0001782;C001219;NutriHub FR Online #1219 - Location 2;FR
S0001783;C001220;NutriHub FR Online #1220 - Location 1;FR
S0001784;C001220;NutriHub FR Online #1220 - Location 2;FR
S0001785;C001221;GymMart FR Online #1221 - Location 1;FR
S0001786;C001222;GymMart FR Online #1222 - Location 1;FR
S0001787;C001223;WellKart FR Online #1223 - Location 1;FR
S0001788;C001224;ZenBasket FR Online #1224 - Location 1;FR
S0001789;C001224;ZenBasket FR Online #1224 - Location 2;FR
S0001790;C001225;WellKart FR Online #1225 - Location 1;FR
S0001791;C001226;NutriHub FR Online #1226 - Location 1;FR
S0001792;C001226;NutriHub FR Online #1226 - Location 2;FR
S0001793;C001226;NutriHub FR Online #1226 - Location 3;FR
S0001794;C001227;ZenBasket FR Online #1227 - Location 1;FR
S0001795;C001228;VitaBox FR Online #1228 - Location 1;FR
S0001796;C001229;GymMart FR Online #1229 - Location 1;FR
S0001797;C001229;GymMart FR Online #1229 - Location 2;FR
S0001798;C001230;VitaBox FR Online #1230 - Location 1;FR
S0001799;C001231;FitNest FR Online #1231 - Location 1;FR
S0001800;C001231;FitNest FR Online #1231 - Location 2;FR
S0001801;C001232;CarePharm FR #1232 - Location 1;FR
S0001802;C001232;CarePharm FR #1232 - Location 2;FR
S0001803;C001232;CarePharm FR #1232 - Location 3;FR
S0001804;C001233;PharmaPluz FR #1233 - Location 1;FR
S0001805;C001233;PharmaPluz FR #1233 - Location 2;FR
S0001806;C001234;HealthPoint FR #1234 - Location 1;FR
S0001807;C001235;CarePharm FR #1235 - Location 1;FR
S0001808;C001235;CarePharm FR #1235 - Location 2;FR
S0001809;C001236;MediKore FR #1236 - Location 1;FR
S0001810;C001237;HealthPoint FR #1237 - Location 1;FR
S0001811;C001238;PharmaPluz FR #1238 - Location 1;FR
S0001812;C001239;PharmaPluz FR #1239 - Location 1;FR
S0001813;C001240;NutriPharm FR #1240 - Location 1;FR
S0001814;C001241;MediKore FR #1241 - Location 1;FR
S0001815;C001242;PharmaPluz FR #1242 - Location 1;FR
S0001816;C001243;Carrefouk FR #1243 - Location 1;FR
S0001817;C001243;Carrefouk FR #1243 - Location 2;FR
S0001818;C001244;Carrefouk FR #1244 - Location 1;FR
S0001819;C001245;Intermarche FR #1245 - Location 1;FR
S0001820;C001245;Intermarche FR #1245 - Location 2;FR
S0001821;C001246;Aldii FR #1246 - Location 1;FR
S0001822;C001246;Aldii FR #1246 - Location 2;FR
S0001823;C001247;Tesko FR #1247 - Location 1;FR
S0001824;C001247;Tesko FR #1247 - Location 2;FR
S0001825;C001247;Tesko FR #1247 - Location 3;FR
S0001826;C001248;Aldii FR #1248 - Location 1;FR
S0001827;C001248;Aldii FR #1248 - Location 2;FR
S0001828;C001249;Rewee FR #1249 - Location 1;FR
S0001829;C001249;Rewee FR #1249 - Location 2;FR
S0001830;C001250;Edekae FR #1250 - Location 1;FR
S0001831;C001250;Edekae FR #1250 - Location 2;FR
S0001832;C001251;Carrefouk FR #1251 - Location 1;FR
S0001833;C001251;Carrefouk FR #1251 - Location 2;FR
S0001834;C001252;Carrefouk FR #1252 - Location 1;FR
S0001835;C001252;Carrefouk FR #1252 - Location 2;FR
S0001836;C001253;Sparr FR #1253 - Location 1;FR
S0001837;C001254;Rewee FR #1254 - Location 1;FR
S0001838;C001255;Tesko FR #1255 - Location 1;FR
S0001839;C001255;Tesko FR #1255 - Location 2;FR
S0001840;C001256;Tesko FR #1256 - Location 1;FR
S0001841;C001257;Sparr FR #1257 - Location 1;FR
S0001842;C001258;Lidll FR #1258 - Location 1;FR
S0001843;C001258;Lidll FR #1258 - Location 2;FR
S0001844;C001259;Lidll FR #1259 - Location 1;FR
S0001845;C001259;Lidll FR #1259 - Location 2;FR
S0001846;C001260;Intermarche FR #1260 - Location 1;FR
S0001847;C001260;Intermarche FR #1260 - Location 2;FR
S0001848;C001261;Rewee FR #1261 - Location 1;FR
S0001849;C001262;Tesko FR #1262 - Location 1;FR
S0001850;C001263;Tesko FR #1263 - Location 1;FR
S0001851;C001263;Tesko FR #1263 - Location 2;FR
S0001852;C001264;Aldii FR #1264 - Location 1;FR
S0001853;C001264;Aldii FR #1264 - Location 2;FR
S0001854;C001265;AthletiX FR #1265 - Location 1;FR
S0001855;C001266;Intersportt FR #1266 - Location 1;FR
S0001856;C001267;SportDirekt FR #1267 - Location 1;FR
S0001857;C001268;Intersportt FR #1268 - Location 1;FR
S0001858;C001269;FitZone FR #1269 - Location 1;FR
S0001859;C001270;FitZone FR #1270 - Location 1;FR
S0001860;C001270;FitZone FR #1270 - Location 2;FR
S0001861;C001271;Decathlonn FR #1271 - Location 1;FR
S0001862;C001272;SportDirekt FR #1272 - Location 1;FR
S0001863;C001272;SportDirekt FR #1272 - Location 2;FR
S0001864;C001273;Intersportt FR #1273 - Location 1;FR
S0001865;C001273;Intersportt FR #1273 - Location 2;FR
S0001866;C001273;Intersportt FR #1273 - Location 3;FR
S0001867;C001274;Decatlon FR #1274 - Location 1;FR
S0001868;C001275;FitZone FR #1275 - Location 1;FR
S0001869;C001275;FitZone FR #1275 - Location 2;FR
S0001870;C001275;FitZone FR #1275 - Location 3;FR
S0001871;C001276;NutriHub DE Online #1276 - Location 1;DE
S0001872;C001277;VitaBox DE Online #1277 - Location 1;DE
S0001873;C001278;NutriHub DE Online #1278 - Location 1;DE
S0001874;C001278;NutriHub DE Online #1278 - Location 2;DE
S0001875;C001278;NutriHub DE Online #1278 - Location 3;DE
S0001876;C001279;WellKart DE Online #1279 - Location 1;DE
S0001877;C001280;NutriHub DE Online #1280 - Location 1;DE
S0001878;C001280;NutriHub DE Online #1280 - Location 2;DE
S0001879;C001281;VitaBox DE Online #1281 - Location 1;DE
S0001880;C001282;PrimeFuel DE Online #1282 - Location 1;DE
S0001881;C001283;WellKart DE Online #1283 - Location 1;DE
S0001882;C001283;WellKart DE Online #1283 - Location 2;DE
S0001883;C001284;ZenBasket DE Online #1284 - Location 1;DE
S0001884;C001285;FitNest DE Online #1285 - Location 1;DE
S0001885;C001286;CarePharm DE #1286 - Location 1;DE
S0001886;C001287;VitaCare DE #1287 - Location 1;DE
S0001887;C001287;VitaCare DE #1287 - Location 2;DE
S0001888;C001288;PharmaPluz DE #1288 - Location 1;DE
S0001889;C001289;VitaCare DE #1289 - Location 1;DE
S0001890;C001289;VitaCare DE #1289 - Location 2;DE
S0001891;C001290;EuroPharmx DE #1290 - Location 1;DE
S0001892;C001291;VitaCare DE #1291 - Location 1;DE
S0001893;C001292;CarePharm DE #1292 - Location 1;DE
S0001894;C001293;VitaCare DE #1293 - Location 1;DE
S0001895;C001294;CarePharm DE #1294 - Location 1;DE
S0001896;C001295;Tesko DE #1295 - Location 1;DE
S0001897;C001296;Carrefouk DE #1296 - Location 1;DE
S0001898;C001297;Aldii DE #1297 - Location 1;DE
S0001899;C001298;Sparr DE #1298 - Location 1;DE
S0001900;C001298;Sparr DE #1298 - Location 2;DE
S0001901;C001299;Auchon DE #1299 - Location 1;DE
S0001902;C001300;Carrefouk DE #1300 - Location 1;DE
S0001903;C001301;Tesko DE #1301 - Location 1;DE
S0001904;C001301;Tesko DE #1301 - Location 2;DE
S0001905;C001301;Tesko DE #1301 - Location 3;DE
S0001906;C001302;Auchon DE #1302 - Location 1;DE
S0001907;C001302;Auchon DE #1302 - Location 2;DE
S0001908;C001303;Carrefouk DE #1303 - Location 1;DE
S0001909;C001303;Carrefouk DE #1303 - Location 2;DE
S0001910;C001304;Sparr DE #1304 - Location 1;DE
S0001911;C001304;Sparr DE #1304 - Location 2;DE
S0001912;C001305;Tesko DE #1305 - Location 1;DE
S0001913;C001306;Auchon DE #1306 - Location 1;DE
S0001914;C001307;Tesko DE #1307 - Location 1;DE
S0001915;C001308;Sparr DE #1308 - Location 1;DE
S0001916;C001309;Edekae DE #1309 - Location 1;DE
S0001917;C001309;Edekae DE #1309 - Location 2;DE
S0001918;C001310;Rewee DE #1310 - Location 1;DE
S0001919;C001311;Rewee DE #1311 - Location 1;DE
S0001920;C001311;Rewee DE #1311 - Location 2;DE
S0001921;C001312;Sparr DE #1312 - Location 1;DE
S0001922;C001312;Sparr DE #1312 - Location 2;DE
S0001923;C001313;Auchon DE #1313 - Location 1;DE
S0001924;C001314;Auchon DE #1314 - Location 1;DE
S0001925;C001315;Intermarche DE #1315 - Location 1;DE
S0001926;C001316;Sparr DE #1316 - Location 1;DE
S0001927;C001317;Sparr DE #1317 - Location 1;DE
S0001928;C001318;Sparr DE #1318 - Location 1;DE
S0001929;C001318;Sparr DE #1318 - Location 2;DE
S0001930;C001319;Edekae DE #1319 - Location 1;DE
S0001931;C001319;Edekae DE #1319 - Location 2;DE
S0001932;C001320;Carrefouk DE #1320 - Location 1;DE
S0001933;C001320;Carrefouk DE #1320 - Location 2;DE
S0001934;C001321;Rewee DE #1321 - Location 1;DE
S0001935;C001321;Rewee DE #1321 - Location 2;DE
S0001936;C001322;Aldii DE #1322 - Location 1;DE
S0001937;C001323;Sparr DE #1323 - Location 1;DE
S0001938;C001323;Sparr DE #1323 - Location 2;DE
S0001939;C001324;Intermarche DE #1324 - Location 1;DE
S0001940;C001324;Intermarche DE #1324 - Location 2;DE
S0001941;C001324;Intermarche DE #1324 - Location 3;DE
S0001942;C001325;Intersportt DE #1325 - Location 1;DE
S0001943;C001325;Intersportt DE #1325 - Location 2;DE
S0001944;C001325;Intersportt DE #1325 - Location 3;DE
S0001945;C001326;AthletiX DE #1326 - Location 1;DE
S0001946;C001327;AthletiX DE #1327 - Location 1;DE
S0001947;C001328;Decatlon DE #1328 - Location 1;DE
S0001948;C001329;SportDirekt DE #1329 - Location 1;DE
S0001949;C001329;SportDirekt DE #1329 - Location 2;DE
S0001950;C001330;Decathlonn DE #1330 - Location 1;DE
S0001951;C001330;Decathlonn DE #1330 - Location 2;DE
S0001952;C001331;AthletiX DE #1331 - Location 1;DE
S0001953;C001332;FitZone DE #1332 - Location 1;DE
S0001954;C001332;FitZone DE #1332 - Location 2;DE
S0001955;C001333;Decatlon DE #1333 - Location 1;DE
S0001956;C001334;FitZone DE #1334 - Location 1;DE
S0001957;C001334;FitZone DE #1334 - Location 2;DE
S0001958;C001335;Decatlon DE #1335 - Location 1;DE
S0001959;C001335;Decatlon DE #1335 - Location 2;DE
S0001960;C001336;AthletiX DE #1336 - Location 1;DE
S0001961;C001337;SportDirekt DE #1337 - Location 1;DE
S0001962;C001337;SportDirekt DE #1337 - Location 2;DE
S0001963;C001337;SportDirekt DE #1337 - Location 3;DE
S0001964;C001338;PrimeFuel GR Online #1338 - Location 1;GR
S0001965;C001339;PrimeFuel GR Online #1339 - Location 1;GR
S0001966;C001340;WellKart GR Online #1340 - Location 1;GR
S0001967;C001341;FitNest GR Online #1341 - Location 1;GR
S0001968;C001342;PulseMarket GR Online #1342 - Location 1;GR
S0001969;C001343;NutriHub GR Online #1343 - Location 1;GR
S0001970;C001343;NutriHub GR Online #1343 - Location 2;GR
S0001971;C001344;PrimeFuel GR Online #1344 - Location 1;GR
S0001972;C001345;NutriHub GR Online #1345 - Location 1;GR
S0001973;C001346;VitaBox GR Online #1346 - Location 1;GR
S0001974;C001347;VitaBox GR Online #1347 - Location 1;GR
S0001975;C001347;VitaBox GR Online #1347 - Location 2;GR
S0001976;C001347;VitaBox GR Online #1347 - Location 3;GR
S0001977;C001348;PrimeFuel GR Online #1348 - Location 1;GR
S0001978;C001349;NutriHub GR Online #1349 - Location 1;GR
S0001979;C001349;NutriHub GR Online #1349 - Location 2;GR
S0001980;C001350;NutriHub GR Online #1350 - Location 1;GR
S0001981;C001350;NutriHub GR Online #1350 - Location 2;GR
S0001982;C001351;ZenBasket GR Online #1351 - Location 1;GR
S0001983;C001352;VitaBox GR Online #1352 - Location 1;GR
S0001984;C001353;FitNest GR Online #1353 - Location 1;GR
S0001985;C001353;FitNest GR Online #1353 - Location 2;GR
S0001986;C001354;PulseMarket GR Online #1354 - Location 1;GR
S0001987;C001355;EuroPharmx GR #1355 - Location 1;GR
S0001988;C001356;NutriPharm GR #1356 - Location 1;GR
S0001989;C001356;NutriPharm GR #1356 - Location 2;GR
S0001990;C001357;PharmaPluz GR #1357 - Location 1;GR
S0001991;C001358;PharmaPluz GR #1358 - Location 1;GR
S0001992;C001359;CarePharm GR #1359 - Location 1;GR
S0001993;C001359;CarePharm GR #1359 - Location 2;GR
S0001994;C001360;CarePharm GR #1360 - Location 1;GR
S0001995;C001361;HealthPoint GR #1361 - Location 1;GR
S0001996;C001362;NutriPharm GR #1362 - Location 1;GR
S0001997;C001362;NutriPharm GR #1362 - Location 2;GR
S0001998;C001362;NutriPharm GR #1362 - Location 3;GR
S0001999;C001363;Lidll GR #1363 - Location 1;GR
S0002000;C001364;Rewee GR #1364 - Location 1;GR
S0002001;C001365;Edekae GR #1365 - Location 1;GR
S0002002;C001366;Intermarche GR #1366 - Location 1;GR
S0002003;C001367;Tesko GR #1367 - Location 1;GR
S0002004;C001368;Intersportt GR #1368 - Location 1;GR
S0002005;C001368;Intersportt GR #1368 - Location 2;GR
S0002006;C001368;Intersportt GR #1368 - Location 3;GR
S0002007;C001369;FitZone GR #1369 - Location 1;GR
S0002008;C001370;Intersportt GR #1370 - Location 1;GR
S0002009;C001371;FitZone GR #1371 - Location 1;GR
S0002010;C001372;AthletiX GR #1372 - Location 1;GR
S0002011;C001372;AthletiX GR #1372 - Location 2;GR
S0002012;C001373;NutriHub HU Online #1373 - Location 1;HU
S0002013;C001374;PrimeFuel HU Online #1374 - Location 1;HU
S0002014;C001375;NutriHub HU Online #1375 - Location 1;HU
S0002015;C001375;NutriHub HU Online #1375 - Location 2;HU
S0002016;C001376;PrimeFuel HU Online #1376 - Location 1;HU
S0002017;C001377;NutriHub HU Online #1377 - Location 1;HU
S0002018;C001378;NutriHub HU Online #1378 - Location 1;HU
S0002019;C001379;VitaBox HU Online #1379 - Location 1;HU
S0002020;C001379;VitaBox HU Online #1379 - Location 2;HU
S0002021;C001380;NutriHub HU Online #1380 - Location 1;HU
S0002022;C001381;PharmaPluz HU #1381 - Location 1;HU
S0002023;C001381;PharmaPluz HU #1381 - Location 2;HU
S0002024;C001381;PharmaPluz HU #1381 - Location 3;HU
S0002025;C001382;HealthPoint HU #1382 - Location 1;HU
S0002026;C001383;VitaCare HU #1383 - Location 1;HU
S0002027;C001384;VitaCare HU #1384 - Location 1;HU
S0002028;C001384;VitaCare HU #1384 - Location 2;HU
S0002029;C001385;MediKore HU #1385 - Location 1;HU
S0002030;C001385;MediKore HU #1385 - Location 2;HU
S0002031;C001386;PharmaPluz HU #1386 - Location 1;HU
S0002032;C001387;Sparr HU #1387 - Location 1;HU
S0002033;C001387;Sparr HU #1387 - Location 2;HU
S0002034;C001388;Edekae HU #1388 - Location 1;HU
S0002035;C001389;Sparr HU #1389 - Location 1;HU
S0002036;C001390;Sparr HU #1390 - Location 1;HU
S0002037;C001391;Edekae HU #1391 - Location 1;HU
S0002038;C001392;Rewee HU #1392 - Location 1;HU
S0002039;C001392;Rewee HU #1392 - Location 2;HU
S0002040;C001393;Aldii HU #1393 - Location 1;HU
S0002041;C001393;Aldii HU #1393 - Location 2;HU
S0002042;C001393;Aldii HU #1393 - Location 3;HU
S0002043;C001394;Intermarche HU #1394 - Location 1;HU
S0002044;C001394;Intermarche HU #1394 - Location 2;HU
S0002045;C001395;Carrefouk HU #1395 - Location 1;HU
S0002046;C001395;Carrefouk HU #1395 - Location 2;HU
S0002047;C001396;Aldii HU #1396 - Location 1;HU
S0002048;C001396;Aldii HU #1396 - Location 2;HU
S0002049;C001397;Intermarche HU #1397 - Location 1;HU
S0002050;C001397;Intermarche HU #1397 - Location 2;HU
S0002051;C001398;Rewee HU #1398 - Location 1;HU
S0002052;C001398;Rewee HU #1398 - Location 2;HU
S0002053;C001399;Sparr HU #1399 - Location 1;HU
S0002054;C001400;Edekae HU #1400 - Location 1;HU
S0002055;C001400;Edekae HU #1400 - Location 2;HU
S0002056;C001401;Aldii HU #1401 - Location 1;HU
S0002057;C001402;AthletiX HU #1402 - Location 1;HU
S0002058;C001402;AthletiX HU #1402 - Location 2;HU
S0002059;C001402;AthletiX HU #1402 - Location 3;HU
S0002060;C001403;SportDirekt HU #1403 - Location 1;HU
S0002061;C001404;AthletiX HU #1404 - Location 1;HU
S0002062;C001405;Decathlonn HU #1405 - Location 1;HU
S0002063;C001405;Decathlonn HU #1405 - Location 2;HU
S0002064;C001406;SportDirekt HU #1406 - Location 1;HU
S0002065;C001407;AthletiX HU #1407 - Location 1;HU
S0002066;C001407;AthletiX HU #1407 - Location 2;HU
S0002067;C001408;FitNest IE Online #1408 - Location 1;IE
S0002068;C001409;NutriHub IE Online #1409 - Location 1;IE
S0002069;C001410;ZenBasket IE Online #1410 - Location 1;IE
S0002070;C001410;ZenBasket IE Online #1410 - Location 2;IE
S0002071;C001411;WellKart IE Online #1411 - Location 1;IE
S0002072;C001412;NutriHub IE Online #1412 - Location 1;IE
S0002073;C001412;NutriHub IE Online #1412 - Location 2;IE
S0002074;C001412;NutriHub IE Online #1412 - Location 3;IE
S0002075;C001413;PulseMarket IE Online #1413 - Location 1;IE
S0002076;C001414;CarePharm IE #1414 - Location 1;IE
S0002077;C001414;CarePharm IE #1414 - Location 2;IE
S0002078;C001414;CarePharm IE #1414 - Location 3;IE
S0002079;C001415;MediKore IE #1415 - Location 1;IE
S0002080;C001415;MediKore IE #1415 - Location 2;IE
S0002081;C001415;MediKore IE #1415 - Location 3;IE
S0002082;C001416;PharmaPluz IE #1416 - Location 1;IE
S0002083;C001417;VitaCare IE #1417 - Location 1;IE
S0002084;C001418;PharmaPluz IE #1418 - Location 1;IE
S0002085;C001418;PharmaPluz IE #1418 - Location 2;IE
S0002086;C001419;Auchon IE #1419 - Location 1;IE
S0002087;C001419;Auchon IE #1419 - Location 2;IE
S0002088;C001420;Aldii IE #1420 - Location 1;IE
S0002089;C001420;Aldii IE #1420 - Location 2;IE
S0002090;C001421;Intermarche IE #1421 - Location 1;IE
S0002091;C001422;Aldii IE #1422 - Location 1;IE
S0002092;C001422;Aldii IE #1422 - Location 2;IE
S0002093;C001422;Aldii IE #1422 - Location 3;IE
S0002094;C001423;Edekae IE #1423 - Location 1;IE
S0002095;C001424;Edekae IE #1424 - Location 1;IE
S0002096;C001425;Edekae IE #1425 - Location 1;IE
S0002097;C001426;Auchon IE #1426 - Location 1;IE
S0002098;C001427;Lidll IE #1427 - Location 1;IE
S0002099;C001428;Lidll IE #1428 - Location 1;IE
S0002100;C001428;Lidll IE #1428 - Location 2;IE
S0002101;C001428;Lidll IE #1428 - Location 3;IE
S0002102;C001429;Rewee IE #1429 - Location 1;IE
S0002103;C001429;Rewee IE #1429 - Location 2;IE
S0002104;C001429;Rewee IE #1429 - Location 3;IE
S0002105;C001430;Intermarche IE #1430 - Location 1;IE
S0002106;C001431;Aldii IE #1431 - Location 1;IE
S0002107;C001432;Aldii IE #1432 - Location 1;IE
S0002108;C001433;Intermarche IE #1433 - Location 1;IE
S0002109;C001433;Intermarche IE #1433 - Location 2;IE
S0002110;C001433;Intermarche IE #1433 - Location 3;IE
S0002111;C001434;Tesko IE #1434 - Location 1;IE
S0002112;C001435;Auchon IE #1435 - Location 1;IE
S0002113;C001436;Intersportt IE #1436 - Location 1;IE
S0002114;C001437;SportDirekt IE #1437 - Location 1;IE
S0002115;C001438;Decathlonn IE #1438 - Location 1;IE
S0002116;C001439;Decatlon IE #1439 - Location 1;IE
S0002117;C001439;Decatlon IE #1439 - Location 2;IE
S0002118;C001440;ProSport IE #1440 - Location 1;IE
S0002119;C001441;AthletiX IE #1441 - Location 1;IE
S0002120;C001442;SportDirekt IE #1442 - Location 1;IE
S0002121;C001442;SportDirekt IE #1442 - Location 2;IE
S0002122;C001443;PulseMarket IT Online #1443 - Location 1;IT
S0002123;C001444;GymMart IT Online #1444 - Location 1;IT
S0002124;C001445;VitaBox IT Online #1445 - Location 1;IT
S0002125;C001446;VitaBox IT Online #1446 - Location 1;IT
S0002126;C001446;VitaBox IT Online #1446 - Location 2;IT
S0002127;C001446;VitaBox IT Online #1446 - Location 3;IT
S0002128;C001447;PulseMarket IT Online #1447 - Location 1;IT
S0002129;C001447;PulseMarket IT Online #1447 - Location 2;IT
S0002130;C001448;PulseMarket IT Online #1448 - Location 1;IT
S0002131;C001448;PulseMarket IT Online #1448 - Location 2;IT
S0002132;C001449;PulseMarket IT Online #1449 - Location 1;IT
S0002133;C001450;NutriHub IT Online #1450 - Location 1;IT
S0002134;C001451;PulseMarket IT Online #1451 - Location 1;IT
S0002135;C001452;VitaBox IT Online #1452 - Location 1;IT
S0002136;C001452;VitaBox IT Online #1452 - Location 2;IT
S0002137;C001452;VitaBox IT Online #1452 - Location 3;IT
S0002138;C001453;FitNest IT Online #1453 - Location 1;IT
S0002139;C001454;PrimeFuel IT Online #1454 - Location 1;IT
S0002140;C001454;PrimeFuel IT Online #1454 - Location 2;IT
S0002141;C001454;PrimeFuel IT Online #1454 - Location 3;IT
S0002142;C001455;WellKart IT Online #1455 - Location 1;IT
S0002143;C001455;WellKart IT Online #1455 - Location 2;IT
S0002144;C001455;WellKart IT Online #1455 - Location 3;IT
S0002145;C001456;GymMart IT Online #1456 - Location 1;IT
S0002146;C001456;GymMart IT Online #1456 - Location 2;IT
S0002147;C001457;PrimeFuel IT Online #1457 - Location 1;IT
S0002148;C001458;WellKart IT Online #1458 - Location 1;IT
S0002149;C001458;WellKart IT Online #1458 - Location 2;IT
S0002150;C001459;VitaBox IT Online #1459 - Location 1;IT
S0002151;C001460;PrimeFuel IT Online #1460 - Location 1;IT
S0002152;C001461;NutriHub IT Online #1461 - Location 1;IT
S0002153;C001462;NutriHub IT Online #1462 - Location 1;IT
S0002154;C001463;NutriHub IT Online #1463 - Location 1;IT
S0002155;C001464;FitNest IT Online #1464 - Location 1;IT
S0002156;C001464;FitNest IT Online #1464 - Location 2;IT
S0002157;C001465;NutriHub IT Online #1465 - Location 1;IT
S0002158;C001465;NutriHub IT Online #1465 - Location 2;IT
S0002159;C001466;PrimeFuel IT Online #1466 - Location 1;IT
S0002160;C001467;PrimeFuel IT Online #1467 - Location 1;IT
S0002161;C001467;PrimeFuel IT Online #1467 - Location 2;IT
S0002162;C001468;FitNest IT Online #1468 - Location 1;IT
S0002163;C001469;NutriHub IT Online #1469 - Location 1;IT
S0002164;C001470;FitNest IT Online #1470 - Location 1;IT
S0002165;C001470;FitNest IT Online #1470 - Location 2;IT
S0002166;C001471;PulseMarket IT Online #1471 - Location 1;IT
S0002167;C001472;NutriHub IT Online #1472 - Location 1;IT
S0002168;C001473;CarePharm IT #1473 - Location 1;IT
S0002169;C001474;VitaCare IT #1474 - Location 1;IT
S0002170;C001475;CarePharm IT #1475 - Location 1;IT
S0002171;C001476;HealthPoint IT #1476 - Location 1;IT
S0002172;C001476;HealthPoint IT #1476 - Location 2;IT
S0002173;C001477;MediKore IT #1477 - Location 1;IT
S0002174;C001477;MediKore IT #1477 - Location 2;IT
S0002175;C001478;NutriPharm IT #1478 - Location 1;IT
S0002176;C001479;MediKore IT #1479 - Location 1;IT
S0002177;C001480;MediKore IT #1480 - Location 1;IT
S0002178;C001481;PharmaPluz IT #1481 - Location 1;IT
S0002179;C001481;PharmaPluz IT #1481 - Location 2;IT
S0002180;C001482;MediKore IT #1482 - Location 1;IT
S0002181;C001483;CarePharm IT #1483 - Location 1;IT
S0002182;C001484;PharmaPluz IT #1484 - Location 1;IT
S0002183;C001485;HealthPoint IT #1485 - Location 1;IT
S0002184;C001486;HealthPoint IT #1486 - Location 1;IT
S0002185;C001487;NutriPharm IT #1487 - Location 1;IT
S0002186;C001487;NutriPharm IT #1487 - Location 2;IT
S0002187;C001488;Aldii IT #1488 - Location 1;IT
S0002188;C001489;Aldii IT #1489 - Location 1;IT
S0002189;C001490;Carrefouk IT #1490 - Location 1;IT
S0002190;C001490;Carrefouk IT #1490 - Location 2;IT
S0002191;C001491;Edekae IT #1491 - Location 1;IT
S0002192;C001492;Intermarche IT #1492 - Location 1;IT
S0002193;C001493;Tesko IT #1493 - Location 1;IT
S0002194;C001494;Aldii IT #1494 - Location 1;IT
S0002195;C001495;Tesko IT #1495 - Location 1;IT
S0002196;C001496;Auchon IT #1496 - Location 1;IT
S0002197;C001497;Decatlon IT #1497 - Location 1;IT
S0002198;C001497;Decatlon IT #1497 - Location 2;IT
S0002199;C001498;Decatlon IT #1498 - Location 1;IT
S0002200;C001499;Intersportt IT #1499 - Location 1;IT
S0002201;C001499;Intersportt IT #1499 - Location 2;IT
S0002202;C001499;Intersportt IT #1499 - Location 3;IT
S0002203;C001500;AthletiX IT #1500 - Location 1;IT
S0002204;C001501;ProSport IT #1501 - Location 1;IT
S0002205;C001502;Intersportt IT #1502 - Location 1;IT
S0002206;C001502;Intersportt IT #1502 - Location 2;IT
S0002207;C001503;Intersportt IT #1503 - Location 1;IT
S0002208;C001504;Decatlon IT #1504 - Location 1;IT
S0002209;C001505;NutriHub LV Online #1505 - Location 1;LV
S0002210;C001506;ZenBasket LV Online #1506 - Location 1;LV
S0002211;C001506;ZenBasket LV Online #1506 - Location 2;LV
S0002212;C001507;ZenBasket LV Online #1507 - Location 1;LV
S0002213;C001507;ZenBasket LV Online #1507 - Location 2;LV
S0002214;C001508;PrimeFuel LV Online #1508 - Location 1;LV
S0002215;C001509;PrimeFuel LV Online #1509 - Location 1;LV
S0002216;C001509;PrimeFuel LV Online #1509 - Location 2;LV
S0002217;C001510;FitNest LV Online #1510 - Location 1;LV
S0002218;C001511;HealthPoint LV #1511 - Location 1;LV
S0002219;C001511;HealthPoint LV #1511 - Location 2;LV
S0002220;C001511;HealthPoint LV #1511 - Location 3;LV
S0002221;C001512;CarePharm LV #1512 - Location 1;LV
S0002222;C001512;CarePharm LV #1512 - Location 2;LV
S0002223;C001513;CarePharm LV #1513 - Location 1;LV
S0002224;C001513;CarePharm LV #1513 - Location 2;LV
S0002225;C001514;HealthPoint LV #1514 - Location 1;LV
S0002226;C001515;NutriPharm LV #1515 - Location 1;LV
S0002227;C001515;NutriPharm LV #1515 - Location 2;LV
S0002228;C001515;NutriPharm LV #1515 - Location 3;LV
S0002229;C001516;Edekae LV #1516 - Location 1;LV
S0002230;C001517;Lidll LV #1517 - Location 1;LV
S0002231;C001518;Aldii LV #1518 - Location 1;LV
S0002232;C001519;Aldii LV #1519 - Location 1;LV
S0002233;C001519;Aldii LV #1519 - Location 2;LV
S0002234;C001520;Auchon LV #1520 - Location 1;LV
S0002235;C001521;Edekae LV #1521 - Location 1;LV
S0002236;C001521;Edekae LV #1521 - Location 2;LV
S0002237;C001522;Intermarche LV #1522 - Location 1;LV
S0002238;C001522;Intermarche LV #1522 - Location 2;LV
S0002239;C001523;Lidll LV #1523 - Location 1;LV
S0002240;C001524;Auchon LV #1524 - Location 1;LV
S0002241;C001525;Rewee LV #1525 - Location 1;LV
S0002242;C001525;Rewee LV #1525 - Location 2;LV
S0002243;C001526;Auchon LV #1526 - Location 1;LV
S0002244;C001527;Carrefouk LV #1527 - Location 1;LV
S0002245;C001527;Carrefouk LV #1527 - Location 2;LV
S0002246;C001528;Auchon LV #1528 - Location 1;LV
S0002247;C001528;Auchon LV #1528 - Location 2;LV
S0002248;C001528;Auchon LV #1528 - Location 3;LV
S0002249;C001529;Tesko LV #1529 - Location 1;LV
S0002250;C001530;Rewee LV #1530 - Location 1;LV
S0002251;C001531;Lidll LV #1531 - Location 1;LV
S0002252;C001531;Lidll LV #1531 - Location 2;LV
S0002253;C001532;Carrefouk LV #1532 - Location 1;LV
S0002254;C001533;ProSport LV #1533 - Location 1;LV
S0002255;C001534;Decatlon LV #1534 - Location 1;LV
S0002256;C001535;Intersportt LV #1535 - Location 1;LV
S0002257;C001536;Decathlonn LV #1536 - Location 1;LV
S0002258;C001537;Decathlonn LV #1537 - Location 1;LV
S0002259;C001537;Decathlonn LV #1537 - Location 2;LV
S0002260;C001538;FitZone LV #1538 - Location 1;LV
S0002261;C001539;Decathlonn LV #1539 - Location 1;LV
S0002262;C001539;Decathlonn LV #1539 - Location 2;LV
S0002263;C001540;PrimeFuel LT Online #1540 - Location 1;LT
S0002264;C001541;NutriHub LT Online #1541 - Location 1;LT
S0002265;C001542;PulseMarket LT Online #1542 - Location 1;LT
S0002266;C001543;WellKart LT Online #1543 - Location 1;LT
S0002267;C001544;WellKart LT Online #1544 - Location 1;LT
S0002268;C001544;WellKart LT Online #1544 - Location 2;LT
S0002269;C001545;VitaBox LT Online #1545 - Location 1;LT
S0002270;C001546;CarePharm LT #1546 - Location 1;LT
S0002271;C001547;PharmaPluz LT #1547 - Location 1;LT
S0002272;C001547;PharmaPluz LT #1547 - Location 2;LT
S0002273;C001548;EuroPharmx LT #1548 - Location 1;LT
S0002274;C001549;PharmaPluz LT #1549 - Location 1;LT
S0002275;C001550;PharmaPluz LT #1550 - Location 1;LT
S0002276;C001551;Tesko LT #1551 - Location 1;LT
S0002277;C001551;Tesko LT #1551 - Location 2;LT
S0002278;C001552;Aldii LT #1552 - Location 1;LT
S0002279;C001553;Tesko LT #1553 - Location 1;LT
S0002280;C001554;Aldii LT #1554 - Location 1;LT
S0002281;C001555;Lidll LT #1555 - Location 1;LT
S0002282;C001556;Intermarche LT #1556 - Location 1;LT
S0002283;C001557;Aldii LT #1557 - Location 1;LT
S0002284;C001557;Aldii LT #1557 - Location 2;LT
S0002285;C001558;Intermarche LT #1558 - Location 1;LT
S0002286;C001559;Lidll LT #1559 - Location 1;LT
S0002287;C001560;Aldii LT #1560 - Location 1;LT
S0002288;C001561;Lidll LT #1561 - Location 1;LT
S0002289;C001562;Edekae LT #1562 - Location 1;LT
S0002290;C001563;Intermarche LT #1563 - Location 1;LT
S0002291;C001564;Tesko LT #1564 - Location 1;LT
S0002292;C001565;Aldii LT #1565 - Location 1;LT
S0002293;C001566;Aldii LT #1566 - Location 1;LT
S0002294;C001566;Aldii LT #1566 - Location 2;LT
S0002295;C001567;Intermarche LT #1567 - Location 1;LT
S0002296;C001568;Decatlon LT #1568 - Location 1;LT
S0002297;C001569;SportDirekt LT #1569 - Location 1;LT
S0002298;C001570;Decathlonn LT #1570 - Location 1;LT
S0002299;C001571;Decatlon LT #1571 - Location 1;LT
S0002300;C001571;Decatlon LT #1571 - Location 2;LT
S0002301;C001572;ProSport LT #1572 - Location 1;LT
S0002302;C001573;ProSport LT #1573 - Location 1;LT
S0002303;C001574;FitZone LT #1574 - Location 1;LT
S0002304;C001575;VitaBox LU Online #1575 - Location 1;LU
S0002305;C001576;NutriHub LU Online #1576 - Location 1;LU
S0002306;C001576;NutriHub LU Online #1576 - Location 2;LU
S0002307;C001577;WellKart LU Online #1577 - Location 1;LU
S0002308;C001578;NutriHub LU Online #1578 - Location 1;LU
S0002309;C001579;PulseMarket LU Online #1579 - Location 1;LU
S0002310;C001580;PrimeFuel LU Online #1580 - Location 1;LU
S0002311;C001580;PrimeFuel LU Online #1580 - Location 2;LU
S0002312;C001581;CarePharm LU #1581 - Location 1;LU
S0002313;C001582;HealthPoint LU #1582 - Location 1;LU
S0002314;C001582;HealthPoint LU #1582 - Location 2;LU
S0002315;C001583;EuroPharmx LU #1583 - Location 1;LU
S0002316;C001584;MediKore LU #1584 - Location 1;LU
S0002317;C001584;MediKore LU #1584 - Location 2;LU
S0002318;C001585;CarePharm LU #1585 - Location 1;LU
S0002319;C001585;CarePharm LU #1585 - Location 2;LU
S0002320;C001586;Edekae LU #1586 - Location 1;LU
S0002321;C001587;Lidll LU #1587 - Location 1;LU
S0002322;C001588;Edekae LU #1588 - Location 1;LU
S0002323;C001589;Carrefouk LU #1589 - Location 1;LU
S0002324;C001590;Sparr LU #1590 - Location 1;LU
S0002325;C001591;Carrefouk LU #1591 - Location 1;LU
S0002326;C001592;Aldii LU #1592 - Location 1;LU
S0002327;C001593;Aldii LU #1593 - Location 1;LU
S0002328;C001593;Aldii LU #1593 - Location 2;LU
S0002329;C001593;Aldii LU #1593 - Location 3;LU
S0002330;C001594;Lidll LU #1594 - Location 1;LU
S0002331;C001595;Carrefouk LU #1595 - Location 1;LU
S0002332;C001596;Sparr LU #1596 - Location 1;LU
S0002333;C001597;Tesko LU #1597 - Location 1;LU
S0002334;C001598;Carrefouk LU #1598 - Location 1;LU
S0002335;C001599;Intermarche LU #1599 - Location 1;LU
S0002336;C001600;Aldii LU #1600 - Location 1;LU
S0002337;C001601;Carrefouk LU #1601 - Location 1;LU
S0002338;C001602;Auchon LU #1602 - Location 1;LU
S0002339;C001602;Auchon LU #1602 - Location 2;LU
S0002340;C001603;ProSport LU #1603 - Location 1;LU
S0002341;C001604;AthletiX LU #1604 - Location 1;LU
S0002342;C001605;SportDirekt LU #1605 - Location 1;LU
S0002343;C001606;AthletiX LU #1606 - Location 1;LU
S0002344;C001607;Decathlonn LU #1607 - Location 1;LU
S0002345;C001608;Decathlonn LU #1608 - Location 1;LU
S0002346;C001609;ProSport LU #1609 - Location 1;LU
S0002347;C001609;ProSport LU #1609 - Location 2;LU
S0002348;C001609;ProSport LU #1609 - Location 3;LU
S0002349;C001610;ZenBasket MT Online #1610 - Location 1;MT
S0002350;C001611;GymMart MT Online #1611 - Location 1;MT
S0002351;C001612;PrimeFuel MT Online #1612 - Location 1;MT
S0002352;C001613;WellKart MT Online #1613 - Location 1;MT
S0002353;C001614;PulseMarket MT Online #1614 - Location 1;MT
S0002354;C001614;PulseMarket MT Online #1614 - Location 2;MT
S0002355;C001614;PulseMarket MT Online #1614 - Location 3;MT
S0002356;C001615;VitaBox MT Online #1615 - Location 1;MT
S0002357;C001616;PrimeFuel MT Online #1616 - Location 1;MT
S0002358;C001616;PrimeFuel MT Online #1616 - Location 2;MT
S0002359;C001616;PrimeFuel MT Online #1616 - Location 3;MT
S0002360;C001617;ZenBasket MT Online #1617 - Location 1;MT
S0002361;C001618;PrimeFuel MT Online #1618 - Location 1;MT
S0002362;C001619;NutriHub MT Online #1619 - Location 1;MT
S0002363;C001619;NutriHub MT Online #1619 - Location 2;MT
S0002364;C001620;FitNest MT Online #1620 - Location 1;MT
S0002365;C001621;GymMart MT Online #1621 - Location 1;MT
S0002366;C001622;NutriHub MT Online #1622 - Location 1;MT
S0002367;C001623;ZenBasket MT Online #1623 - Location 1;MT
S0002368;C001624;FitNest MT Online #1624 - Location 1;MT
S0002369;C001625;GymMart MT Online #1625 - Location 1;MT
S0002370;C001625;GymMart MT Online #1625 - Location 2;MT
S0002371;C001626;VitaBox MT Online #1626 - Location 1;MT
S0002372;C001626;VitaBox MT Online #1626 - Location 2;MT
S0002373;C001627;CarePharm MT #1627 - Location 1;MT
S0002374;C001628;CarePharm MT #1628 - Location 1;MT
S0002375;C001629;PharmaPluz MT #1629 - Location 1;MT
S0002376;C001629;PharmaPluz MT #1629 - Location 2;MT
S0002377;C001630;HealthPoint MT #1630 - Location 1;MT
S0002378;C001631;NutriPharm MT #1631 - Location 1;MT
S0002379;C001632;PharmaPluz MT #1632 - Location 1;MT
S0002380;C001632;PharmaPluz MT #1632 - Location 2;MT
S0002381;C001633;VitaCare MT #1633 - Location 1;MT
S0002382;C001634;HealthPoint MT #1634 - Location 1;MT
S0002383;C001634;HealthPoint MT #1634 - Location 2;MT
S0002384;C001635;Edekae MT #1635 - Location 1;MT
S0002385;C001636;Tesko MT #1636 - Location 1;MT
S0002386;C001637;Carrefouk MT #1637 - Location 1;MT
S0002387;C001638;Sparr MT #1638 - Location 1;MT
S0002388;C001639;Auchon MT #1639 - Location 1;MT
S0002389;C001639;Auchon MT #1639 - Location 2;MT
S0002390;C001640;AthletiX MT #1640 - Location 1;MT
S0002391;C001641;Decatlon MT #1641 - Location 1;MT
S0002392;C001642;SportDirekt MT #1642 - Location 1;MT
S0002393;C001643;Decatlon MT #1643 - Location 1;MT
S0002394;C001643;Decatlon MT #1643 - Location 2;MT
S0002395;C001644;FitZone MT #1644 - Location 1;MT
S0002396;C001645;PulseMarket NL Online #1645 - Location 1;NL
S0002397;C001646;PrimeFuel NL Online #1646 - Location 1;NL
S0002398;C001647;PrimeFuel NL Online #1647 - Location 1;NL
S0002399;C001647;PrimeFuel NL Online #1647 - Location 2;NL
S0002400;C001648;WellKart NL Online #1648 - Location 1;NL
S0002401;C001649;GymMart NL Online #1649 - Location 1;NL
S0002402;C001649;GymMart NL Online #1649 - Location 2;NL
S0002403;C001650;PulseMarket NL Online #1650 - Location 1;NL
S0002404;C001650;PulseMarket NL Online #1650 - Location 2;NL
S0002405;C001651;WellKart NL Online #1651 - Location 1;NL
S0002406;C001652;NutriPharm NL #1652 - Location 1;NL
S0002407;C001653;EuroPharmx NL #1653 - Location 1;NL
S0002408;C001654;EuroPharmx NL #1654 - Location 1;NL
S0002409;C001654;EuroPharmx NL #1654 - Location 2;NL
S0002410;C001654;EuroPharmx NL #1654 - Location 3;NL
S0002411;C001655;PharmaPluz NL #1655 - Location 1;NL
S0002412;C001656;HealthPoint NL #1656 - Location 1;NL
S0002413;C001657;VitaCare NL #1657 - Location 1;NL
S0002414;C001658;Carrefouk NL #1658 - Location 1;NL
S0002415;C001658;Carrefouk NL #1658 - Location 2;NL
S0002416;C001659;Intermarche NL #1659 - Location 1;NL
S0002417;C001660;Sparr NL #1660 - Location 1;NL
S0002418;C001661;Tesko NL #1661 - Location 1;NL
S0002419;C001662;Aldii NL #1662 - Location 1;NL
S0002420;C001663;Auchon NL #1663 - Location 1;NL
S0002421;C001664;Sparr NL #1664 - Location 1;NL
S0002422;C001665;Auchon NL #1665 - Location 1;NL
S0002423;C001666;Auchon NL #1666 - Location 1;NL
S0002424;C001667;Aldii NL #1667 - Location 1;NL
S0002425;C001667;Aldii NL #1667 - Location 2;NL
S0002426;C001668;Carrefouk NL #1668 - Location 1;NL
S0002427;C001669;Sparr NL #1669 - Location 1;NL
S0002428;C001670;Carrefouk NL #1670 - Location 1;NL
S0002429;C001671;Auchon NL #1671 - Location 1;NL
S0002430;C001672;Edekae NL #1672 - Location 1;NL
S0002431;C001673;Sparr NL #1673 - Location 1;NL
S0002432;C001674;Intermarche NL #1674 - Location 1;NL
S0002433;C001674;Intermarche NL #1674 - Location 2;NL
S0002434;C001674;Intermarche NL #1674 - Location 3;NL
S0002435;C001675;Carrefouk NL #1675 - Location 1;NL
S0002436;C001675;Carrefouk NL #1675 - Location 2;NL
S0002437;C001675;Carrefouk NL #1675 - Location 3;NL
S0002438;C001676;Edekae NL #1676 - Location 1;NL
S0002439;C001677;Lidll NL #1677 - Location 1;NL
S0002440;C001677;Lidll NL #1677 - Location 2;NL
S0002441;C001677;Lidll NL #1677 - Location 3;NL
S0002442;C001678;Tesko NL #1678 - Location 1;NL
S0002443;C001679;Decathlonn NL #1679 - Location 1;NL
S0002444;C001680;FitZone NL #1680 - Location 1;NL
S0002445;C001681;FitZone NL #1681 - Location 1;NL
S0002446;C001682;AthletiX NL #1682 - Location 1;NL
S0002447;C001682;AthletiX NL #1682 - Location 2;NL
S0002448;C001682;AthletiX NL #1682 - Location 3;NL
S0002449;C001683;Decatlon NL #1683 - Location 1;NL
S0002450;C001683;Decatlon NL #1683 - Location 2;NL
S0002451;C001684;SportDirekt NL #1684 - Location 1;NL
S0002452;C001685;Intersportt NL #1685 - Location 1;NL
S0002453;C001686;SportDirekt NL #1686 - Location 1;NL
S0002454;C001686;SportDirekt NL #1686 - Location 2;NL
S0002455;C001687;Decatlon NL #1687 - Location 1;NL
S0002456;C001688;VitaBox PL Online #1688 - Location 1;PL
S0002457;C001689;VitaBox PL Online #1689 - Location 1;PL
S0002458;C001690;FitNest PL Online #1690 - Location 1;PL
S0002459;C001690;FitNest PL Online #1690 - Location 2;PL
S0002460;C001690;FitNest PL Online #1690 - Location 3;PL
S0002461;C001691;NutriHub PL Online #1691 - Location 1;PL
S0002462;C001691;NutriHub PL Online #1691 - Location 2;PL
S0002463;C001692;WellKart PL Online #1692 - Location 1;PL
S0002464;C001693;GymMart PL Online #1693 - Location 1;PL
S0002465;C001693;GymMart PL Online #1693 - Location 2;PL
S0002466;C001694;FitNest PL Online #1694 - Location 1;PL
S0002467;C001694;FitNest PL Online #1694 - Location 2;PL
S0002468;C001694;FitNest PL Online #1694 - Location 3;PL
S0002469;C001695;FitNest PL Online #1695 - Location 1;PL
S0002470;C001696;WellKart PL Online #1696 - Location 1;PL
S0002471;C001697;WellKart PL Online #1697 - Location 1;PL
S0002472;C001698;HealthPoint PL #1698 - Location 1;PL
S0002473;C001699;MediKore PL #1699 - Location 1;PL
S0002474;C001699;MediKore PL #1699 - Location 2;PL
S0002475;C001700;MediKore PL #1700 - Location 1;PL
S0002476;C001701;HealthPoint PL #1701 - Location 1;PL
S0002477;C001702;HealthPoint PL #1702 - Location 1;PL
S0002478;C001703;CarePharm PL #1703 - Location 1;PL
S0002479;C001704;CarePharm PL #1704 - Location 1;PL
S0002480;C001704;CarePharm PL #1704 - Location 2;PL
S0002481;C001705;VitaCare PL #1705 - Location 1;PL
S0002482;C001706;Lidll PL #1706 - Location 1;PL
S0002483;C001707;Tesko PL #1707 - Location 1;PL
S0002484;C001708;Sparr PL #1708 - Location 1;PL
S0002485;C001709;Edekae PL #1709 - Location 1;PL
S0002486;C001710;Sparr PL #1710 - Location 1;PL
S0002487;C001710;Sparr PL #1710 - Location 2;PL
S0002488;C001711;Rewee PL #1711 - Location 1;PL
S0002489;C001712;Rewee PL #1712 - Location 1;PL
S0002490;C001712;Rewee PL #1712 - Location 2;PL
S0002491;C001712;Rewee PL #1712 - Location 3;PL
S0002492;C001713;Rewee PL #1713 - Location 1;PL
S0002493;C001713;Rewee PL #1713 - Location 2;PL
S0002494;C001713;Rewee PL #1713 - Location 3;PL
S0002495;C001714;Carrefouk PL #1714 - Location 1;PL
S0002496;C001715;Tesko PL #1715 - Location 1;PL
S0002497;C001716;Aldii PL #1716 - Location 1;PL
S0002498;C001717;Aldii PL #1717 - Location 1;PL
S0002499;C001718;Rewee PL #1718 - Location 1;PL
S0002500;C001719;Intermarche PL #1719 - Location 1;PL
S0002501;C001720;Carrefouk PL #1720 - Location 1;PL
S0002502;C001721;Carrefouk PL #1721 - Location 1;PL
S0002503;C001722;Carrefouk PL #1722 - Location 1;PL
S0002504;C001723;Tesko PL #1723 - Location 1;PL
S0002505;C001724;Decathlonn PL #1724 - Location 1;PL
S0002506;C001724;Decathlonn PL #1724 - Location 2;PL
S0002507;C001724;Decathlonn PL #1724 - Location 3;PL
S0002508;C001725;Decatlon PL #1725 - Location 1;PL
S0002509;C001726;Decatlon PL #1726 - Location 1;PL
S0002510;C001727;SportDirekt PL #1727 - Location 1;PL
S0002511;C001727;SportDirekt PL #1727 - Location 2;PL
S0002512;C001728;AthletiX PL #1728 - Location 1;PL
S0002513;C001729;FitZone PL #1729 - Location 1;PL
S0002514;C001730;FitZone PL #1730 - Location 1;PL
S0002515;C001731;ProSport PL #1731 - Location 1;PL
S0002516;C001732;WellKart PT Online #1732 - Location 1;PT
S0002517;C001733;WellKart PT Online #1733 - Location 1;PT
S0002518;C001733;WellKart PT Online #1733 - Location 2;PT
S0002519;C001734;ZenBasket PT Online #1734 - Location 1;PT
S0002520;C001735;NutriHub PT Online #1735 - Location 1;PT
S0002521;C001735;NutriHub PT Online #1735 - Location 2;PT
S0002522;C001735;NutriHub PT Online #1735 - Location 3;PT
S0002523;C001736;PulseMarket PT Online #1736 - Location 1;PT
S0002524;C001736;PulseMarket PT Online #1736 - Location 2;PT
S0002525;C001737;FitNest PT Online #1737 - Location 1;PT
S0002526;C001738;GymMart PT Online #1738 - Location 1;PT
S0002527;C001739;FitNest PT Online #1739 - Location 1;PT
S0002528;C001740;NutriHub PT Online #1740 - Location 1;PT
S0002529;C001741;ZenBasket PT Online #1741 - Location 1;PT
S0002530;C001741;ZenBasket PT Online #1741 - Location 2;PT
S0002531;C001742;GymMart PT Online #1742 - Location 1;PT
S0002532;C001743;NutriHub PT Online #1743 - Location 1;PT
S0002533;C001744;WellKart PT Online #1744 - Location 1;PT
S0002534;C001745;GymMart PT Online #1745 - Location 1;PT
S0002535;C001746;PrimeFuel PT Online #1746 - Location 1;PT
S0002536;C001746;PrimeFuel PT Online #1746 - Location 2;PT
S0002537;C001747;NutriHub PT Online #1747 - Location 1;PT
S0002538;C001748;VitaBox PT Online #1748 - Location 1;PT
S0002539;C001748;VitaBox PT Online #1748 - Location 2;PT
S0002540;C001749;WellKart PT Online #1749 - Location 1;PT
S0002541;C001750;ZenBasket PT Online #1750 - Location 1;PT
S0002542;C001750;ZenBasket PT Online #1750 - Location 2;PT
S0002543;C001751;ZenBasket PT Online #1751 - Location 1;PT
S0002544;C001752;VitaBox PT Online #1752 - Location 1;PT
S0002545;C001753;NutriHub PT Online #1753 - Location 1;PT
S0002546;C001753;NutriHub PT Online #1753 - Location 2;PT
S0002547;C001754;VitaBox PT Online #1754 - Location 1;PT
S0002548;C001755;VitaCare PT #1755 - Location 1;PT
S0002549;C001755;VitaCare PT #1755 - Location 2;PT
S0002550;C001756;NutriPharm PT #1756 - Location 1;PT
S0002551;C001757;VitaCare PT #1757 - Location 1;PT
S0002552;C001758;MediKore PT #1758 - Location 1;PT
S0002553;C001758;MediKore PT #1758 - Location 2;PT
S0002554;C001759;VitaCare PT #1759 - Location 1;PT
S0002555;C001760;PharmaPluz PT #1760 - Location 1;PT
S0002556;C001761;EuroPharmx PT #1761 - Location 1;PT
S0002557;C001762;CarePharm PT #1762 - Location 1;PT
S0002558;C001763;MediKore PT #1763 - Location 1;PT
S0002559;C001763;MediKore PT #1763 - Location 2;PT
S0002560;C001763;MediKore PT #1763 - Location 3;PT
S0002561;C001764;MediKore PT #1764 - Location 1;PT
S0002562;C001764;MediKore PT #1764 - Location 2;PT
S0002563;C001764;MediKore PT #1764 - Location 3;PT
S0002564;C001765;Rewee PT #1765 - Location 1;PT
S0002565;C001765;Rewee PT #1765 - Location 2;PT
S0002566;C001766;Sparr PT #1766 - Location 1;PT
S0002567;C001767;Rewee PT #1767 - Location 1;PT
S0002568;C001767;Rewee PT #1767 - Location 2;PT
S0002569;C001768;Tesko PT #1768 - Location 1;PT
S0002570;C001768;Tesko PT #1768 - Location 2;PT
S0002571;C001768;Tesko PT #1768 - Location 3;PT
S0002572;C001769;Lidll PT #1769 - Location 1;PT
S0002573;C001769;Lidll PT #1769 - Location 2;PT
S0002574;C001769;Lidll PT #1769 - Location 3;PT
S0002575;C001770;Lidll PT #1770 - Location 1;PT
S0002576;C001771;ProSport PT #1771 - Location 1;PT
S0002577;C001771;ProSport PT #1771 - Location 2;PT
S0002578;C001772;AthletiX PT #1772 - Location 1;PT
S0002579;C001773;FitZone PT #1773 - Location 1;PT
S0002580;C001774;Decathlonn PT #1774 - Location 1;PT
S0002581;C001775;SportDirekt PT #1775 - Location 1;PT
S0002582;C001776;ProSport PT #1776 - Location 1;PT
S0002583;C001776;ProSport PT #1776 - Location 2;PT
S0002584;C001777;PrimeFuel RO Online #1777 - Location 1;RO
S0002585;C001777;PrimeFuel RO Online #1777 - Location 2;RO
S0002586;C001778;ZenBasket RO Online #1778 - Location 1;RO
S0002587;C001778;ZenBasket RO Online #1778 - Location 2;RO
S0002588;C001779;ZenBasket RO Online #1779 - Location 1;RO
S0002589;C001780;ZenBasket RO Online #1780 - Location 1;RO
S0002590;C001780;ZenBasket RO Online #1780 - Location 2;RO
S0002591;C001780;ZenBasket RO Online #1780 - Location 3;RO
S0002592;C001781;NutriHub RO Online #1781 - Location 1;RO
S0002593;C001782;ZenBasket RO Online #1782 - Location 1;RO
S0002594;C001782;ZenBasket RO Online #1782 - Location 2;RO
S0002595;C001783;ZenBasket RO Online #1783 - Location 1;RO
S0002596;C001784;WellKart RO Online #1784 - Location 1;RO
S0002597;C001785;MediKore RO #1785 - Location 1;RO
S0002598;C001786;MediKore RO #1786 - Location 1;RO
S0002599;C001787;PharmaPluz RO #1787 - Location 1;RO
S0002600;C001788;EuroPharmx RO #1788 - Location 1;RO
S0002601;C001789;MediKore RO #1789 - Location 1;RO
S0002602;C001789;MediKore RO #1789 - Location 2;RO
S0002603;C001790;CarePharm RO #1790 - Location 1;RO
S0002604;C001791;Intermarche RO #1791 - Location 1;RO
S0002605;C001792;Intermarche RO #1792 - Location 1;RO
S0002606;C001793;Edekae RO #1793 - Location 1;RO
S0002607;C001794;Auchon RO #1794 - Location 1;RO
S0002608;C001794;Auchon RO #1794 - Location 2;RO
S0002609;C001795;Rewee RO #1795 - Location 1;RO
S0002610;C001795;Rewee RO #1795 - Location 2;RO
S0002611;C001795;Rewee RO #1795 - Location 3;RO
S0002612;C001796;Rewee RO #1796 - Location 1;RO
S0002613;C001797;Carrefouk RO #1797 - Location 1;RO
S0002614;C001798;Intermarche RO #1798 - Location 1;RO
S0002615;C001798;Intermarche RO #1798 - Location 2;RO
S0002616;C001798;Intermarche RO #1798 - Location 3;RO
S0002617;C001799;Rewee RO #1799 - Location 1;RO
S0002618;C001800;Auchon RO #1800 - Location 1;RO
S0002619;C001801;Intermarche RO #1801 - Location 1;RO
S0002620;C001802;Edekae RO #1802 - Location 1;RO
S0002621;C001803;Aldii RO #1803 - Location 1;RO
S0002622;C001804;Edekae RO #1804 - Location 1;RO
S0002623;C001805;Edekae RO #1805 - Location 1;RO
S0002624;C001806;Intersportt RO #1806 - Location 1;RO
S0002625;C001806;Intersportt RO #1806 - Location 2;RO
S0002626;C001807;AthletiX RO #1807 - Location 1;RO
S0002627;C001808;Decatlon RO #1808 - Location 1;RO
S0002628;C001809;Decatlon RO #1809 - Location 1;RO
S0002629;C001810;FitZone RO #1810 - Location 1;RO
S0002630;C001810;FitZone RO #1810 - Location 2;RO
S0002631;C001811;ProSport RO #1811 - Location 1;RO
S0002632;C001811;ProSport RO #1811 - Location 2;RO
S0002633;C001812;FitNest SK Online #1812 - Location 1;SK
S0002634;C001812;FitNest SK Online #1812 - Location 2;SK
S0002635;C001812;FitNest SK Online #1812 - Location 3;SK
S0002636;C001813;PrimeFuel SK Online #1813 - Location 1;SK
S0002637;C001814;FitNest SK Online #1814 - Location 1;SK
S0002638;C001815;FitNest SK Online #1815 - Location 1;SK
S0002639;C001815;FitNest SK Online #1815 - Location 2;SK
S0002640;C001816;PulseMarket SK Online #1816 - Location 1;SK
S0002641;C001816;PulseMarket SK Online #1816 - Location 2;SK
S0002642;C001816;PulseMarket SK Online #1816 - Location 3;SK
S0002643;C001817;PrimeFuel SK Online #1817 - Location 1;SK
S0002644;C001818;ZenBasket SK Online #1818 - Location 1;SK
S0002645;C001819;VitaBox SK Online #1819 - Location 1;SK
S0002646;C001819;VitaBox SK Online #1819 - Location 2;SK
S0002647;C001820;HealthPoint SK #1820 - Location 1;SK
S0002648;C001821;CarePharm SK #1821 - Location 1;SK
S0002649;C001821;CarePharm SK #1821 - Location 2;SK
S0002650;C001821;CarePharm SK #1821 - Location 3;SK
S0002651;C001822;PharmaPluz SK #1822 - Location 1;SK
S0002652;C001822;PharmaPluz SK #1822 - Location 2;SK
S0002653;C001823;HealthPoint SK #1823 - Location 1;SK
S0002654;C001824;NutriPharm SK #1824 - Location 1;SK
S0002655;C001825;VitaCare SK #1825 - Location 1;SK
S0002656;C001825;VitaCare SK #1825 - Location 2;SK
S0002657;C001826;Lidll SK #1826 - Location 1;SK
S0002658;C001827;Aldii SK #1827 - Location 1;SK
S0002659;C001828;Tesko SK #1828 - Location 1;SK
S0002660;C001828;Tesko SK #1828 - Location 2;SK
S0002661;C001828;Tesko SK #1828 - Location 3;SK
S0002662;C001829;Carrefouk SK #1829 - Location 1;SK
S0002663;C001829;Carrefouk SK #1829 - Location 2;SK
S0002664;C001830;Lidll SK #1830 - Location 1;SK
S0002665;C001831;Carrefouk SK #1831 - Location 1;SK
S0002666;C001831;Carrefouk SK #1831 - Location 2;SK
S0002667;C001832;Carrefouk SK #1832 - Location 1;SK
S0002668;C001832;Carrefouk SK #1832 - Location 2;SK
S0002669;C001833;Carrefouk SK #1833 - Location 1;SK
S0002670;C001834;Auchon SK #1834 - Location 1;SK
S0002671;C001834;Auchon SK #1834 - Location 2;SK
S0002672;C001834;Auchon SK #1834 - Location 3;SK
S0002673;C001835;Lidll SK #1835 - Location 1;SK
S0002674;C001836;Intermarche SK #1836 - Location 1;SK
S0002675;C001837;Intermarche SK #1837 - Location 1;SK
S0002676;C001838;Lidll SK #1838 - Location 1;SK
S0002677;C001839;Intermarche SK #1839 - Location 1;SK
S0002678;C001840;Edekae SK #1840 - Location 1;SK
S0002679;C001840;Edekae SK #1840 - Location 2;SK
S0002680;C001840;Edekae SK #1840 - Location 3;SK
S0002681;C001841;SportDirekt SK #1841 - Location 1;SK
S0002682;C001842;ProSport SK #1842 - Location 1;SK
S0002683;C001843;Decathlonn SK #1843 - Location 1;SK
S0002684;C001843;Decathlonn SK #1843 - Location 2;SK
S0002685;C001844;Decathlonn SK #1844 - Location 1;SK
S0002686;C001844;Decathlonn SK #1844 - Location 2;SK
S0002687;C001844;Decathlonn SK #1844 - Location 3;SK
S0002688;C001845;ProSport SK #1845 - Location 1;SK
S0002689;C001845;ProSport SK #1845 - Location 2;SK
S0002690;C001846;Decathlonn SK #1846 - Location 1;SK
S0002691;C001847;PrimeFuel SI Online #1847 - Location 1;SI
S0002692;C001847;PrimeFuel SI Online #1847 - Location 2;SI
S0002693;C001848;ZenBasket SI Online #1848 - Location 1;SI
S0002694;C001849;PulseMarket SI Online #1849 - Location 1;SI
S0002695;C001850;PulseMarket SI Online #1850 - Location 1;SI
S0002696;C001851;PrimeFuel SI Online #1851 - Location 1;SI
S0002697;C001852;PrimeFuel SI Online #1852 - Location 1;SI
S0002698;C001853;PrimeFuel SI Online #1853 - Location 1;SI
S0002699;C001854;GymMart SI Online #1854 - Location 1;SI
S0002700;C001855;PharmaPluz SI #1855 - Location 1;SI
S0002701;C001855;PharmaPluz SI #1855 - Location 2;SI
S0002702;C001856;MediKore SI #1856 - Location 1;SI
S0002703;C001857;NutriPharm SI #1857 - Location 1;SI
S0002704;C001858;EuroPharmx SI #1858 - Location 1;SI
S0002705;C001859;NutriPharm SI #1859 - Location 1;SI
S0002706;C001860;EuroPharmx SI #1860 - Location 1;SI
S0002707;C001861;Rewee SI #1861 - Location 1;SI
S0002708;C001861;Rewee SI #1861 - Location 2;SI
S0002709;C001862;Carrefouk SI #1862 - Location 1;SI
S0002710;C001862;Carrefouk SI #1862 - Location 2;SI
S0002711;C001862;Carrefouk SI #1862 - Location 3;SI
S0002712;C001863;Intermarche SI #1863 - Location 1;SI
S0002713;C001864;Intermarche SI #1864 - Location 1;SI
S0002714;C001865;Rewee SI #1865 - Location 1;SI
S0002715;C001865;Rewee SI #1865 - Location 2;SI
S0002716;C001866;Tesko SI #1866 - Location 1;SI
S0002717;C001867;Sparr SI #1867 - Location 1;SI
S0002718;C001868;Aldii SI #1868 - Location 1;SI
S0002719;C001869;Auchon SI #1869 - Location 1;SI
S0002720;C001869;Auchon SI #1869 - Location 2;SI
S0002721;C001870;Aldii SI #1870 - Location 1;SI
S0002722;C001870;Aldii SI #1870 - Location 2;SI
S0002723;C001870;Aldii SI #1870 - Location 3;SI
S0002724;C001871;Intermarche SI #1871 - Location 1;SI
S0002725;C001872;Edekae SI #1872 - Location 1;SI
S0002726;C001873;Lidll SI #1873 - Location 1;SI
S0002727;C001874;Carrefouk SI #1874 - Location 1;SI
S0002728;C001875;Lidll SI #1875 - Location 1;SI
S0002729;C001876;Decatlon SI #1876 - Location 1;SI
S0002730;C001876;Decatlon SI #1876 - Location 2;SI
S0002731;C001877;SportDirekt SI #1877 - Location 1;SI
S0002732;C001878;SportDirekt SI #1878 - Location 1;SI
S0002733;C001879;Decatlon SI #1879 - Location 1;SI
S0002734;C001879;Decatlon SI #1879 - Location 2;SI
S0002735;C001879;Decatlon SI #1879 - Location 3;SI
S0002736;C001880;SportDirekt SI #1880 - Location 1;SI
S0002737;C001880;SportDirekt SI #1880 - Location 2;SI
S0002738;C001881;ProSport SI #1881 - Location 1;SI
S0002739;C001882;VitaBox ES Online #1882 - Location 1;ES
S0002740;C001883;NutriHub ES Online #1883 - Location 1;ES
S0002741;C001884;NutriHub ES Online #1884 - Location 1;ES
S0002742;C001884;NutriHub ES Online #1884 - Location 2;ES
S0002743;C001885;WellKart ES Online #1885 - Location 1;ES
S0002744;C001885;WellKart ES Online #1885 - Location 2;ES
S0002745;C001885;WellKart ES Online #1885 - Location 3;ES
S0002746;C001886;GymMart ES Online #1886 - Location 1;ES
S0002747;C001887;WellKart ES Online #1887 - Location 1;ES
S0002748;C001888;ZenBasket ES Online #1888 - Location 1;ES
S0002749;C001889;VitaBox ES Online #1889 - Location 1;ES
S0002750;C001890;GymMart ES Online #1890 - Location 1;ES
S0002751;C001891;WellKart ES Online #1891 - Location 1;ES
S0002752;C001891;WellKart ES Online #1891 - Location 2;ES
S0002753;C001891;WellKart ES Online #1891 - Location 3;ES
S0002754;C001892;FitNest ES Online #1892 - Location 1;ES
S0002755;C001893;VitaBox ES Online #1893 - Location 1;ES
S0002756;C001894;FitNest ES Online #1894 - Location 1;ES
S0002757;C001895;FitNest ES Online #1895 - Location 1;ES
S0002758;C001896;GymMart ES Online #1896 - Location 1;ES
S0002759;C001897;WellKart ES Online #1897 - Location 1;ES
S0002760;C001898;GymMart ES Online #1898 - Location 1;ES
S0002761;C001899;PrimeFuel ES Online #1899 - Location 1;ES
S0002762;C001899;PrimeFuel ES Online #1899 - Location 2;ES
S0002763;C001900;GymMart ES Online #1900 - Location 1;ES
S0002764;C001901;ZenBasket ES Online #1901 - Location 1;ES
S0002765;C001901;ZenBasket ES Online #1901 - Location 2;ES
S0002766;C001901;ZenBasket ES Online #1901 - Location 3;ES
S0002767;C001902;WellKart ES Online #1902 - Location 1;ES
S0002768;C001902;WellKart ES Online #1902 - Location 2;ES
S0002769;C001903;WellKart ES Online #1903 - Location 1;ES
S0002770;C001904;NutriHub ES Online #1904 - Location 1;ES
S0002771;C001904;NutriHub ES Online #1904 - Location 2;ES
S0002772;C001905;PrimeFuel ES Online #1905 - Location 1;ES
S0002773;C001906;ZenBasket ES Online #1906 - Location 1;ES
S0002774;C001906;ZenBasket ES Online #1906 - Location 2;ES
S0002775;C001906;ZenBasket ES Online #1906 - Location 3;ES
S0002776;C001907;VitaBox ES Online #1907 - Location 1;ES
S0002777;C001908;VitaBox ES Online #1908 - Location 1;ES
S0002778;C001908;VitaBox ES Online #1908 - Location 2;ES
S0002779;C001909;PrimeFuel ES Online #1909 - Location 1;ES
S0002780;C001910;NutriHub ES Online #1910 - Location 1;ES
S0002781;C001910;NutriHub ES Online #1910 - Location 2;ES
S0002782;C001911;PulseMarket ES Online #1911 - Location 1;ES
S0002783;C001911;PulseMarket ES Online #1911 - Location 2;ES
S0002784;C001912;NutriHub ES Online #1912 - Location 1;ES
S0002785;C001912;NutriHub ES Online #1912 - Location 2;ES
S0002786;C001912;NutriHub ES Online #1912 - Location 3;ES
S0002787;C001913;ZenBasket ES Online #1913 - Location 1;ES
S0002788;C001914;EuroPharmx ES #1914 - Location 1;ES
S0002789;C001915;CarePharm ES #1915 - Location 1;ES
S0002790;C001916;CarePharm ES #1916 - Location 1;ES
S0002791;C001917;VitaCare ES #1917 - Location 1;ES
S0002792;C001917;VitaCare ES #1917 - Location 2;ES
S0002793;C001918;MediKore ES #1918 - Location 1;ES
S0002794;C001919;VitaCare ES #1919 - Location 1;ES
S0002795;C001919;VitaCare ES #1919 - Location 2;ES
S0002796;C001920;MediKore ES #1920 - Location 1;ES
S0002797;C001920;MediKore ES #1920 - Location 2;ES
S0002798;C001920;MediKore ES #1920 - Location 3;ES
S0002799;C001921;MediKore ES #1921 - Location 1;ES
S0002800;C001921;MediKore ES #1921 - Location 2;ES
S0002801;C001922;CarePharm ES #1922 - Location 1;ES
S0002802;C001923;CarePharm ES #1923 - Location 1;ES
S0002803;C001924;CarePharm ES #1924 - Location 1;ES
S0002804;C001925;PharmaPluz ES #1925 - Location 1;ES
S0002805;C001926;NutriPharm ES #1926 - Location 1;ES
S0002806;C001927;VitaCare ES #1927 - Location 1;ES
S0002807;C001927;VitaCare ES #1927 - Location 2;ES
S0002808;C001928;Tesko ES #1928 - Location 1;ES
S0002809;C001928;Tesko ES #1928 - Location 2;ES
S0002810;C001928;Tesko ES #1928 - Location 3;ES
S0002811;C001929;Auchon ES #1929 - Location 1;ES
S0002812;C001930;Aldii ES #1930 - Location 1;ES
S0002813;C001931;Rewee ES #1931 - Location 1;ES
S0002814;C001932;Aldii ES #1932 - Location 1;ES
S0002815;C001933;Lidll ES #1933 - Location 1;ES
S0002816;C001934;Lidll ES #1934 - Location 1;ES
S0002817;C001935;Carrefouk ES #1935 - Location 1;ES
S0002818;C001935;Carrefouk ES #1935 - Location 2;ES
S0002819;C001936;Decatlon ES #1936 - Location 1;ES
S0002820;C001937;Intersportt ES #1937 - Location 1;ES
S0002821;C001938;Decathlonn ES #1938 - Location 1;ES
S0002822;C001938;Decathlonn ES #1938 - Location 2;ES
S0002823;C001939;AthletiX ES #1939 - Location 1;ES
S0002824;C001940;AthletiX ES #1940 - Location 1;ES
S0002825;C001941;FitZone ES #1941 - Location 1;ES
S0002826;C001942;SportDirekt ES #1942 - Location 1;ES
S0002827;C001943;Intersportt ES #1943 - Location 1;ES
S0002828;C001943;Intersportt ES #1943 - Location 2;ES
S0002829;C001944;PulseMarket SE Online #1944 - Location 1;SE
S0002830;C001945;NutriHub SE Online #1945 - Location 1;SE
S0002831;C001946;FitNest SE Online #1946 - Location 1;SE
S0002832;C001946;FitNest SE Online #1946 - Location 2;SE
S0002833;C001947;FitNest SE Online #1947 - Location 1;SE
S0002834;C001948;VitaBox SE Online #1948 - Location 1;SE
S0002835;C001949;VitaBox SE Online #1949 - Location 1;SE
S0002836;C001949;VitaBox SE Online #1949 - Location 2;SE
S0002837;C001949;VitaBox SE Online #1949 - Location 3;SE
S0002838;C001950;PulseMarket SE Online #1950 - Location 1;SE
S0002839;C001951;MediKore SE #1951 - Location 1;SE
S0002840;C001951;MediKore SE #1951 - Location 2;SE
S0002841;C001952;PharmaPluz SE #1952 - Location 1;SE
S0002842;C001953;CarePharm SE #1953 - Location 1;SE
S0002843;C001954;HealthPoint SE #1954 - Location 1;SE
S0002844;C001955;NutriPharm SE #1955 - Location 1;SE
S0002845;C001955;NutriPharm SE #1955 - Location 2;SE
S0002846;C001955;NutriPharm SE #1955 - Location 3;SE
S0002847;C001956;PharmaPluz SE #1956 - Location 1;SE
S0002848;C001956;PharmaPluz SE #1956 - Location 2;SE
S0002849;C001956;PharmaPluz SE #1956 - Location 3;SE
S0002850;C001957;Aldii SE #1957 - Location 1;SE
S0002851;C001957;Aldii SE #1957 - Location 2;SE
S0002852;C001958;Lidll SE #1958 - Location 1;SE
S0002853;C001958;Lidll SE #1958 - Location 2;SE
S0002854;C001959;Auchon SE #1959 - Location 1;SE
S0002855;C001959;Auchon SE #1959 - Location 2;SE
S0002856;C001960;Tesko SE #1960 - Location 1;SE
S0002857;C001961;Sparr SE #1961 - Location 1;SE
S0002858;C001961;Sparr SE #1961 - Location 2;SE
S0002859;C001961;Sparr SE #1961 - Location 3;SE
S0002860;C001962;Intermarche SE #1962 - Location 1;SE
S0002861;C001963;Carrefouk SE #1963 - Location 1;SE
S0002862;C001964;Sparr SE #1964 - Location 1;SE
S0002863;C001965;Sparr SE #1965 - Location 1;SE
S0002864;C001966;Rewee SE #1966 - Location 1;SE
S0002865;C001967;Carrefouk SE #1967 - Location 1;SE
S0002866;C001968;Carrefouk SE #1968 - Location 1;SE
S0002867;C001969;Intermarche SE #1969 - Location 1;SE
S0002868;C001970;Intermarche SE #1970 - Location 1;SE
S0002869;C001970;Intermarche SE #1970 - Location 2;SE
S0002870;C001971;Aldii SE #1971 - Location 1;SE
S0002871;C001971;Aldii SE #1971 - Location 2;SE
S0002872;C001972;Aldii SE #1972 - Location 1;SE
S0002873;C001973;Rewee SE #1973 - Location 1;SE
S0002874;C001973;Rewee SE #1973 - Location 2;SE
S0002875;C001974;Edekae SE #1974 - Location 1;SE
S0002876;C001975;Lidll SE #1975 - Location 1;SE
S0002877;C001975;Lidll SE #1975 - Location 2;SE
S0002878;C001976;Lidll SE #1976 - Location 1;SE
S0002879;C001977;Carrefouk SE #1977 - Location 1;SE
S0002880;C001978;ProSport SE #1978 - Location 1;SE
S0002881;C001978;ProSport SE #1978 - Location 2;SE
S0002882;C001978;ProSport SE #1978 - Location 3;SE
S0002883;C001979;Decathlonn SE #1979 - Location 1;SE
S0002884;C001979;Decathlonn SE #1979 - Location 2;SE
S0002885;C001980;FitZone SE #1980 - Location 1;SE
S0002886;C001981;Decathlonn SE #1981 - Location 1;SE
S0002887;C001982;ProSport SE #1982 - Location 1;SE
S0002888;C001983;AthletiX SE #1983 - Location 1;SE
S0002889;C001984;Intersportt SE #1984 - Location 1;SE
S0002890;C001984;Intersportt SE #1984 - Location 2;SE
S0002891;C001985;AthletiX SE #1985 - Location 1;SE
S0002892;C001986;SportDirekt SE #1986 - Location 1;SE
S0002893;C001986;SportDirekt SE #1986 - Location 2;SE
S0002894;C001987;PulseMarket AT Online #1987 - Location 1;AT
S0002895;C001988;PulseMarket AT Online #1988 - Location 1;AT
S0002896;C001989;FitNest AT Online #1989 - Location 1;AT
S0002897;C001989;FitNest AT Online #1989 - Location 2;AT
S0002898;C001989;FitNest AT Online #1989 - Location 3;AT
S0002899;C001990;FitNest AT Online #1990 - Location 1;AT
S0002900;C001991;ZenBasket AT Online #1991 - Location 1;AT
S0002901;C001992;NutriHub AT Online #1992 - Location 1;AT
S0002902;C001993;FitNest AT Online #1993 - Location 1;AT
S0002903;C001993;FitNest AT Online #1993 - Location 2;AT
S0002904;C001994;PrimeFuel AT Online #1994 - Location 1;AT
S0002905;C001995;FitNest AT Online #1995 - Location 1;AT
S0002906;C001996;NutriHub AT Online #1996 - Location 1;AT
S0002907;C001996;NutriHub AT Online #1996 - Location 2;AT
S0002908;C001997;VitaBox AT Online #1997 - Location 1;AT
S0002909;C001998;VitaCare AT #1998 - Location 1;AT
S0002910;C001999;PharmaPluz AT #1999 - Location 1;AT
S0002911;C001999;PharmaPluz AT #1999 - Location 2;AT
S0002912;C002000;VitaCare AT #2000 - Location 1;AT
S0002913;C002001;NutriPharm AT #2001 - Location 1;AT
S0002914;C002001;NutriPharm AT #2001 - Location 2;AT
S0002915;C002002;VitaCare AT #2002 - Location 1;AT
S0002916;C002003;VitaCare AT #2003 - Location 1;AT
S0002917;C002003;VitaCare AT #2003 - Location 2;AT
S0002918;C002004;CarePharm AT #2004 - Location 1;AT
S0002919;C002005;Sparr AT #2005 - Location 1;AT
S0002920;C002005;Sparr AT #2005 - Location 2;AT
S0002921;C002006;Aldii AT #2006 - Location 1;AT
S0002922;C002007;Rewee AT #2007 - Location 1;AT
S0002923;C002007;Rewee AT #2007 - Location 2;AT
S0002924;C002008;Sparr AT #2008 - Location 1;AT
S0002925;C002008;Sparr AT #2008 - Location 2;AT
S0002926;C002008;Sparr AT #2008 - Location 3;AT
S0002927;C002009;Edekae AT #2009 - Location 1;AT
S0002928;C002010;Carrefouk AT #2010 - Location 1;AT
S0002929;C002010;Carrefouk AT #2010 - Location 2;AT
S0002930;C002010;Carrefouk AT #2010 - Location 3;AT
S0002931;C002011;Carrefouk AT #2011 - Location 1;AT
S0002932;C002011;Carrefouk AT #2011 - Location 2;AT
S0002933;C002011;Carrefouk AT #2011 - Location 3;AT
S0002934;C002012;Intermarche AT #2012 - Location 1;AT
S0002935;C002013;Carrefouk AT #2013 - Location 1;AT
S0002936;C002014;Sparr AT #2014 - Location 1;AT
S0002937;C002014;Sparr AT #2014 - Location 2;AT
S0002938;C002015;Rewee AT #2015 - Location 1;AT
S0002939;C002016;Aldii AT #2016 - Location 1;AT
S0002940;C002017;Sparr AT #2017 - Location 1;AT
S0002941;C002017;Sparr AT #2017 - Location 2;AT
S0002942;C002018;Intermarche AT #2018 - Location 1;AT
S0002943;C002019;Tesko AT #2019 - Location 1;AT
S0002944;C002020;Carrefouk AT #2020 - Location 1;AT
S0002945;C002020;Carrefouk AT #2020 - Location 2;AT
S0002946;C002021;Auchon AT #2021 - Location 1;AT
S0002947;C002022;Auchon AT #2022 - Location 1;AT
S0002948;C002022;Auchon AT #2022 - Location 2;AT
S0002949;C002022;Auchon AT #2022 - Location 3;AT
S0002950;C002023;Tesko AT #2023 - Location 1;AT
S0002951;C002024;Aldii AT #2024 - Location 1;AT
S0002952;C002024;Aldii AT #2024 - Location 2;AT
S0002953;C002024;Aldii AT #2024 - Location 3;AT
S0002954;C002025;Sparr AT #2025 - Location 1;AT
S0002955;C002025;Sparr AT #2025 - Location 2;AT
S0002956;C002025;Sparr AT #2025 - Location 3;AT
S0002957;C002026;Intermarche AT #2026 - Location 1;AT
S0002958;C002026;Intermarche AT #2026 - Location 2;AT
S0002959;C002026;Intermarche AT #2026 - Location 3;AT
S0002960;C002027;Auchon AT #2027 - Location 1;AT
S0002961;C002027;Auchon AT #2027 - Location 2;AT
S0002962;C002028;Rewee AT #2028 - Location 1;AT
S0002963;C002029;Sparr AT #2029 - Location 1;AT
S0002964;C002029;Sparr AT #2029 - Location 2;AT
S0002965;C002029;Sparr AT #2029 - Location 3;AT
S0002966;C002030;AthletiX AT #2030 - Location 1;AT
S0002967;C002031;ProSport AT #2031 - Location 1;AT
S0002968;C002032;AthletiX AT #2032 - Location 1;AT
S0002969;C002033;ProSport AT #2033 - Location 1;AT
S0002970;C002034;SportDirekt AT #2034 - Location 1;AT
S0002971;C002035;Intersportt AT #2035 - Location 1;AT
S0002972;C002035;Intersportt AT #2035 - Location 2;AT
S0002973;C002036;AthletiX AT #2036 - Location 1;AT
S0002974;C002036;AthletiX AT #2036 - Location 2;AT
S0002975;C002036;AthletiX AT #2036 - Location 3;AT
S0002976;C002037;ProSport AT #2037 - Location 1;AT
S0002977;C002037;ProSport AT #2037 - Location 2;AT
S0002978;C002037;ProSport AT #2037 - Location 3;AT
S0002979;C002038;SportDirekt AT #2038 - Location 1;AT
S0002980;C002039;FitZone AT #2039 - Location 1;AT
S0002981;C002040;Decatlon AT #2040 - Location 1;AT
S0002982;C002040;Decatlon AT #2040 - Location 2;AT
S0002983;C002041;FitNest BE Online #2041 - Location 1;BE
S0002984;C002042;VitaBox BE Online #2042 - Location 1;BE
S0002985;C002043;PrimeFuel BE Online #2043 - Location 1;BE
S0002986;C002043;PrimeFuel BE Online #2043 - Location 2;BE
S0002987;C002043;PrimeFuel BE Online #2043 - Location 3;BE
S0002988;C002044;ZenBasket BE Online #2044 - Location 1;BE
S0002989;C002044;ZenBasket BE Online #2044 - Location 2;BE
S0002990;C002045;VitaBox BE Online #2045 - Location 1;BE
S0002991;C002046;FitNest BE Online #2046 - Location 1;BE
S0002992;C002046;FitNest BE Online #2046 - Location 2;BE
S0002993;C002047;PulseMarket BE Online #2047 - Location 1;BE
S0002994;C002048;WellKart BE Online #2048 - Location 1;BE
S0002995;C002049;VitaBox BE Online #2049 - Location 1;BE
S0002996;C002050;ZenBasket BE Online #2050 - Location 1;BE
S0002997;C002050;ZenBasket BE Online #2050 - Location 2;BE
S0002998;C002050;ZenBasket BE Online #2050 - Location 3;BE
S0002999;C002051;PrimeFuel BE Online #2051 - Location 1;BE
S0003000;C002051;PrimeFuel BE Online #2051 - Location 2;BE
S0003001;C002052;PharmaPluz BE #2052 - Location 1;BE
S0003002;C002052;PharmaPluz BE #2052 - Location 2;BE
S0003003;C002052;PharmaPluz BE #2052 - Location 3;BE
S0003004;C002053;PharmaPluz BE #2053 - Location 1;BE
S0003005;C002054;PharmaPluz BE #2054 - Location 1;BE
S0003006;C002055;HealthPoint BE #2055 - Location 1;BE
S0003007;C002056;HealthPoint BE #2056 - Location 1;BE
S0003008;C002057;CarePharm BE #2057 - Location 1;BE
S0003009;C002058;PharmaPluz BE #2058 - Location 1;BE
S0003010;C002059;Sparr BE #2059 - Location 1;BE
S0003011;C002059;Sparr BE #2059 - Location 2;BE
S0003012;C002060;Lidll BE #2060 - Location 1;BE
S0003013;C002060;Lidll BE #2060 - Location 2;BE
S0003014;C002060;Lidll BE #2060 - Location 3;BE
S0003015;C002061;Edekae BE #2061 - Location 1;BE
S0003016;C002061;Edekae BE #2061 - Location 2;BE
S0003017;C002062;Edekae BE #2062 - Location 1;BE
S0003018;C002063;Edekae BE #2063 - Location 1;BE
S0003019;C002063;Edekae BE #2063 - Location 2;BE
S0003020;C002064;Sparr BE #2064 - Location 1;BE
S0003021;C002065;Intermarche BE #2065 - Location 1;BE
S0003022;C002066;Sparr BE #2066 - Location 1;BE
S0003023;C002067;Intermarche BE #2067 - Location 1;BE
S0003024;C002067;Intermarche BE #2067 - Location 2;BE
S0003025;C002068;Edekae BE #2068 - Location 1;BE
S0003026;C002069;Aldii BE #2069 - Location 1;BE
S0003027;C002070;Lidll BE #2070 - Location 1;BE
S0003028;C002071;Aldii BE #2071 - Location 1;BE
S0003029;C002071;Aldii BE #2071 - Location 2;BE
S0003030;C002072;Carrefouk BE #2072 - Location 1;BE
S0003031;C002073;Sparr BE #2073 - Location 1;BE
S0003032;C002074;Aldii BE #2074 - Location 1;BE
S0003033;C002075;Lidll BE #2075 - Location 1;BE
S0003034;C002076;Intermarche BE #2076 - Location 1;BE
S0003035;C002077;Carrefouk BE #2077 - Location 1;BE
S0003036;C002077;Carrefouk BE #2077 - Location 2;BE
S0003037;C002078;Tesko BE #2078 - Location 1;BE
S0003038;C002079;Carrefouk BE #2079 - Location 1;BE
S0003039;C002080;Edekae BE #2080 - Location 1;BE
S0003040;C002081;Auchon BE #2081 - Location 1;BE
S0003041;C002082;Auchon BE #2082 - Location 1;BE
S0003042;C002082;Auchon BE #2082 - Location 2;BE
S0003043;C002083;Edekae BE #2083 - Location 1;BE
S0003044;C002084;Intersportt BE #2084 - Location 1;BE
S0003045;C002085;Decatlon BE #2085 - Location 1;BE
S0003046;C002086;AthletiX BE #2086 - Location 1;BE
S0003047;C002087;Decatlon BE #2087 - Location 1;BE
S0003048;C002087;Decatlon BE #2087 - Location 2;BE
S0003049;C002088;Decathlonn BE #2088 - Location 1;BE
S0003050;C002088;Decathlonn BE #2088 - Location 2;BE
S0003051;C002088;Decathlonn BE #2088 - Location 3;BE
S0003052;C002089;Decatlon BE #2089 - Location 1;BE
S0003053;C002089;Decatlon BE #2089 - Location 2;BE
S0003054;C002089;Decatlon BE #2089 - Location 3;BE
S0003055;C002090;Decathlonn BE #2090 - Location 1;BE
S0003056;C002090;Decathlonn BE #2090 - Location 2;BE
S0003057;C002090;Decathlonn BE #2090 - Location 3;BE
S0003058;C002091;Decatlon BE #2091 - Location 1;BE
S0003059;C002092;ProSport BE #2092 - Location 1;BE
S0003060;C002092;ProSport BE #2092 - Location 2;BE
S0003061;C002093;Decathlonn BE #2093 - Location 1;BE
S0003062;C002093;Decathlonn BE #2093 - Location 2;BE
S0003063;C002094;ProSport BE #2094 - Location 1;BE
S0003064;C002095;PrimeFuel BG Online #2095 - Location 1;BG
S0003065;C002096;NutriHub BG Online #2096 - Location 1;BG
S0003066;C002096;NutriHub BG Online #2096 - Location 2;BG
S0003067;C002097;PrimeFuel BG Online #2097 - Location 1;BG
S0003068;C002098;ZenBasket BG Online #2098 - Location 1;BG
S0003069;C002099;WellKart BG Online #2099 - Location 1;BG
S0003070;C002100;FitNest BG Online #2100 - Location 1;BG
S0003071;C002101;PrimeFuel BG Online #2101 - Location 1;BG
S0003072;C002102;GymMart BG Online #2102 - Location 1;BG
S0003073;C002103;VitaBox BG Online #2103 - Location 1;BG
S0003074;C002104;ZenBasket BG Online #2104 - Location 1;BG
S0003075;C002105;WellKart BG Online #2105 - Location 1;BG
S0003076;C002106;GymMart BG Online #2106 - Location 1;BG
S0003077;C002107;EuroPharmx BG #2107 - Location 1;BG
S0003078;C002108;MediKore BG #2108 - Location 1;BG
S0003079;C002109;CarePharm BG #2109 - Location 1;BG
S0003080;C002110;CarePharm BG #2110 - Location 1;BG
S0003081;C002110;CarePharm BG #2110 - Location 2;BG
S0003082;C002111;PharmaPluz BG #2111 - Location 1;BG
S0003083;C002112;VitaCare BG #2112 - Location 1;BG
S0003084;C002113;CarePharm BG #2113 - Location 1;BG
S0003085;C002114;Tesko BG #2114 - Location 1;BG
S0003086;C002115;Auchon BG #2115 - Location 1;BG
S0003087;C002116;Edekae BG #2116 - Location 1;BG
S0003088;C002116;Edekae BG #2116 - Location 2;BG
S0003089;C002116;Edekae BG #2116 - Location 3;BG
S0003090;C002117;Rewee BG #2117 - Location 1;BG
S0003091;C002118;Auchon BG #2118 - Location 1;BG
S0003092;C002119;Edekae BG #2119 - Location 1;BG
S0003093;C002120;Sparr BG #2120 - Location 1;BG
S0003094;C002121;Edekae BG #2121 - Location 1;BG
S0003095;C002122;Intermarche BG #2122 - Location 1;BG
S0003096;C002122;Intermarche BG #2122 - Location 2;BG
S0003097;C002123;Tesko BG #2123 - Location 1;BG
S0003098;C002123;Tesko BG #2123 - Location 2;BG
S0003099;C002124;Sparr BG #2124 - Location 1;BG
S0003100;C002125;Tesko BG #2125 - Location 1;BG
S0003101;C002125;Tesko BG #2125 - Location 2;BG
S0003102;C002126;Aldii BG #2126 - Location 1;BG
S0003103;C002126;Aldii BG #2126 - Location 2;BG
S0003104;C002127;Aldii BG #2127 - Location 1;BG
S0003105;C002127;Aldii BG #2127 - Location 2;BG
S0003106;C002128;Sparr BG #2128 - Location 1;BG
S0003107;C002129;Lidll BG #2129 - Location 1;BG
S0003108;C002130;Aldii BG #2130 - Location 1;BG
S0003109;C002130;Aldii BG #2130 - Location 2;BG
S0003110;C002130;Aldii BG #2130 - Location 3;BG
S0003111;C002131;AthletiX BG #2131 - Location 1;BG
S0003112;C002131;AthletiX BG #2131 - Location 2;BG
S0003113;C002132;SportDirekt BG #2132 - Location 1;BG
S0003114;C002133;FitZone BG #2133 - Location 1;BG
S0003115;C002133;FitZone BG #2133 - Location 2;BG
S0003116;C002133;FitZone BG #2133 - Location 3;BG
S0003117;C002134;Decathlonn BG #2134 - Location 1;BG
S0003118;C002135;Decatlon BG #2135 - Location 1;BG
S0003119;C002136;Decathlonn BG #2136 - Location 1;BG
S0003120;C002136;Decathlonn BG #2136 - Location 2;BG
S0003121;C002137;Decathlonn BG #2137 - Location 1;BG
S0003122;C002137;Decathlonn BG #2137 - Location 2;BG
S0003123;C002138;PulseMarket HR Online #2138 - Location 1;HR
S0003124;C002139;NutriHub HR Online #2139 - Location 1;HR
S0003125;C002140;NutriHub HR Online #2140 - Location 1;HR
S0003126;C002141;PulseMarket HR Online #2141 - Location 1;HR
S0003127;C002142;PrimeFuel HR Online #2142 - Location 1;HR
S0003128;C002143;PulseMarket HR Online #2143 - Location 1;HR
S0003129;C002143;PulseMarket HR Online #2143 - Location 2;HR
S0003130;C002144;FitNest HR Online #2144 - Location 1;HR
S0003131;C002144;FitNest HR Online #2144 - Location 2;HR
S0003132;C002144;FitNest HR Online #2144 - Location 3;HR
S0003133;C002145;FitNest HR Online #2145 - Location 1;HR
S0003134;C002146;PulseMarket HR Online #2146 - Location 1;HR
S0003135;C002147;NutriHub HR Online #2147 - Location 1;HR
S0003136;C002148;FitNest HR Online #2148 - Location 1;HR
S0003137;C002148;FitNest HR Online #2148 - Location 2;HR
S0003138;C002148;FitNest HR Online #2148 - Location 3;HR
S0003139;C002149;PrimeFuel HR Online #2149 - Location 1;HR
S0003140;C002150;MediKore HR #2150 - Location 1;HR
S0003141;C002151;EuroPharmx HR #2151 - Location 1;HR
S0003142;C002151;EuroPharmx HR #2151 - Location 2;HR
S0003143;C002152;VitaCare HR #2152 - Location 1;HR
S0003144;C002152;VitaCare HR #2152 - Location 2;HR
S0003145;C002152;VitaCare HR #2152 - Location 3;HR
S0003146;C002153;PharmaPluz HR #2153 - Location 1;HR
S0003147;C002153;PharmaPluz HR #2153 - Location 2;HR
S0003148;C002153;PharmaPluz HR #2153 - Location 3;HR
S0003149;C002154;CarePharm HR #2154 - Location 1;HR
S0003150;C002155;MediKore HR #2155 - Location 1;HR
S0003151;C002156;HealthPoint HR #2156 - Location 1;HR
S0003152;C002157;Sparr HR #2157 - Location 1;HR
S0003153;C002157;Sparr HR #2157 - Location 2;HR
S0003154;C002158;Tesko HR #2158 - Location 1;HR
S0003155;C002159;Aldii HR #2159 - Location 1;HR
S0003156;C002160;Aldii HR #2160 - Location 1;HR
S0003157;C002161;Carrefouk HR #2161 - Location 1;HR
S0003158;C002162;Sparr HR #2162 - Location 1;HR
S0003159;C002163;Carrefouk HR #2163 - Location 1;HR
S0003160;C002163;Carrefouk HR #2163 - Location 2;HR
S0003161;C002163;Carrefouk HR #2163 - Location 3;HR
S0003162;C002164;Rewee HR #2164 - Location 1;HR
S0003163;C002165;Aldii HR #2165 - Location 1;HR
S0003164;C002166;Rewee HR #2166 - Location 1;HR
S0003165;C002167;Rewee HR #2167 - Location 1;HR
S0003166;C002168;Auchon HR #2168 - Location 1;HR
S0003167;C002168;Auchon HR #2168 - Location 2;HR
S0003168;C002169;Aldii HR #2169 - Location 1;HR
S0003169;C002169;Aldii HR #2169 - Location 2;HR
S0003170;C002170;Rewee HR #2170 - Location 1;HR
S0003171;C002171;Aldii HR #2171 - Location 1;HR
S0003172;C002172;Auchon HR #2172 - Location 1;HR
S0003173;C002173;Lidll HR #2173 - Location 1;HR
S0003174;C002173;Lidll HR #2173 - Location 2;HR
S0003175;C002174;AthletiX HR #2174 - Location 1;HR
S0003176;C002174;AthletiX HR #2174 - Location 2;HR
S0003177;C002175;Intersportt HR #2175 - Location 1;HR
S0003178;C002176;AthletiX HR #2176 - Location 1;HR
S0003179;C002176;AthletiX HR #2176 - Location 2;HR
S0003180;C002177;FitZone HR #2177 - Location 1;HR
S0003181;C002178;Decatlon HR #2178 - Location 1;HR
S0003182;C002179;Decatlon HR #2179 - Location 1;HR
S0003183;C002180;Decathlonn HR #2180 - Location 1;HR
S0003184;C002181;ZenBasket CY Online #2181 - Location 1;CY
S0003185;C002182;GymMart CY Online #2182 - Location 1;CY
S0003186;C002182;GymMart CY Online #2182 - Location 2;CY
S0003187;C002183;WellKart CY Online #2183 - Location 1;CY
S0003188;C002184;NutriHub CY Online #2184 - Location 1;CY
S0003189;C002185;WellKart CY Online #2185 - Location 1;CY
S0003190;C002186;WellKart CY Online #2186 - Location 1;CY
S0003191;C002187;NutriHub CY Online #2187 - Location 1;CY
S0003192;C002188;ZenBasket CY Online #2188 - Location 1;CY
S0003193;C002189;WellKart CY Online #2189 - Location 1;CY
S0003194;C002190;PrimeFuel CY Online #2190 - Location 1;CY
S0003195;C002191;ZenBasket CY Online #2191 - Location 1;CY
S0003196;C002192;PrimeFuel CY Online #2192 - Location 1;CY
S0003197;C002192;PrimeFuel CY Online #2192 - Location 2;CY
S0003198;C002193;VitaBox CY Online #2193 - Location 1;CY
S0003199;C002194;GymMart CY Online #2194 - Location 1;CY
S0003200;C002195;VitaBox CY Online #2195 - Location 1;CY
S0003201;C002196;PulseMarket CY Online #2196 - Location 1;CY
S0003202;C002197;VitaBox CY Online #2197 - Location 1;CY
S0003203;C002198;FitNest CY Online #2198 - Location 1;CY
S0003204;C002199;ZenBasket CY Online #2199 - Location 1;CY
S0003205;C002200;NutriHub CY Online #2200 - Location 1;CY
S0003206;C002200;NutriHub CY Online #2200 - Location 2;CY
S0003207;C002200;NutriHub CY Online #2200 - Location 3;CY
S0003208;C002201;PulseMarket CY Online #2201 - Location 1;CY
S0003209;C002202;VitaBox CY Online #2202 - Location 1;CY
S0003210;C002202;VitaBox CY Online #2202 - Location 2;CY
S0003211;C002203;ZenBasket CY Online #2203 - Location 1;CY
S0003212;C002203;ZenBasket CY Online #2203 - Location 2;CY
S0003213;C002203;ZenBasket CY Online #2203 - Location 3;CY
S0003214;C002204;NutriHub CY Online #2204 - Location 1;CY
S0003215;C002205;PulseMarket CY Online #2205 - Location 1;CY
S0003216;C002205;PulseMarket CY Online #2205 - Location 2;CY
S0003217;C002206;CarePharm CY #2206 - Location 1;CY
S0003218;C002206;CarePharm CY #2206 - Location 2;CY
S0003219;C002206;CarePharm CY #2206 - Location 3;CY
S0003220;C002207;NutriPharm CY #2207 - Location 1;CY
S0003221;C002208;CarePharm CY #2208 - Location 1;CY
S0003222;C002209;EuroPharmx CY #2209 - Location 1;CY
S0003223;C002210;MediKore CY #2210 - Location 1;CY
S0003224;C002210;MediKore CY #2210 - Location 2;CY
S0003225;C002210;MediKore CY #2210 - Location 3;CY
S0003226;C002211;PharmaPluz CY #2211 - Location 1;CY
S0003227;C002212;PharmaPluz CY #2212 - Location 1;CY
S0003228;C002213;NutriPharm CY #2213 - Location 1;CY
S0003229;C002213;NutriPharm CY #2213 - Location 2;CY
S0003230;C002214;VitaCare CY #2214 - Location 1;CY
S0003231;C002215;Auchon CY #2215 - Location 1;CY
S0003232;C002216;Sparr CY #2216 - Location 1;CY
S0003233;C002217;Auchon CY #2217 - Location 1;CY
S0003234;C002218;Edekae CY #2218 - Location 1;CY
S0003235;C002219;Decathlonn CY #2219 - Location 1;CY
S0003236;C002220;ProSport CY #2220 - Location 1;CY
S0003237;C002221;Intersportt CY #2221 - Location 1;CY
S0003238;C002221;Intersportt CY #2221 - Location 2;CY
S0003239;C002222;FitZone CY #2222 - Location 1;CY
S0003240;C002223;Decatlon CY #2223 - Location 1;CY
S0003241;C002223;Decatlon CY #2223 - Location 2;CY
S0003242;C002223;Decatlon CY #2223 - Location 3;CY
S0003243;C002224;ZenBasket CZ Online #2224 - Location 1;CZ
S0003244;C002224;ZenBasket CZ Online #2224 - Location 2;CZ
S0003245;C002224;ZenBasket CZ Online #2224 - Location 3;CZ
S0003246;C002225;NutriHub CZ Online #2225 - Location 1;CZ
S0003247;C002226;FitNest CZ Online #2226 - Location 1;CZ
S0003248;C002227;GymMart CZ Online #2227 - Location 1;CZ
S0003249;C002228;GymMart CZ Online #2228 - Location 1;CZ
S0003250;C002229;PrimeFuel CZ Online #2229 - Location 1;CZ
S0003251;C002229;PrimeFuel CZ Online #2229 - Location 2;CZ
S0003252;C002230;ZenBasket CZ Online #2230 - Location 1;CZ
S0003253;C002231;PrimeFuel CZ Online #2231 - Location 1;CZ
S0003254;C002232;PulseMarket CZ Online #2232 - Location 1;CZ
S0003255;C002233;NutriHub CZ Online #2233 - Location 1;CZ
S0003256;C002233;NutriHub CZ Online #2233 - Location 2;CZ
S0003257;C002234;PrimeFuel CZ Online #2234 - Location 1;CZ
S0003258;C002235;NutriHub CZ Online #2235 - Location 1;CZ
S0003259;C002235;NutriHub CZ Online #2235 - Location 2;CZ
S0003260;C002236;CarePharm CZ #2236 - Location 1;CZ
S0003261;C002236;CarePharm CZ #2236 - Location 2;CZ
S0003262;C002237;PharmaPluz CZ #2237 - Location 1;CZ
S0003263;C002237;PharmaPluz CZ #2237 - Location 2;CZ
S0003264;C002237;PharmaPluz CZ #2237 - Location 3;CZ
S0003265;C002238;PharmaPluz CZ #2238 - Location 1;CZ
S0003266;C002239;MediKore CZ #2239 - Location 1;CZ
S0003267;C002240;VitaCare CZ #2240 - Location 1;CZ
S0003268;C002241;HealthPoint CZ #2241 - Location 1;CZ
S0003269;C002241;HealthPoint CZ #2241 - Location 2;CZ
S0003270;C002242;HealthPoint CZ #2242 - Location 1;CZ
S0003271;C002243;Auchon CZ #2243 - Location 1;CZ
S0003272;C002243;Auchon CZ #2243 - Location 2;CZ
S0003273;C002244;Edekae CZ #2244 - Location 1;CZ
S0003274;C002245;Carrefouk CZ #2245 - Location 1;CZ
S0003275;C002246;Aldii CZ #2246 - Location 1;CZ
S0003276;C002247;Intermarche CZ #2247 - Location 1;CZ
S0003277;C002248;Tesko CZ #2248 - Location 1;CZ
S0003278;C002249;Rewee CZ #2249 - Location 1;CZ
S0003279;C002249;Rewee CZ #2249 - Location 2;CZ
S0003280;C002250;Sparr CZ #2250 - Location 1;CZ
S0003281;C002251;Rewee CZ #2251 - Location 1;CZ
S0003282;C002251;Rewee CZ #2251 - Location 2;CZ
S0003283;C002252;Edekae CZ #2252 - Location 1;CZ
S0003284;C002252;Edekae CZ #2252 - Location 2;CZ
S0003285;C002253;Aldii CZ #2253 - Location 1;CZ
S0003286;C002253;Aldii CZ #2253 - Location 2;CZ
S0003287;C002253;Aldii CZ #2253 - Location 3;CZ
S0003288;C002254;Carrefouk CZ #2254 - Location 1;CZ
S0003289;C002255;Aldii CZ #2255 - Location 1;CZ
S0003290;C002256;Auchon CZ #2256 - Location 1;CZ
S0003291;C002256;Auchon CZ #2256 - Location 2;CZ
S0003292;C002257;Edekae CZ #2257 - Location 1;CZ
S0003293;C002258;Edekae CZ #2258 - Location 1;CZ
S0003294;C002259;Auchon CZ #2259 - Location 1;CZ
S0003295;C002260;Intersportt CZ #2260 - Location 1;CZ
S0003296;C002260;Intersportt CZ #2260 - Location 2;CZ
S0003297;C002261;SportDirekt CZ #2261 - Location 1;CZ
S0003298;C002262;Intersportt CZ #2262 - Location 1;CZ
S0003299;C002262;Intersportt CZ #2262 - Location 2;CZ
S0003300;C002263;Intersportt CZ #2263 - Location 1;CZ
S0003301;C002264;Decatlon CZ #2264 - Location 1;CZ
S0003302;C002265;ProSport CZ #2265 - Location 1;CZ
S0003303;C002265;ProSport CZ #2265 - Location 2;CZ
S0003304;C002266;Decatlon CZ #2266 - Location 1;CZ
S0003305;C002267;WellKart DK Online #2267 - Location 1;DK
S0003306;C002267;WellKart DK Online #2267 - Location 2;DK
S0003307;C002268;PrimeFuel DK Online #2268 - Location 1;DK
S0003308;C002269;PulseMarket DK Online #2269 - Location 1;DK
S0003309;C002270;PrimeFuel DK Online #2270 - Location 1;DK
S0003310;C002271;WellKart DK Online #2271 - Location 1;DK
S0003311;C002272;GymMart DK Online #2272 - Location 1;DK
S0003312;C002273;VitaBox DK Online #2273 - Location 1;DK
S0003313;C002274;GymMart DK Online #2274 - Location 1;DK
S0003314;C002275;PulseMarket DK Online #2275 - Location 1;DK
S0003315;C002276;VitaCare DK #2276 - Location 1;DK
S0003316;C002276;VitaCare DK #2276 - Location 2;DK
S0003317;C002276;VitaCare DK #2276 - Location 3;DK
S0003318;C002277;CarePharm DK #2277 - Location 1;DK
S0003319;C002278;CarePharm DK #2278 - Location 1;DK
S0003320;C002279;PharmaPluz DK #2279 - Location 1;DK
S0003321;C002280;EuroPharmx DK #2280 - Location 1;DK
S0003322;C002280;EuroPharmx DK #2280 - Location 2;DK
S0003323;C002281;MediKore DK #2281 - Location 1;DK
S0003324;C002282;Aldii DK #2282 - Location 1;DK
S0003325;C002282;Aldii DK #2282 - Location 2;DK
S0003326;C002283;Edekae DK #2283 - Location 1;DK
S0003327;C002283;Edekae DK #2283 - Location 2;DK
S0003328;C002284;Edekae DK #2284 - Location 1;DK
S0003329;C002285;Lidll DK #2285 - Location 1;DK
S0003330;C002286;Tesko DK #2286 - Location 1;DK
S0003331;C002287;Aldii DK #2287 - Location 1;DK
S0003332;C002288;Lidll DK #2288 - Location 1;DK
S0003333;C002289;Tesko DK #2289 - Location 1;DK
S0003334;C002290;Carrefouk DK #2290 - Location 1;DK
S0003335;C002290;Carrefouk DK #2290 - Location 2;DK
S0003336;C002290;Carrefouk DK #2290 - Location 3;DK
S0003337;C002291;Aldii DK #2291 - Location 1;DK
S0003338;C002292;Intermarche DK #2292 - Location 1;DK
S0003339;C002292;Intermarche DK #2292 - Location 2;DK
S0003340;C002293;Lidll DK #2293 - Location 1;DK
S0003341;C002293;Lidll DK #2293 - Location 2;DK
S0003342;C002294;Rewee DK #2294 - Location 1;DK
S0003343;C002294;Rewee DK #2294 - Location 2;DK
S0003344;C002294;Rewee DK #2294 - Location 3;DK
S0003345;C002295;Intermarche DK #2295 - Location 1;DK
S0003346;C002296;Edekae DK #2296 - Location 1;DK
S0003347;C002297;Edekae DK #2297 - Location 1;DK
S0003348;C002298;Intermarche DK #2298 - Location 1;DK
S0003349;C002299;Edekae DK #2299 - Location 1;DK
S0003350;C002300;Intermarche DK #2300 - Location 1;DK
S0003351;C002300;Intermarche DK #2300 - Location 2;DK
S0003352;C002301;Aldii DK #2301 - Location 1;DK
S0003353;C002301;Aldii DK #2301 - Location 2;DK
S0003354;C002302;Decatlon DK #2302 - Location 1;DK
S0003355;C002303;FitZone DK #2303 - Location 1;DK
S0003356;C002303;FitZone DK #2303 - Location 2;DK
S0003357;C002304;SportDirekt DK #2304 - Location 1;DK
S0003358;C002305;Decatlon DK #2305 - Location 1;DK
S0003359;C002306;Decatlon DK #2306 - Location 1;DK
S0003360;C002306;Decatlon DK #2306 - Location 2;DK
S0003361;C002307;FitZone DK #2307 - Location 1;DK
S0003362;C002308;Decathlonn DK #2308 - Location 1;DK
S0003363;C002309;SportDirekt DK #2309 - Location 1;DK
S0003364;C002309;SportDirekt DK #2309 - Location 2;DK
S0003365;C002310;Decatlon DK #2310 - Location 1;DK
S0003366;C002311;WellKart EE Online #2311 - Location 1;EE
S0003367;C002312;NutriHub EE Online #2312 - Location 1;EE
S0003368;C002313;PulseMarket EE Online #2313 - Location 1;EE
S0003369;C002314;ZenBasket EE Online #2314 - Location 1;EE
S0003370;C002315;PulseMarket EE Online #2315 - Location 1;EE
S0003371;C002316;NutriHub EE Online #2316 - Location 1;EE
S0003372;C002316;NutriHub EE Online #2316 - Location 2;EE
S0003373;C002316;NutriHub EE Online #2316 - Location 3;EE
S0003374;C002317;FitNest EE Online #2317 - Location 1;EE
S0003375;C002318;WellKart EE Online #2318 - Location 1;EE
S0003376;C002318;WellKart EE Online #2318 - Location 2;EE
S0003377;C002319;NutriHub EE Online #2319 - Location 1;EE
S0003378;C002320;VitaCare EE #2320 - Location 1;EE
S0003379;C002321;HealthPoint EE #2321 - Location 1;EE
S0003380;C002322;EuroPharmx EE #2322 - Location 1;EE
S0003381;C002323;NutriPharm EE #2323 - Location 1;EE
S0003382;C002324;HealthPoint EE #2324 - Location 1;EE
S0003383;C002324;HealthPoint EE #2324 - Location 2;EE
S0003384;C002325;MediKore EE #2325 - Location 1;EE
S0003385;C002326;Intermarche EE #2326 - Location 1;EE
S0003386;C002327;Edekae EE #2327 - Location 1;EE
S0003387;C002328;Auchon EE #2328 - Location 1;EE
S0003388;C002328;Auchon EE #2328 - Location 2;EE
S0003389;C002329;Tesko EE #2329 - Location 1;EE
S0003390;C002329;Tesko EE #2329 - Location 2;EE
S0003391;C002330;Auchon EE #2330 - Location 1;EE
S0003392;C002331;Intermarche EE #2331 - Location 1;EE
S0003393;C002331;Intermarche EE #2331 - Location 2;EE
S0003394;C002331;Intermarche EE #2331 - Location 3;EE
S0003395;C002332;Tesko EE #2332 - Location 1;EE
S0003396;C002333;Intermarche EE #2333 - Location 1;EE
S0003397;C002334;Lidll EE #2334 - Location 1;EE
S0003398;C002335;Edekae EE #2335 - Location 1;EE
S0003399;C002336;Edekae EE #2336 - Location 1;EE
S0003400;C002337;Intermarche EE #2337 - Location 1;EE
S0003401;C002338;Tesko EE #2338 - Location 1;EE
S0003402;C002339;Sparr EE #2339 - Location 1;EE
S0003403;C002340;Rewee EE #2340 - Location 1;EE
S0003404;C002340;Rewee EE #2340 - Location 2;EE
S0003405;C002340;Rewee EE #2340 - Location 3;EE
S0003406;C002341;Carrefouk EE #2341 - Location 1;EE
S0003407;C002342;Auchon EE #2342 - Location 1;EE
S0003408;C002343;Auchon EE #2343 - Location 1;EE
S0003409;C002343;Auchon EE #2343 - Location 2;EE
S0003410;C002344;Sparr EE #2344 - Location 1;EE
S0003411;C002345;Tesko EE #2345 - Location 1;EE
S0003412;C002346;Intersportt EE #2346 - Location 1;EE
S0003413;C002346;Intersportt EE #2346 - Location 2;EE
S0003414;C002347;FitZone EE #2347 - Location 1;EE
S0003415;C002347;FitZone EE #2347 - Location 2;EE
S0003416;C002347;FitZone EE #2347 - Location 3;EE
S0003417;C002348;FitZone EE #2348 - Location 1;EE
S0003418;C002349;FitZone EE #2349 - Location 1;EE
S0003419;C002349;FitZone EE #2349 - Location 2;EE
S0003420;C002350;ProSport EE #2350 - Location 1;EE
S0003421;C002350;ProSport EE #2350 - Location 2;EE
S0003422;C002351;FitZone EE #2351 - Location 1;EE
S0003423;C002352;FitZone EE #2352 - Location 1;EE
S0003424;C002353;Intersportt EE #2353 - Location 1;EE
S0003425;C002353;Intersportt EE #2353 - Location 2;EE
S0003426;C002353;Intersportt EE #2353 - Location 3;EE
S0003427;C002354;SportDirekt EE #2354 - Location 1;EE
S0003428;C002355;VitaBox FI Online #2355 - Location 1;FI
S0003429;C002356;VitaBox FI Online #2356 - Location 1;FI
S0003430;C002356;VitaBox FI Online #2356 - Location 2;FI
S0003431;C002356;VitaBox FI Online #2356 - Location 3;FI
S0003432;C002357;VitaBox FI Online #2357 - Location 1;FI
S0003433;C002357;VitaBox FI Online #2357 - Location 2;FI
S0003434;C002357;VitaBox FI Online #2357 - Location 3;FI
S0003435;C002358;FitNest FI Online #2358 - Location 1;FI
S0003436;C002358;FitNest FI Online #2358 - Location 2;FI
S0003437;C002359;FitNest FI Online #2359 - Location 1;FI
S0003438;C002360;GymMart FI Online #2360 - Location 1;FI
S0003439;C002360;GymMart FI Online #2360 - Location 2;FI
S0003440;C002360;GymMart FI Online #2360 - Location 3;FI
S0003441;C002361;ZenBasket FI Online #2361 - Location 1;FI
S0003442;C002361;ZenBasket FI Online #2361 - Location 2;FI
S0003443;C002362;VitaBox FI Online #2362 - Location 1;FI
S0003444;C002363;FitNest FI Online #2363 - Location 1;FI
S0003445;C002364;HealthPoint FI #2364 - Location 1;FI
S0003446;C002365;HealthPoint FI #2365 - Location 1;FI
S0003447;C002365;HealthPoint FI #2365 - Location 2;FI
S0003448;C002366;PharmaPluz FI #2366 - Location 1;FI
S0003449;C002366;PharmaPluz FI #2366 - Location 2;FI
S0003450;C002367;PharmaPluz FI #2367 - Location 1;FI
S0003451;C002367;PharmaPluz FI #2367 - Location 2;FI
S0003452;C002368;MediKore FI #2368 - Location 1;FI
S0003453;C002369;PharmaPluz FI #2369 - Location 1;FI
S0003454;C002370;Carrefouk FI #2370 - Location 1;FI
S0003455;C002370;Carrefouk FI #2370 - Location 2;FI
S0003456;C002370;Carrefouk FI #2370 - Location 3;FI
S0003457;C002371;Carrefouk FI #2371 - Location 1;FI
S0003458;C002371;Carrefouk FI #2371 - Location 2;FI
S0003459;C002372;Rewee FI #2372 - Location 1;FI
S0003460;C002372;Rewee FI #2372 - Location 2;FI
S0003461;C002372;Rewee FI #2372 - Location 3;FI
S0003462;C002373;Aldii FI #2373 - Location 1;FI
S0003463;C002373;Aldii FI #2373 - Location 2;FI
S0003464;C002373;Aldii FI #2373 - Location 3;FI
S0003465;C002374;Sparr FI #2374 - Location 1;FI
S0003466;C002375;Sparr FI #2375 - Location 1;FI
S0003467;C002376;Rewee FI #2376 - Location 1;FI
S0003468;C002376;Rewee FI #2376 - Location 2;FI
S0003469;C002377;Edekae FI #2377 - Location 1;FI
S0003470;C002378;Intermarche FI #2378 - Location 1;FI
S0003471;C002378;Intermarche FI #2378 - Location 2;FI
S0003472;C002379;Auchon FI #2379 - Location 1;FI
S0003473;C002379;Auchon FI #2379 - Location 2;FI
S0003474;C002380;Sparr FI #2380 - Location 1;FI
S0003475;C002381;Aldii FI #2381 - Location 1;FI
S0003476;C002382;Auchon FI #2382 - Location 1;FI
S0003477;C002383;Rewee FI #2383 - Location 1;FI
S0003478;C002384;Rewee FI #2384 - Location 1;FI
S0003479;C002385;Carrefouk FI #2385 - Location 1;FI
S0003480;C002385;Carrefouk FI #2385 - Location 2;FI
S0003481;C002386;Rewee FI #2386 - Location 1;FI
S0003482;C002386;Rewee FI #2386 - Location 2;FI
S0003483;C002387;Rewee FI #2387 - Location 1;FI
S0003484;C002388;Carrefouk FI #2388 - Location 1;FI
S0003485;C002388;Carrefouk FI #2388 - Location 2;FI
S0003486;C002389;Edekae FI #2389 - Location 1;FI
S0003487;C002390;FitZone FI #2390 - Location 1;FI
S0003488;C002391;ProSport FI #2391 - Location 1;FI
S0003489;C002391;ProSport FI #2391 - Location 2;FI
S0003490;C002392;ProSport FI #2392 - Location 1;FI
S0003491;C002392;ProSport FI #2392 - Location 2;FI
S0003492;C002393;Decathlonn FI #2393 - Location 1;FI
S0003493;C002393;Decathlonn FI #2393 - Location 2;FI
S0003494;C002393;Decathlonn FI #2393 - Location 3;FI
S0003495;C002394;Intersportt FI #2394 - Location 1;FI
S0003496;C002394;Intersportt FI #2394 - Location 2;FI
S0003497;C002395;FitZone FI #2395 - Location 1;FI
S0003498;C002396;AthletiX FI #2396 - Location 1;FI
S0003499;C002397;SportDirekt FI #2397 - Location 1;FI
S0003500;C002398;FitZone FI #2398 - Location 1;FI
S0003501;C002399;PrimeFuel FR Online #2399 - Location 1;FR
S0003502;C002399;PrimeFuel FR Online #2399 - Location 2;FR
S0003503;C002400;ZenBasket FR Online #2400 - Location 1;FR
S0003504;C002400;ZenBasket FR Online #2400 - Location 2;FR
S0003505;C002400;ZenBasket FR Online #2400 - Location 3;FR
S0003506;C002401;VitaBox FR Online #2401 - Location 1;FR
S0003507;C002402;ZenBasket FR Online #2402 - Location 1;FR
S0003508;C002403;GymMart FR Online #2403 - Location 1;FR
S0003509;C002404;FitNest FR Online #2404 - Location 1;FR
S0003510;C002405;NutriHub FR Online #2405 - Location 1;FR
S0003511;C002406;GymMart FR Online #2406 - Location 1;FR
S0003512;C002406;GymMart FR Online #2406 - Location 2;FR
S0003513;C002407;WellKart FR Online #2407 - Location 1;FR
S0003514;C002408;PulseMarket FR Online #2408 - Location 1;FR
S0003515;C002409;ZenBasket FR Online #2409 - Location 1;FR
S0003516;C002409;ZenBasket FR Online #2409 - Location 2;FR
S0003517;C002410;GymMart FR Online #2410 - Location 1;FR
S0003518;C002411;GymMart FR Online #2411 - Location 1;FR
S0003519;C002412;VitaBox FR Online #2412 - Location 1;FR
S0003520;C002413;NutriHub FR Online #2413 - Location 1;FR
S0003521;C002414;PrimeFuel FR Online #2414 - Location 1;FR
S0003522;C002415;ZenBasket FR Online #2415 - Location 1;FR
S0003523;C002415;ZenBasket FR Online #2415 - Location 2;FR
S0003524;C002416;GymMart FR Online #2416 - Location 1;FR
S0003525;C002416;GymMart FR Online #2416 - Location 2;FR
S0003526;C002417;ZenBasket FR Online #2417 - Location 1;FR
S0003527;C002418;VitaBox FR Online #2418 - Location 1;FR
S0003528;C002419;WellKart FR Online #2419 - Location 1;FR
S0003529;C002419;WellKart FR Online #2419 - Location 2;FR
S0003530;C002420;WellKart FR Online #2420 - Location 1;FR
S0003531;C002421;GymMart FR Online #2421 - Location 1;FR
S0003532;C002421;GymMart FR Online #2421 - Location 2;FR
S0003533;C002422;GymMart FR Online #2422 - Location 1;FR
S0003534;C002423;PrimeFuel FR Online #2423 - Location 1;FR
S0003535;C002424;VitaBox FR Online #2424 - Location 1;FR
S0003536;C002425;NutriPharm FR #2425 - Location 1;FR
S0003537;C002426;VitaCare FR #2426 - Location 1;FR
S0003538;C002426;VitaCare FR #2426 - Location 2;FR
S0003539;C002427;VitaCare FR #2427 - Location 1;FR
S0003540;C002428;EuroPharmx FR #2428 - Location 1;FR
S0003541;C002428;EuroPharmx FR #2428 - Location 2;FR
S0003542;C002429;NutriPharm FR #2429 - Location 1;FR
S0003543;C002429;NutriPharm FR #2429 - Location 2;FR
S0003544;C002429;NutriPharm FR #2429 - Location 3;FR
S0003545;C002430;PharmaPluz FR #2430 - Location 1;FR
S0003546;C002430;PharmaPluz FR #2430 - Location 2;FR
S0003547;C002430;PharmaPluz FR #2430 - Location 3;FR
S0003548;C002431;PharmaPluz FR #2431 - Location 1;FR
S0003549;C002432;PharmaPluz FR #2432 - Location 1;FR
S0003550;C002433;EuroPharmx FR #2433 - Location 1;FR
S0003551;C002434;CarePharm FR #2434 - Location 1;FR
S0003552;C002435;MediKore FR #2435 - Location 1;FR
S0003553;C002436;NutriPharm FR #2436 - Location 1;FR
S0003554;C002436;NutriPharm FR #2436 - Location 2;FR
S0003555;C002437;Edekae FR #2437 - Location 1;FR
S0003556;C002438;Intermarche FR #2438 - Location 1;FR
S0003557;C002439;Rewee FR #2439 - Location 1;FR
S0003558;C002440;Auchon FR #2440 - Location 1;FR
S0003559;C002440;Auchon FR #2440 - Location 2;FR
S0003560;C002440;Auchon FR #2440 - Location 3;FR
S0003561;C002441;Intermarche FR #2441 - Location 1;FR
S0003562;C002441;Intermarche FR #2441 - Location 2;FR
S0003563;C002441;Intermarche FR #2441 - Location 3;FR
S0003564;C002442;Aldii FR #2442 - Location 1;FR
S0003565;C002442;Aldii FR #2442 - Location 2;FR
S0003566;C002443;Auchon FR #2443 - Location 1;FR
S0003567;C002444;Aldii FR #2444 - Location 1;FR
S0003568;C002445;Tesko FR #2445 - Location 1;FR
S0003569;C002445;Tesko FR #2445 - Location 2;FR
S0003570;C002446;Sparr FR #2446 - Location 1;FR
S0003571;C002447;Intermarche FR #2447 - Location 1;FR
S0003572;C002448;Tesko FR #2448 - Location 1;FR
S0003573;C002448;Tesko FR #2448 - Location 2;FR
S0003574;C002449;Carrefouk FR #2449 - Location 1;FR
S0003575;C002449;Carrefouk FR #2449 - Location 2;FR
S0003576;C002450;Sparr FR #2450 - Location 1;FR
S0003577;C002451;Rewee FR #2451 - Location 1;FR
S0003578;C002452;Edekae FR #2452 - Location 1;FR
S0003579;C002453;Edekae FR #2453 - Location 1;FR
S0003580;C002454;Lidll FR #2454 - Location 1;FR
S0003581;C002455;Intermarche FR #2455 - Location 1;FR
S0003582;C002456;Sparr FR #2456 - Location 1;FR
S0003583;C002457;Carrefouk FR #2457 - Location 1;FR
S0003584;C002458;Tesko FR #2458 - Location 1;FR
S0003585;C002459;Sparr FR #2459 - Location 1;FR
S0003586;C002459;Sparr FR #2459 - Location 2;FR
S0003587;C002460;Sparr FR #2460 - Location 1;FR
S0003588;C002461;Lidll FR #2461 - Location 1;FR
S0003589;C002461;Lidll FR #2461 - Location 2;FR
S0003590;C002462;FitZone FR #2462 - Location 1;FR
S0003591;C002463;AthletiX FR #2463 - Location 1;FR
S0003592;C002464;ProSport FR #2464 - Location 1;FR
S0003593;C002465;Decatlon FR #2465 - Location 1;FR
S0003594;C002466;Decatlon FR #2466 - Location 1;FR
S0003595;C002467;Decathlonn FR #2467 - Location 1;FR
S0003596;C002467;Decathlonn FR #2467 - Location 2;FR
S0003597;C002467;Decathlonn FR #2467 - Location 3;FR
S0003598;C002468;Decathlonn FR #2468 - Location 1;FR
S0003599;C002469;Decathlonn FR #2469 - Location 1;FR
S0003600;C002470;Intersportt FR #2470 - Location 1;FR
S0003601;C002470;Intersportt FR #2470 - Location 2;FR
S0003602;C002471;ProSport FR #2471 - Location 1;FR
S0003603;C002472;Decathlonn FR #2472 - Location 1;FR
S0003604;C002473;Intersportt FR #2473 - Location 1;FR
S0003605;C002474;AthletiX FR #2474 - Location 1;FR
S0003606;C002474;AthletiX FR #2474 - Location 2;FR
S0003607;C002474;AthletiX FR #2474 - Location 3;FR
S0003608;C002475;PulseMarket DE Online #2475 - Location 1;DE
S0003609;C002476;VitaBox DE Online #2476 - Location 1;DE
S0003610;C002477;PulseMarket DE Online #2477 - Location 1;DE
S0003611;C002478;NutriHub DE Online #2478 - Location 1;DE
S0003612;C002478;NutriHub DE Online #2478 - Location 2;DE
S0003613;C002479;NutriHub DE Online #2479 - Location 1;DE
S0003614;C002479;NutriHub DE Online #2479 - Location 2;DE
S0003615;C002480;FitNest DE Online #2480 - Location 1;DE
S0003616;C002481;FitNest DE Online #2481 - Location 1;DE
S0003617;C002482;GymMart DE Online #2482 - Location 1;DE
S0003618;C002483;GymMart DE Online #2483 - Location 1;DE
S0003619;C002484;NutriHub DE Online #2484 - Location 1;DE
S0003620;C002485;GymMart DE Online #2485 - Location 1;DE
S0003621;C002486;FitNest DE Online #2486 - Location 1;DE
S0003622;C002487;PulseMarket DE Online #2487 - Location 1;DE
S0003623;C002488;PrimeFuel DE Online #2488 - Location 1;DE
S0003624;C002488;PrimeFuel DE Online #2488 - Location 2;DE
S0003625;C002489;FitNest DE Online #2489 - Location 1;DE
S0003626;C002489;FitNest DE Online #2489 - Location 2;DE
S0003627;C002490;NutriPharm DE #2490 - Location 1;DE
S0003628;C002491;HealthPoint DE #2491 - Location 1;DE
S0003629;C002492;MediKore DE #2492 - Location 1;DE
S0003630;C002493;CarePharm DE #2493 - Location 1;DE
S0003631;C002494;EuroPharmx DE #2494 - Location 1;DE
S0003632;C002494;EuroPharmx DE #2494 - Location 2;DE
S0003633;C002495;EuroPharmx DE #2495 - Location 1;DE
S0003634;C002495;EuroPharmx DE #2495 - Location 2;DE
S0003635;C002495;EuroPharmx DE #2495 - Location 3;DE
S0003636;C002496;VitaCare DE #2496 - Location 1;DE
S0003637;C002496;VitaCare DE #2496 - Location 2;DE
S0003638;C002496;VitaCare DE #2496 - Location 3;DE
S0003639;C002497;NutriPharm DE #2497 - Location 1;DE
S0003640;C002498;NutriPharm DE #2498 - Location 1;DE
S0003641;C002498;NutriPharm DE #2498 - Location 2;DE
S0003642;C002499;CarePharm DE #2499 - Location 1;DE
S0003643;C002500;Intermarche DE #2500 - Location 1;DE
S0003644;C002501;Sparr DE #2501 - Location 1;DE
S0003645;C002502;Auchon DE #2502 - Location 1;DE
S0003646;C002503;Tesko DE #2503 - Location 1;DE
S0003647;C002504;Auchon DE #2504 - Location 1;DE
S0003648;C002504;Auchon DE #2504 - Location 2;DE
S0003649;C002505;Sparr DE #2505 - Location 1;DE
S0003650;C002505;Sparr DE #2505 - Location 2;DE
S0003651;C002506;Tesko DE #2506 - Location 1;DE
S0003652;C002507;Rewee DE #2507 - Location 1;DE
S0003653;C002508;Intermarche DE #2508 - Location 1;DE
S0003654;C002508;Intermarche DE #2508 - Location 2;DE
S0003655;C002509;Carrefouk DE #2509 - Location 1;DE
S0003656;C002510;Lidll DE #2510 - Location 1;DE
S0003657;C002510;Lidll DE #2510 - Location 2;DE
S0003658;C002510;Lidll DE #2510 - Location 3;DE
S0003659;C002511;Rewee DE #2511 - Location 1;DE
S0003660;C002512;Lidll DE #2512 - Location 1;DE
S0003661;C002513;Carrefouk DE #2513 - Location 1;DE
S0003662;C002514;Auchon DE #2514 - Location 1;DE
S0003663;C002515;Auchon DE #2515 - Location 1;DE
S0003664;C002515;Auchon DE #2515 - Location 2;DE
S0003665;C002515;Auchon DE #2515 - Location 3;DE
S0003666;C002516;Edekae DE #2516 - Location 1;DE
S0003667;C002517;Rewee DE #2517 - Location 1;DE
S0003668;C002518;Auchon DE #2518 - Location 1;DE
S0003669;C002519;Rewee DE #2519 - Location 1;DE
S0003670;C002520;Tesko DE #2520 - Location 1;DE
S0003671;C002521;Intermarche DE #2521 - Location 1;DE
S0003672;C002522;Auchon DE #2522 - Location 1;DE
S0003673;C002523;Aldii DE #2523 - Location 1;DE
S0003674;C002524;Auchon DE #2524 - Location 1;DE
S0003675;C002525;Sparr DE #2525 - Location 1;DE
S0003676;C002526;Intermarche DE #2526 - Location 1;DE
S0003677;C002527;Lidll DE #2527 - Location 1;DE
S0003678;C002528;Tesko DE #2528 - Location 1;DE
S0003679;C002529;Rewee DE #2529 - Location 1;DE
S0003680;C002530;Aldii DE #2530 - Location 1;DE
S0003681;C002531;Tesko DE #2531 - Location 1;DE
S0003682;C002531;Tesko DE #2531 - Location 2;DE
S0003683;C002532;Edekae DE #2532 - Location 1;DE
S0003684;C002533;Edekae DE #2533 - Location 1;DE
S0003685;C002533;Edekae DE #2533 - Location 2;DE
S0003686;C002534;Sparr DE #2534 - Location 1;DE
S0003687;C002535;Rewee DE #2535 - Location 1;DE
S0003688;C002536;Decatlon DE #2536 - Location 1;DE
S0003689;C002537;FitZone DE #2537 - Location 1;DE
S0003690;C002538;Decatlon DE #2538 - Location 1;DE
S0003691;C002539;AthletiX DE #2539 - Location 1;DE
S0003692;C002539;AthletiX DE #2539 - Location 2;DE
S0003693;C002540;SportDirekt DE #2540 - Location 1;DE
S0003694;C002540;SportDirekt DE #2540 - Location 2;DE
S0003695;C002540;SportDirekt DE #2540 - Location 3;DE
S0003696;C002541;Decathlonn DE #2541 - Location 1;DE
S0003697;C002542;SportDirekt DE #2542 - Location 1;DE
S0003698;C002543;ProSport DE #2543 - Location 1;DE
S0003699;C002543;ProSport DE #2543 - Location 2;DE
S0003700;C002544;SportDirekt DE #2544 - Location 1;DE
S0003701;C002544;SportDirekt DE #2544 - Location 2;DE
S0003702;C002545;AthletiX DE #2545 - Location 1;DE
S0003703;C002546;ProSport DE #2546 - Location 1;DE
S0003704;C002547;AthletiX DE #2547 - Location 1;DE
S0003705;C002547;AthletiX DE #2547 - Location 2;DE
S0003706;C002547;AthletiX DE #2547 - Location 3;DE
S0003707;C002548;AthletiX DE #2548 - Location 1;DE
S0003708;C002548;AthletiX DE #2548 - Location 2;DE
S0003709;C002549;Intersportt DE #2549 - Location 1;DE
S0003710;C002550;Decatlon DE #2550 - Location 1;DE
S0003711;C002550;Decatlon DE #2550 - Location 2;DE
S0003712;C002551;NutriHub GR Online #2551 - Location 1;GR
S0003713;C002552;NutriHub GR Online #2552 - Location 1;GR
S0003714;C002553;PulseMarket GR Online #2553 - Location 1;GR
S0003715;C002553;PulseMarket GR Online #2553 - Location 2;GR
S0003716;C002554;FitNest GR Online #2554 - Location 1;GR
S0003717;C002555;PulseMarket GR Online #2555 - Location 1;GR
S0003718;C002556;GymMart GR Online #2556 - Location 1;GR
S0003719;C002557;GymMart GR Online #2557 - Location 1;GR
S0003720;C002558;FitNest GR Online #2558 - Location 1;GR
S0003721;C002559;VitaBox GR Online #2559 - Location 1;GR
S0003722;C002559;VitaBox GR Online #2559 - Location 2;GR
S0003723;C002559;VitaBox GR Online #2559 - Location 3;GR
S0003724;C002560;FitNest GR Online #2560 - Location 1;GR
S0003725;C002561;GymMart GR Online #2561 - Location 1;GR
S0003726;C002562;NutriHub GR Online #2562 - Location 1;GR
S0003727;C002563;PulseMarket GR Online #2563 - Location 1;GR
S0003728;C002563;PulseMarket GR Online #2563 - Location 2;GR
S0003729;C002564;ZenBasket GR Online #2564 - Location 1;GR
S0003730;C002565;PulseMarket GR Online #2565 - Location 1;GR
S0003731;C002566;VitaBox GR Online #2566 - Location 1;GR
S0003732;C002567;VitaBox GR Online #2567 - Location 1;GR
S0003733;C002567;VitaBox GR Online #2567 - Location 2;GR
S0003734;C002568;VitaBox GR Online #2568 - Location 1;GR
S0003735;C002569;NutriHub GR Online #2569 - Location 1;GR
S0003736;C002570;ZenBasket GR Online #2570 - Location 1;GR
S0003737;C002571;WellKart GR Online #2571 - Location 1;GR
S0003738;C002571;WellKart GR Online #2571 - Location 2;GR
S0003739;C002572;FitNest GR Online #2572 - Location 1;GR
S0003740;C002573;NutriHub GR Online #2573 - Location 1;GR
S0003741;C002574;GymMart GR Online #2574 - Location 1;GR
S0003742;C002575;GymMart GR Online #2575 - Location 1;GR
S0003743;C002575;GymMart GR Online #2575 - Location 2;GR
S0003744;C002576;PharmaPluz GR #2576 - Location 1;GR
S0003745;C002576;PharmaPluz GR #2576 - Location 2;GR
S0003746;C002577;CarePharm GR #2577 - Location 1;GR
S0003747;C002578;CarePharm GR #2578 - Location 1;GR
S0003748;C002579;HealthPoint GR #2579 - Location 1;GR
S0003749;C002580;VitaCare GR #2580 - Location 1;GR
S0003750;C002581;VitaCare GR #2581 - Location 1;GR
S0003751;C002581;VitaCare GR #2581 - Location 2;GR
S0003752;C002582;VitaCare GR #2582 - Location 1;GR
S0003753;C002583;PharmaPluz GR #2583 - Location 1;GR
S0003754;C002584;MediKore GR #2584 - Location 1;GR
S0003755;C002585;Sparr GR #2585 - Location 1;GR
S0003756;C002586;Intermarche GR #2586 - Location 1;GR
S0003757;C002587;Intermarche GR #2587 - Location 1;GR
S0003758;C002588;Lidll GR #2588 - Location 1;GR
S0003759;C002588;Lidll GR #2588 - Location 2;GR
S0003760;C002589;FitZone GR #2589 - Location 1;GR
S0003761;C002589;FitZone GR #2589 - Location 2;GR
S0003762;C002590;FitZone GR #2590 - Location 1;GR
S0003763;C002591;SportDirekt GR #2591 - Location 1;GR
S0003764;C002592;ProSport GR #2592 - Location 1;GR
S0003765;C002593;ProSport GR #2593 - Location 1;GR
S0003766;C002593;ProSport GR #2593 - Location 2;GR
S0003767;C002594;WellKart HU Online #2594 - Location 1;HU
S0003768;C002595;PulseMarket HU Online #2595 - Location 1;HU
S0003769;C002596;PrimeFuel HU Online #2596 - Location 1;HU
S0003770;C002596;PrimeFuel HU Online #2596 - Location 2;HU
S0003771;C002597;WellKart HU Online #2597 - Location 1;HU
S0003772;C002598;VitaBox HU Online #2598 - Location 1;HU
S0003773;C002599;GymMart HU Online #2599 - Location 1;HU
S0003774;C002600;NutriHub HU Online #2600 - Location 1;HU
S0003775;C002601;WellKart HU Online #2601 - Location 1;HU
S0003776;C002602;GymMart HU Online #2602 - Location 1;HU
S0003777;C002602;GymMart HU Online #2602 - Location 2;HU
S0003778;C002603;PrimeFuel HU Online #2603 - Location 1;HU
S0003779;C002603;PrimeFuel HU Online #2603 - Location 2;HU
S0003780;C002604;WellKart HU Online #2604 - Location 1;HU
S0003781;C002605;PulseMarket HU Online #2605 - Location 1;HU
S0003782;C002605;PulseMarket HU Online #2605 - Location 2;HU
S0003783;C002606;NutriPharm HU #2606 - Location 1;HU
S0003784;C002606;NutriPharm HU #2606 - Location 2;HU
S0003785;C002607;PharmaPluz HU #2607 - Location 1;HU
S0003786;C002608;HealthPoint HU #2608 - Location 1;HU
S0003787;C002608;HealthPoint HU #2608 - Location 2;HU
S0003788;C002609;PharmaPluz HU #2609 - Location 1;HU
S0003789;C002609;PharmaPluz HU #2609 - Location 2;HU
S0003790;C002610;HealthPoint HU #2610 - Location 1;HU
S0003791;C002610;HealthPoint HU #2610 - Location 2;HU
S0003792;C002611;VitaCare HU #2611 - Location 1;HU
S0003793;C002612;VitaCare HU #2612 - Location 1;HU
S0003794;C002613;Lidll HU #2613 - Location 1;HU
S0003795;C002613;Lidll HU #2613 - Location 2;HU
S0003796;C002613;Lidll HU #2613 - Location 3;HU
S0003797;C002614;Intermarche HU #2614 - Location 1;HU
S0003798;C002615;Auchon HU #2615 - Location 1;HU
S0003799;C002616;Aldii HU #2616 - Location 1;HU
S0003800;C002617;Tesko HU #2617 - Location 1;HU
S0003801;C002618;Auchon HU #2618 - Location 1;HU
S0003802;C002618;Auchon HU #2618 - Location 2;HU
S0003803;C002619;Tesko HU #2619 - Location 1;HU
S0003804;C002619;Tesko HU #2619 - Location 2;HU
S0003805;C002620;Sparr HU #2620 - Location 1;HU
S0003806;C002621;Auchon HU #2621 - Location 1;HU
S0003807;C002621;Auchon HU #2621 - Location 2;HU
S0003808;C002621;Auchon HU #2621 - Location 3;HU
S0003809;C002622;Rewee HU #2622 - Location 1;HU
S0003810;C002623;Sparr HU #2623 - Location 1;HU
S0003811;C002624;Lidll HU #2624 - Location 1;HU
S0003812;C002625;Edekae HU #2625 - Location 1;HU
S0003813;C002626;Edekae HU #2626 - Location 1;HU
S0003814;C002627;Lidll HU #2627 - Location 1;HU
S0003815;C002627;Lidll HU #2627 - Location 2;HU
S0003816;C002628;Edekae HU #2628 - Location 1;HU
S0003817;C002629;Auchon HU #2629 - Location 1;HU
S0003818;C002630;ProSport HU #2630 - Location 1;HU
S0003819;C002631;ProSport HU #2631 - Location 1;HU
S0003820;C002631;ProSport HU #2631 - Location 2;HU
S0003821;C002632;SportDirekt HU #2632 - Location 1;HU
S0003822;C002633;Intersportt HU #2633 - Location 1;HU
S0003823;C002633;Intersportt HU #2633 - Location 2;HU
S0003824;C002634;ProSport HU #2634 - Location 1;HU
S0003825;C002635;Decatlon HU #2635 - Location 1;HU
S0003826;C002636;AthletiX HU #2636 - Location 1;HU
S0003827;C002636;AthletiX HU #2636 - Location 2;HU
S0003828;C002636;AthletiX HU #2636 - Location 3;HU
S0003829;C002637;GymMart IE Online #2637 - Location 1;IE
S0003830;C002638;ZenBasket IE Online #2638 - Location 1;IE
S0003831;C002638;ZenBasket IE Online #2638 - Location 2;IE
S0003832;C002638;ZenBasket IE Online #2638 - Location 3;IE
S0003833;C002639;PulseMarket IE Online #2639 - Location 1;IE
S0003834;C002639;PulseMarket IE Online #2639 - Location 2;IE
S0003835;C002640;GymMart IE Online #2640 - Location 1;IE
S0003836;C002640;GymMart IE Online #2640 - Location 2;IE
S0003837;C002641;WellKart IE Online #2641 - Location 1;IE
S0003838;C002641;WellKart IE Online #2641 - Location 2;IE
S0003839;C002642;WellKart IE Online #2642 - Location 1;IE
S0003840;C002643;GymMart IE Online #2643 - Location 1;IE
S0003841;C002644;PrimeFuel IE Online #2644 - Location 1;IE
S0003842;C002645;GymMart IE Online #2645 - Location 1;IE
S0003843;C002645;GymMart IE Online #2645 - Location 2;IE
S0003844;C002646;PharmaPluz IE #2646 - Location 1;IE
S0003845;C002646;PharmaPluz IE #2646 - Location 2;IE
S0003846;C002647;PharmaPluz IE #2647 - Location 1;IE
S0003847;C002647;PharmaPluz IE #2647 - Location 2;IE
S0003848;C002648;HealthPoint IE #2648 - Location 1;IE
S0003849;C002649;PharmaPluz IE #2649 - Location 1;IE
S0003850;C002650;HealthPoint IE #2650 - Location 1;IE
S0003851;C002650;HealthPoint IE #2650 - Location 2;IE
S0003852;C002651;EuroPharmx IE #2651 - Location 1;IE
S0003853;C002651;EuroPharmx IE #2651 - Location 2;IE
S0003854;C002652;Aldii IE #2652 - Location 1;IE
S0003855;C002652;Aldii IE #2652 - Location 2;IE
S0003856;C002653;Auchon IE #2653 - Location 1;IE
S0003857;C002653;Auchon IE #2653 - Location 2;IE
S0003858;C002654;Aldii IE #2654 - Location 1;IE
S0003859;C002655;Edekae IE #2655 - Location 1;IE
S0003860;C002656;Carrefouk IE #2656 - Location 1;IE
S0003861;C002657;Aldii IE #2657 - Location 1;IE
S0003862;C002658;Edekae IE #2658 - Location 1;IE
S0003863;C002659;Aldii IE #2659 - Location 1;IE
S0003864;C002659;Aldii IE #2659 - Location 2;IE
S0003865;C002660;Edekae IE #2660 - Location 1;IE
S0003866;C002661;Lidll IE #2661 - Location 1;IE
S0003867;C002662;Intermarche IE #2662 - Location 1;IE
S0003868;C002663;Carrefouk IE #2663 - Location 1;IE
S0003869;C002664;Edekae IE #2664 - Location 1;IE
S0003870;C002665;Edekae IE #2665 - Location 1;IE
S0003871;C002666;Auchon IE #2666 - Location 1;IE
S0003872;C002667;Sparr IE #2667 - Location 1;IE
S0003873;C002668;Auchon IE #2668 - Location 1;IE
S0003874;C002668;Auchon IE #2668 - Location 2;IE
S0003875;C002668;Auchon IE #2668 - Location 3;IE
S0003876;C002669;Lidll IE #2669 - Location 1;IE
S0003877;C002669;Lidll IE #2669 - Location 2;IE
S0003878;C002669;Lidll IE #2669 - Location 3;IE
S0003879;C002670;Auchon IE #2670 - Location 1;IE
S0003880;C002671;Rewee IE #2671 - Location 1;IE
S0003881;C002671;Rewee IE #2671 - Location 2;IE
S0003882;C002671;Rewee IE #2671 - Location 3;IE
S0003883;C002672;AthletiX IE #2672 - Location 1;IE
S0003884;C002672;AthletiX IE #2672 - Location 2;IE
S0003885;C002672;AthletiX IE #2672 - Location 3;IE
S0003886;C002673;ProSport IE #2673 - Location 1;IE
S0003887;C002673;ProSport IE #2673 - Location 2;IE
S0003888;C002673;ProSport IE #2673 - Location 3;IE
S0003889;C002674;ProSport IE #2674 - Location 1;IE
S0003890;C002675;ProSport IE #2675 - Location 1;IE
S0003891;C002676;ProSport IE #2676 - Location 1;IE
S0003892;C002676;ProSport IE #2676 - Location 2;IE
S0003893;C002677;SportDirekt IE #2677 - Location 1;IE
S0003894;C002678;Decatlon IE #2678 - Location 1;IE
S0003895;C002678;Decatlon IE #2678 - Location 2;IE
S0003896;C002679;FitZone IE #2679 - Location 1;IE
S0003897;C002679;FitZone IE #2679 - Location 2;IE
S0003898;C002680;Intersportt IE #2680 - Location 1;IE
S0003899;C002681;NutriHub IT Online #2681 - Location 1;IT
S0003900;C002681;NutriHub IT Online #2681 - Location 2;IT
S0003901;C002682;ZenBasket IT Online #2682 - Location 1;IT
S0003902;C002683;GymMart IT Online #2683 - Location 1;IT
S0003903;C002683;GymMart IT Online #2683 - Location 2;IT
S0003904;C002683;GymMart IT Online #2683 - Location 3;IT
S0003905;C002684;FitNest IT Online #2684 - Location 1;IT
S0003906;C002685;NutriHub IT Online #2685 - Location 1;IT
S0003907;C002685;NutriHub IT Online #2685 - Location 2;IT
S0003908;C002686;ZenBasket IT Online #2686 - Location 1;IT
S0003909;C002686;ZenBasket IT Online #2686 - Location 2;IT
S0003910;C002687;PulseMarket IT Online #2687 - Location 1;IT
S0003911;C002688;GymMart IT Online #2688 - Location 1;IT
S0003912;C002688;GymMart IT Online #2688 - Location 2;IT
S0003913;C002689;NutriHub IT Online #2689 - Location 1;IT
S0003914;C002690;NutriHub IT Online #2690 - Location 1;IT
S0003915;C002691;NutriHub IT Online #2691 - Location 1;IT
S0003916;C002691;NutriHub IT Online #2691 - Location 2;IT
S0003917;C002692;ZenBasket IT Online #2692 - Location 1;IT
S0003918;C002693;PulseMarket IT Online #2693 - Location 1;IT
S0003919;C002694;NutriHub IT Online #2694 - Location 1;IT
S0003920;C002695;NutriHub IT Online #2695 - Location 1;IT
S0003921;C002695;NutriHub IT Online #2695 - Location 2;IT
S0003922;C002696;GymMart IT Online #2696 - Location 1;IT
S0003923;C002697;PulseMarket IT Online #2697 - Location 1;IT
S0003924;C002697;PulseMarket IT Online #2697 - Location 2;IT
S0003925;C002698;VitaBox IT Online #2698 - Location 1;IT
S0003926;C002698;VitaBox IT Online #2698 - Location 2;IT
S0003927;C002699;FitNest IT Online #2699 - Location 1;IT
S0003928;C002699;FitNest IT Online #2699 - Location 2;IT
S0003929;C002700;WellKart IT Online #2700 - Location 1;IT
S0003930;C002700;WellKart IT Online #2700 - Location 2;IT
S0003931;C002700;WellKart IT Online #2700 - Location 3;IT
S0003932;C002701;ZenBasket IT Online #2701 - Location 1;IT
S0003933;C002702;PulseMarket IT Online #2702 - Location 1;IT
S0003934;C002702;PulseMarket IT Online #2702 - Location 2;IT
S0003935;C002703;NutriHub IT Online #2703 - Location 1;IT
S0003936;C002703;NutriHub IT Online #2703 - Location 2;IT
S0003937;C002704;PulseMarket IT Online #2704 - Location 1;IT
S0003938;C002705;WellKart IT Online #2705 - Location 1;IT
S0003939;C002706;PrimeFuel IT Online #2706 - Location 1;IT
S0003940;C002707;WellKart IT Online #2707 - Location 1;IT
S0003941;C002708;WellKart IT Online #2708 - Location 1;IT
S0003942;C002709;FitNest IT Online #2709 - Location 1;IT
S0003943;C002710;FitNest IT Online #2710 - Location 1;IT
S0003944;C002711;ZenBasket IT Online #2711 - Location 1;IT
S0003945;C002712;FitNest IT Online #2712 - Location 1;IT
S0003946;C002713;PrimeFuel IT Online #2713 - Location 1;IT
S0003947;C002714;PulseMarket IT Online #2714 - Location 1;IT
S0003948;C002715;WellKart IT Online #2715 - Location 1;IT
S0003949;C002716;VitaBox IT Online #2716 - Location 1;IT
S0003950;C002717;VitaBox IT Online #2717 - Location 1;IT
S0003951;C002718;WellKart IT Online #2718 - Location 1;IT
S0003952;C002719;WellKart IT Online #2719 - Location 1;IT
S0003953;C002719;WellKart IT Online #2719 - Location 2;IT
S0003954;C002719;WellKart IT Online #2719 - Location 3;IT
S0003955;C002720;PrimeFuel IT Online #2720 - Location 1;IT
S0003956;C002721;FitNest IT Online #2721 - Location 1;IT
S0003957;C002721;FitNest IT Online #2721 - Location 2;IT
S0003958;C002721;FitNest IT Online #2721 - Location 3;IT
S0003959;C002722;FitNest IT Online #2722 - Location 1;IT
S0003960;C002723;NutriHub IT Online #2723 - Location 1;IT
S0003961;C002723;NutriHub IT Online #2723 - Location 2;IT
S0003962;C002723;NutriHub IT Online #2723 - Location 3;IT
S0003963;C002724;FitNest IT Online #2724 - Location 1;IT
S0003964;C002725;CarePharm IT #2725 - Location 1;IT
S0003965;C002726;VitaCare IT #2726 - Location 1;IT
S0003966;C002726;VitaCare IT #2726 - Location 2;IT
S0003967;C002727;PharmaPluz IT #2727 - Location 1;IT
S0003968;C002728;EuroPharmx IT #2728 - Location 1;IT
S0003969;C002728;EuroPharmx IT #2728 - Location 2;IT
S0003970;C002729;VitaCare IT #2729 - Location 1;IT
S0003971;C002730;EuroPharmx IT #2730 - Location 1;IT
S0003972;C002731;HealthPoint IT #2731 - Location 1;IT
S0003973;C002732;HealthPoint IT #2732 - Location 1;IT
S0003974;C002732;HealthPoint IT #2732 - Location 2;IT
S0003975;C002733;PharmaPluz IT #2733 - Location 1;IT
S0003976;C002733;PharmaPluz IT #2733 - Location 2;IT
S0003977;C002734;NutriPharm IT #2734 - Location 1;IT
S0003978;C002734;NutriPharm IT #2734 - Location 2;IT
S0003979;C002735;NutriPharm IT #2735 - Location 1;IT
S0003980;C002736;CarePharm IT #2736 - Location 1;IT
S0003981;C002737;VitaCare IT #2737 - Location 1;IT
S0003982;C002738;VitaCare IT #2738 - Location 1;IT
S0003983;C002738;VitaCare IT #2738 - Location 2;IT
S0003984;C002738;VitaCare IT #2738 - Location 3;IT
S0003985;C002739;CarePharm IT #2739 - Location 1;IT
S0003986;C002739;CarePharm IT #2739 - Location 2;IT
S0003987;C002740;Tesko IT #2740 - Location 1;IT
S0003988;C002741;Auchon IT #2741 - Location 1;IT
S0003989;C002741;Auchon IT #2741 - Location 2;IT
S0003990;C002742;Sparr IT #2742 - Location 1;IT
S0003991;C002742;Sparr IT #2742 - Location 2;IT
S0003992;C002743;Aldii IT #2743 - Location 1;IT
S0003993;C002744;Lidll IT #2744 - Location 1;IT
S0003994;C002744;Lidll IT #2744 - Location 2;IT
S0003995;C002744;Lidll IT #2744 - Location 3;IT
S0003996;C002745;Carrefouk IT #2745 - Location 1;IT
S0003997;C002746;Intermarche IT #2746 - Location 1;IT
S0003998;C002747;Sparr IT #2747 - Location 1;IT
S0003999;C002748;Intersportt IT #2748 - Location 1;IT
S0004000;C002749;ProSport IT #2749 - Location 1;IT
S0004001;C002750;ProSport IT #2750 - Location 1;IT
S0004002;C002750;ProSport IT #2750 - Location 2;IT
S0004003;C002751;ProSport IT #2751 - Location 1;IT
S0004004;C002752;ProSport IT #2752 - Location 1;IT
S0004005;C002752;ProSport IT #2752 - Location 2;IT
S0004006;C002753;AthletiX IT #2753 - Location 1;IT
S0004007;C002754;ProSport IT #2754 - Location 1;IT
S0004008;C002755;ProSport IT #2755 - Location 1;IT
S0004009;C002756;Decathlonn IT #2756 - Location 1;IT
S0004010;C002757;NutriHub LV Online #2757 - Location 1;LV
S0004011;C002758;GymMart LV Online #2758 - Location 1;LV
S0004012;C002759;NutriHub LV Online #2759 - Location 1;LV
S0004013;C002760;VitaBox LV Online #2760 - Location 1;LV
S0004014;C002761;ZenBasket LV Online #2761 - Location 1;LV
S0004015;C002762;GymMart LV Online #2762 - Location 1;LV
S0004016;C002763;PulseMarket LV Online #2763 - Location 1;LV
S0004017;C002764;NutriHub LV Online #2764 - Location 1;LV
S0004018;C002765;WellKart LV Online #2765 - Location 1;LV
S0004019;C002766;HealthPoint LV #2766 - Location 1;LV
S0004020;C002767;VitaCare LV #2767 - Location 1;LV
S0004021;C002767;VitaCare LV #2767 - Location 2;LV
S0004022;C002768;VitaCare LV #2768 - Location 1;LV
S0004023;C002768;VitaCare LV #2768 - Location 2;LV
S0004024;C002769;PharmaPluz LV #2769 - Location 1;LV
S0004025;C002769;PharmaPluz LV #2769 - Location 2;LV
S0004026;C002769;PharmaPluz LV #2769 - Location 3;LV
S0004027;C002770;CarePharm LV #2770 - Location 1;LV
S0004028;C002771;VitaCare LV #2771 - Location 1;LV
S0004029;C002772;Edekae LV #2772 - Location 1;LV
S0004030;C002773;Aldii LV #2773 - Location 1;LV
S0004031;C002774;Rewee LV #2774 - Location 1;LV
S0004032;C002774;Rewee LV #2774 - Location 2;LV
S0004033;C002775;Rewee LV #2775 - Location 1;LV
S0004034;C002775;Rewee LV #2775 - Location 2;LV
S0004035;C002776;Rewee LV #2776 - Location 1;LV
S0004036;C002777;Auchon LV #2777 - Location 1;LV
S0004037;C002778;Tesko LV #2778 - Location 1;LV
S0004038;C002778;Tesko LV #2778 - Location 2;LV
S0004039;C002779;Auchon LV #2779 - Location 1;LV
S0004040;C002780;Auchon LV #2780 - Location 1;LV
S0004041;C002781;Lidll LV #2781 - Location 1;LV
S0004042;C002782;Auchon LV #2782 - Location 1;LV
S0004043;C002782;Auchon LV #2782 - Location 2;LV
S0004044;C002783;Sparr LV #2783 - Location 1;LV
S0004045;C002784;Rewee LV #2784 - Location 1;LV
S0004046;C002785;Intermarche LV #2785 - Location 1;LV
S0004047;C002786;Rewee LV #2786 - Location 1;LV
S0004048;C002786;Rewee LV #2786 - Location 2;LV
S0004049;C002786;Rewee LV #2786 - Location 3;LV
S0004050;C002787;Rewee LV #2787 - Location 1;LV
S0004051;C002787;Rewee LV #2787 - Location 2;LV
S0004052;C002788;Aldii LV #2788 - Location 1;LV
S0004053;C002788;Aldii LV #2788 - Location 2;LV
S0004054;C002789;Edekae LV #2789 - Location 1;LV
S0004055;C002789;Edekae LV #2789 - Location 2;LV
S0004056;C002790;Tesko LV #2790 - Location 1;LV
S0004057;C002791;Intermarche LV #2791 - Location 1;LV
S0004058;C002791;Intermarche LV #2791 - Location 2;LV
S0004059;C002792;Intersportt LV #2792 - Location 1;LV
S0004060;C002792;Intersportt LV #2792 - Location 2;LV
S0004061;C002793;Intersportt LV #2793 - Location 1;LV
S0004062;C002794;Decathlonn LV #2794 - Location 1;LV
S0004063;C002795;Intersportt LV #2795 - Location 1;LV
S0004064;C002796;AthletiX LV #2796 - Location 1;LV
S0004065;C002797;ProSport LV #2797 - Location 1;LV
S0004066;C002798;AthletiX LV #2798 - Location 1;LV
S0004067;C002798;AthletiX LV #2798 - Location 2;LV
S0004068;C002799;ProSport LV #2799 - Location 1;LV
S0004069;C002800;AthletiX LV #2800 - Location 1;LV
S0004070;C002800;AthletiX LV #2800 - Location 2;LV
S0004071;C002800;AthletiX LV #2800 - Location 3;LV
S0004072;C002801;VitaBox LT Online #2801 - Location 1;LT
S0004073;C002802;FitNest LT Online #2802 - Location 1;LT
S0004074;C002802;FitNest LT Online #2802 - Location 2;LT
S0004075;C002803;GymMart LT Online #2803 - Location 1;LT
S0004076;C002803;GymMart LT Online #2803 - Location 2;LT
S0004077;C002804;GymMart LT Online #2804 - Location 1;LT
S0004078;C002804;GymMart LT Online #2804 - Location 2;LT
S0004079;C002805;PulseMarket LT Online #2805 - Location 1;LT
S0004080;C002805;PulseMarket LT Online #2805 - Location 2;LT
S0004081;C002806;PrimeFuel LT Online #2806 - Location 1;LT
S0004082;C002807;PulseMarket LT Online #2807 - Location 1;LT
S0004083;C002808;PulseMarket LT Online #2808 - Location 1;LT
S0004084;C002809;PulseMarket LT Online #2809 - Location 1;LT
S0004085;C002810;CarePharm LT #2810 - Location 1;LT
S0004086;C002810;CarePharm LT #2810 - Location 2;LT
S0004087;C002811;VitaCare LT #2811 - Location 1;LT
S0004088;C002811;VitaCare LT #2811 - Location 2;LT
S0004089;C002811;VitaCare LT #2811 - Location 3;LT
S0004090;C002812;PharmaPluz LT #2812 - Location 1;LT
S0004091;C002812;PharmaPluz LT #2812 - Location 2;LT
S0004092;C002813;EuroPharmx LT #2813 - Location 1;LT
S0004093;C002813;EuroPharmx LT #2813 - Location 2;LT
S0004094;C002814;PharmaPluz LT #2814 - Location 1;LT
S0004095;C002815;VitaCare LT #2815 - Location 1;LT
S0004096;C002815;VitaCare LT #2815 - Location 2;LT
S0004097;C002815;VitaCare LT #2815 - Location 3;LT
S0004098;C002816;Edekae LT #2816 - Location 1;LT
S0004099;C002816;Edekae LT #2816 - Location 2;LT
S0004100;C002817;Edekae LT #2817 - Location 1;LT
S0004101;C002818;Intermarche LT #2818 - Location 1;LT
S0004102;C002819;Edekae LT #2819 - Location 1;LT
S0004103;C002820;Tesko LT #2820 - Location 1;LT
S0004104;C002820;Tesko LT #2820 - Location 2;LT
S0004105;C002821;Rewee LT #2821 - Location 1;LT
S0004106;C002822;Rewee LT #2822 - Location 1;LT
S0004107;C002823;Sparr LT #2823 - Location 1;LT
S0004108;C002823;Sparr LT #2823 - Location 2;LT
S0004109;C002824;Lidll LT #2824 - Location 1;LT
S0004110;C002825;Auchon LT #2825 - Location 1;LT
S0004111;C002825;Auchon LT #2825 - Location 2;LT
S0004112;C002826;Rewee LT #2826 - Location 1;LT
S0004113;C002827;Carrefouk LT #2827 - Location 1;LT
S0004114;C002827;Carrefouk LT #2827 - Location 2;LT
S0004115;C002828;Lidll LT #2828 - Location 1;LT
S0004116;C002829;Intermarche LT #2829 - Location 1;LT
S0004117;C002830;Edekae LT #2830 - Location 1;LT
S0004118;C002831;Edekae LT #2831 - Location 1;LT
S0004119;C002832;Lidll LT #2832 - Location 1;LT
S0004120;C002832;Lidll LT #2832 - Location 2;LT
S0004121;C002832;Lidll LT #2832 - Location 3;LT
S0004122;C002833;Lidll LT #2833 - Location 1;LT
S0004123;C002834;Intermarche LT #2834 - Location 1;LT
S0004124;C002835;Auchon LT #2835 - Location 1;LT
S0004125;C002835;Auchon LT #2835 - Location 2;LT
S0004126;C002835;Auchon LT #2835 - Location 3;LT
S0004127;C002836;ProSport LT #2836 - Location 1;LT
S0004128;C002836;ProSport LT #2836 - Location 2;LT
S0004129;C002836;ProSport LT #2836 - Location 3;LT
S0004130;C002837;FitZone LT #2837 - Location 1;LT
S0004131;C002838;Intersportt LT #2838 - Location 1;LT
S0004132;C002839;Intersportt LT #2839 - Location 1;LT
S0004133;C002840;Decathlonn LT #2840 - Location 1;LT
S0004134;C002841;AthletiX LT #2841 - Location 1;LT
S0004135;C002841;AthletiX LT #2841 - Location 2;LT
S0004136;C002841;AthletiX LT #2841 - Location 3;LT
S0004137;C002842;AthletiX LT #2842 - Location 1;LT
S0004138;C002843;SportDirekt LT #2843 - Location 1;LT
S0004139;C002843;SportDirekt LT #2843 - Location 2;LT
S0004140;C002844;FitZone LT #2844 - Location 1;LT
S0004141;C002844;FitZone LT #2844 - Location 2;LT
S0004142;C002845;ZenBasket LU Online #2845 - Location 1;LU
S0004143;C002845;ZenBasket LU Online #2845 - Location 2;LU
S0004144;C002846;VitaBox LU Online #2846 - Location 1;LU
S0004145;C002846;VitaBox LU Online #2846 - Location 2;LU
S0004146;C002847;VitaBox LU Online #2847 - Location 1;LU
S0004147;C002848;GymMart LU Online #2848 - Location 1;LU
S0004148;C002849;ZenBasket LU Online #2849 - Location 1;LU
S0004149;C002850;PulseMarket LU Online #2850 - Location 1;LU
S0004150;C002851;ZenBasket LU Online #2851 - Location 1;LU
S0004151;C002852;WellKart LU Online #2852 - Location 1;LU
S0004152;C002853;WellKart LU Online #2853 - Location 1;LU
S0004153;C002853;WellKart LU Online #2853 - Location 2;LU
S0004154;C002853;WellKart LU Online #2853 - Location 3;LU
S0004155;C002854;HealthPoint LU #2854 - Location 1;LU
S0004156;C002855;PharmaPluz LU #2855 - Location 1;LU
S0004157;C002856;PharmaPluz LU #2856 - Location 1;LU
S0004158;C002857;EuroPharmx LU #2857 - Location 1;LU
S0004159;C002858;HealthPoint LU #2858 - Location 1;LU
S0004160;C002859;EuroPharmx LU #2859 - Location 1;LU
S0004161;C002860;Edekae LU #2860 - Location 1;LU
S0004162;C002860;Edekae LU #2860 - Location 2;LU
S0004163;C002861;Edekae LU #2861 - Location 1;LU
S0004164;C002862;Aldii LU #2862 - Location 1;LU
S0004165;C002863;Carrefouk LU #2863 - Location 1;LU
S0004166;C002864;Carrefouk LU #2864 - Location 1;LU
S0004167;C002864;Carrefouk LU #2864 - Location 2;LU
S0004168;C002865;Intermarche LU #2865 - Location 1;LU
S0004169;C002866;Edekae LU #2866 - Location 1;LU
S0004170;C002866;Edekae LU #2866 - Location 2;LU
S0004171;C002866;Edekae LU #2866 - Location 3;LU
S0004172;C002867;Lidll LU #2867 - Location 1;LU
S0004173;C002868;Tesko LU #2868 - Location 1;LU
S0004174;C002869;Carrefouk LU #2869 - Location 1;LU
S0004175;C002869;Carrefouk LU #2869 - Location 2;LU
S0004176;C002870;Lidll LU #2870 - Location 1;LU
S0004177;C002870;Lidll LU #2870 - Location 2;LU
S0004178;C002871;Intermarche LU #2871 - Location 1;LU
S0004179;C002871;Intermarche LU #2871 - Location 2;LU
S0004180;C002872;Edekae LU #2872 - Location 1;LU
S0004181;C002873;Tesko LU #2873 - Location 1;LU
S0004182;C002874;Sparr LU #2874 - Location 1;LU
S0004183;C002874;Sparr LU #2874 - Location 2;LU
S0004184;C002875;Lidll LU #2875 - Location 1;LU
S0004185;C002876;Aldii LU #2876 - Location 1;LU
S0004186;C002876;Aldii LU #2876 - Location 2;LU
S0004187;C002877;Edekae LU #2877 - Location 1;LU
S0004188;C002877;Edekae LU #2877 - Location 2;LU
S0004189;C002878;Lidll LU #2878 - Location 1;LU
S0004190;C002879;Carrefouk LU #2879 - Location 1;LU
S0004191;C002880;ProSport LU #2880 - Location 1;LU
S0004192;C002881;Decatlon LU #2881 - Location 1;LU
S0004193;C002882;SportDirekt LU #2882 - Location 1;LU
S0004194;C002883;FitZone LU #2883 - Location 1;LU
S0004195;C002883;FitZone LU #2883 - Location 2;LU
S0004196;C002884;Decatlon LU #2884 - Location 1;LU
S0004197;C002885;Decatlon LU #2885 - Location 1;LU
S0004198;C002886;ProSport LU #2886 - Location 1;LU
S0004199;C002887;Intersportt LU #2887 - Location 1;LU
S0004200;C002888;Decatlon LU #2888 - Location 1;LU
S0004201;C002889;WellKart MT Online #2889 - Location 1;MT
S0004202;C002890;GymMart MT Online #2890 - Location 1;MT
S0004203;C002891;PulseMarket MT Online #2891 - Location 1;MT
S0004204;C002892;NutriHub MT Online #2892 - Location 1;MT
S0004205;C002892;NutriHub MT Online #2892 - Location 2;MT
S0004206;C002893;NutriHub MT Online #2893 - Location 1;MT
S0004207;C002893;NutriHub MT Online #2893 - Location 2;MT
S0004208;C002894;FitNest MT Online #2894 - Location 1;MT
S0004209;C002894;FitNest MT Online #2894 - Location 2;MT
S0004210;C002894;FitNest MT Online #2894 - Location 3;MT
S0004211;C002895;NutriHub MT Online #2895 - Location 1;MT
S0004212;C002896;FitNest MT Online #2896 - Location 1;MT
S0004213;C002896;FitNest MT Online #2896 - Location 2;MT
S0004214;C002897;VitaBox MT Online #2897 - Location 1;MT
S0004215;C002897;VitaBox MT Online #2897 - Location 2;MT
S0004216;C002898;GymMart MT Online #2898 - Location 1;MT
S0004217;C002898;GymMart MT Online #2898 - Location 2;MT
S0004218;C002899;PulseMarket MT Online #2899 - Location 1;MT
S0004219;C002900;WellKart MT Online #2900 - Location 1;MT
S0004220;C002901;WellKart MT Online #2901 - Location 1;MT
S0004221;C002902;ZenBasket MT Online #2902 - Location 1;MT
S0004222;C002902;ZenBasket MT Online #2902 - Location 2;MT
S0004223;C002903;WellKart MT Online #2903 - Location 1;MT
S0004224;C002904;NutriHub MT Online #2904 - Location 1;MT
S0004225;C002905;PulseMarket MT Online #2905 - Location 1;MT
S0004226;C002905;PulseMarket MT Online #2905 - Location 2;MT
S0004227;C002905;PulseMarket MT Online #2905 - Location 3;MT
S0004228;C002906;WellKart MT Online #2906 - Location 1;MT
S0004229;C002907;VitaBox MT Online #2907 - Location 1;MT
S0004230;C002907;VitaBox MT Online #2907 - Location 2;MT
S0004231;C002908;FitNest MT Online #2908 - Location 1;MT
S0004232;C002909;ZenBasket MT Online #2909 - Location 1;MT
S0004233;C002909;ZenBasket MT Online #2909 - Location 2;MT
S0004234;C002910;GymMart MT Online #2910 - Location 1;MT
S0004235;C002911;FitNest MT Online #2911 - Location 1;MT
S0004236;C002912;ZenBasket MT Online #2912 - Location 1;MT
S0004237;C002912;ZenBasket MT Online #2912 - Location 2;MT
S0004238;C002913;NutriHub MT Online #2913 - Location 1;MT
S0004239;C002914;NutriPharm MT #2914 - Location 1;MT
S0004240;C002915;HealthPoint MT #2915 - Location 1;MT
S0004241;C002916;MediKore MT #2916 - Location 1;MT
S0004242;C002917;PharmaPluz MT #2917 - Location 1;MT
S0004243;C002918;EuroPharmx MT #2918 - Location 1;MT
S0004244;C002919;EuroPharmx MT #2919 - Location 1;MT
S0004245;C002920;VitaCare MT #2920 - Location 1;MT
S0004246;C002921;HealthPoint MT #2921 - Location 1;MT
S0004247;C002921;HealthPoint MT #2921 - Location 2;MT
S0004248;C002922;EuroPharmx MT #2922 - Location 1;MT
S0004249;C002923;Auchon MT #2923 - Location 1;MT
S0004250;C002924;Aldii MT #2924 - Location 1;MT
S0004251;C002925;Auchon MT #2925 - Location 1;MT
S0004252;C002926;Sparr MT #2926 - Location 1;MT
S0004253;C002926;Sparr MT #2926 - Location 2;MT
S0004254;C002927;Decathlonn MT #2927 - Location 1;MT
S0004255;C002928;ProSport MT #2928 - Location 1;MT
S0004256;C002928;ProSport MT #2928 - Location 2;MT
S0004257;C002929;FitZone MT #2929 - Location 1;MT
S0004258;C002930;AthletiX MT #2930 - Location 1;MT
S0004259;C002931;FitZone MT #2931 - Location 1;MT
S0004260;C002932;PrimeFuel NL Online #2932 - Location 1;NL
S0004261;C002933;NutriHub NL Online #2933 - Location 1;NL
S0004262;C002934;GymMart NL Online #2934 - Location 1;NL
S0004263;C002934;GymMart NL Online #2934 - Location 2;NL
S0004264;C002935;VitaBox NL Online #2935 - Location 1;NL
S0004265;C002936;VitaBox NL Online #2936 - Location 1;NL
S0004266;C002937;GymMart NL Online #2937 - Location 1;NL
S0004267;C002938;PrimeFuel NL Online #2938 - Location 1;NL
S0004268;C002938;PrimeFuel NL Online #2938 - Location 2;NL
S0004269;C002939;NutriHub NL Online #2939 - Location 1;NL
S0004270;C002939;NutriHub NL Online #2939 - Location 2;NL
S0004271;C002940;WellKart NL Online #2940 - Location 1;NL
S0004272;C002941;PulseMarket NL Online #2941 - Location 1;NL
S0004273;C002942;FitNest NL Online #2942 - Location 1;NL
S0004274;C002942;FitNest NL Online #2942 - Location 2;NL
S0004275;C002942;FitNest NL Online #2942 - Location 3;NL
S0004276;C002943;CarePharm NL #2943 - Location 1;NL
S0004277;C002944;HealthPoint NL #2944 - Location 1;NL
S0004278;C002944;HealthPoint NL #2944 - Location 2;NL
S0004279;C002945;PharmaPluz NL #2945 - Location 1;NL
S0004280;C002946;NutriPharm NL #2946 - Location 1;NL
S0004281;C002947;NutriPharm NL #2947 - Location 1;NL
S0004282;C002947;NutriPharm NL #2947 - Location 2;NL
S0004283;C002947;NutriPharm NL #2947 - Location 3;NL
S0004284;C002948;PharmaPluz NL #2948 - Location 1;NL
S0004285;C002948;PharmaPluz NL #2948 - Location 2;NL
S0004286;C002949;EuroPharmx NL #2949 - Location 1;NL
S0004287;C002950;Tesko NL #2950 - Location 1;NL
S0004288;C002950;Tesko NL #2950 - Location 2;NL
S0004289;C002951;Lidll NL #2951 - Location 1;NL
S0004290;C002952;Rewee NL #2952 - Location 1;NL
S0004291;C002953;Lidll NL #2953 - Location 1;NL
S0004292;C002954;Rewee NL #2954 - Location 1;NL
S0004293;C002955;Aldii NL #2955 - Location 1;NL
S0004294;C002956;Rewee NL #2956 - Location 1;NL
S0004295;C002956;Rewee NL #2956 - Location 2;NL
S0004296;C002956;Rewee NL #2956 - Location 3;NL
S0004297;C002957;Lidll NL #2957 - Location 1;NL
S0004298;C002958;Lidll NL #2958 - Location 1;NL
S0004299;C002959;Rewee NL #2959 - Location 1;NL
S0004300;C002960;Edekae NL #2960 - Location 1;NL
S0004301;C002961;Sparr NL #2961 - Location 1;NL
S0004302;C002962;Edekae NL #2962 - Location 1;NL
S0004303;C002963;Edekae NL #2963 - Location 1;NL
S0004304;C002964;Rewee NL #2964 - Location 1;NL
S0004305;C002965;Lidll NL #2965 - Location 1;NL
S0004306;C002966;Rewee NL #2966 - Location 1;NL
S0004307;C002966;Rewee NL #2966 - Location 2;NL
S0004308;C002967;Lidll NL #2967 - Location 1;NL
S0004309;C002967;Lidll NL #2967 - Location 2;NL
S0004310;C002968;Tesko NL #2968 - Location 1;NL
S0004311;C002968;Tesko NL #2968 - Location 2;NL
S0004312;C002968;Tesko NL #2968 - Location 3;NL
S0004313;C002969;Auchon NL #2969 - Location 1;NL
S0004314;C002970;Aldii NL #2970 - Location 1;NL
S0004315;C002971;Sparr NL #2971 - Location 1;NL
S0004316;C002972;Intermarche NL #2972 - Location 1;NL
S0004317;C002973;Lidll NL #2973 - Location 1;NL
S0004318;C002973;Lidll NL #2973 - Location 2;NL
S0004319;C002974;Auchon NL #2974 - Location 1;NL
S0004320;C002974;Auchon NL #2974 - Location 2;NL
S0004321;C002974;Auchon NL #2974 - Location 3;NL
S0004322;C002975;AthletiX NL #2975 - Location 1;NL
S0004323;C002976;Decathlonn NL #2976 - Location 1;NL
S0004324;C002976;Decathlonn NL #2976 - Location 2;NL
S0004325;C002976;Decathlonn NL #2976 - Location 3;NL
S0004326;C002977;FitZone NL #2977 - Location 1;NL
S0004327;C002978;ProSport NL #2978 - Location 1;NL
S0004328;C002979;Decatlon NL #2979 - Location 1;NL
S0004329;C002979;Decatlon NL #2979 - Location 2;NL
S0004330;C002979;Decatlon NL #2979 - Location 3;NL
S0004331;C002980;ProSport NL #2980 - Location 1;NL
S0004332;C002981;Intersportt NL #2981 - Location 1;NL
S0004333;C002981;Intersportt NL #2981 - Location 2;NL
S0004334;C002982;Intersportt NL #2982 - Location 1;NL
S0004335;C002982;Intersportt NL #2982 - Location 2;NL
S0004336;C002982;Intersportt NL #2982 - Location 3;NL
S0004337;C002983;Intersportt NL #2983 - Location 1;NL
S0004338;C002984;AthletiX NL #2984 - Location 1;NL
S0004339;C002985;FitZone NL #2985 - Location 1;NL
S0004340;C002986;GymMart PL Online #2986 - Location 1;PL
S0004341;C002987;VitaBox PL Online #2987 - Location 1;PL
S0004342;C002988;WellKart PL Online #2988 - Location 1;PL
S0004343;C002988;WellKart PL Online #2988 - Location 2;PL
S0004344;C002989;VitaBox PL Online #2989 - Location 1;PL
S0004345;C002990;WellKart PL Online #2990 - Location 1;PL
S0004346;C002990;WellKart PL Online #2990 - Location 2;PL
S0004347;C002991;ZenBasket PL Online #2991 - Location 1;PL
S0004348;C002992;VitaBox PL Online #2992 - Location 1;PL
S0004349;C002993;VitaBox PL Online #2993 - Location 1;PL
S0004350;C002994;GymMart PL Online #2994 - Location 1;PL
S0004351;C002994;GymMart PL Online #2994 - Location 2;PL
S0004352;C002994;GymMart PL Online #2994 - Location 3;PL
S0004353;C002995;PulseMarket PL Online #2995 - Location 1;PL
S0004354;C002996;NutriHub PL Online #2996 - Location 1;PL
S0004355;C002997;VitaBox PL Online #2997 - Location 1;PL
S0004356;C002998;FitNest PL Online #2998 - Location 1;PL
S0004357;C002999;PulseMarket PL Online #2999 - Location 1;PL
S0004358;C002999;PulseMarket PL Online #2999 - Location 2;PL
S0004359;C003000;VitaBox PL Online #3000 - Location 1;PL
S0004360;C003001;NutriPharm PL #3001 - Location 1;PL
S0004361;C003001;NutriPharm PL #3001 - Location 2;PL
S0004362;C003002;CarePharm PL #3002 - Location 1;PL
S0004363;C003003;CarePharm PL #3003 - Location 1;PL
S0004364;C003003;CarePharm PL #3003 - Location 2;PL
S0004365;C003004;VitaCare PL #3004 - Location 1;PL
S0004366;C003004;VitaCare PL #3004 - Location 2;PL
S0004367;C003005;CarePharm PL #3005 - Location 1;PL
S0004368;C003006;PharmaPluz PL #3006 - Location 1;PL
S0004369;C003007;MediKore PL #3007 - Location 1;PL
S0004370;C003007;MediKore PL #3007 - Location 2;PL
S0004371;C003007;MediKore PL #3007 - Location 3;PL
S0004372;C003008;MediKore PL #3008 - Location 1;PL
S0004373;C003008;MediKore PL #3008 - Location 2;PL
S0004374;C003008;MediKore PL #3008 - Location 3;PL
S0004375;C003009;EuroPharmx PL #3009 - Location 1;PL
S0004376;C003010;Auchon PL #3010 - Location 1;PL
S0004377;C003011;Aldii PL #3011 - Location 1;PL
S0004378;C003011;Aldii PL #3011 - Location 2;PL
S0004379;C003012;Auchon PL #3012 - Location 1;PL
S0004380;C003013;Carrefouk PL #3013 - Location 1;PL
S0004381;C003014;Sparr PL #3014 - Location 1;PL
S0004382;C003014;Sparr PL #3014 - Location 2;PL
S0004383;C003015;Sparr PL #3015 - Location 1;PL
S0004384;C003016;Tesko PL #3016 - Location 1;PL
S0004385;C003016;Tesko PL #3016 - Location 2;PL
S0004386;C003017;Aldii PL #3017 - Location 1;PL
S0004387;C003018;Auchon PL #3018 - Location 1;PL
S0004388;C003018;Auchon PL #3018 - Location 2;PL
S0004389;C003019;Rewee PL #3019 - Location 1;PL
S0004390;C003019;Rewee PL #3019 - Location 2;PL
S0004391;C003020;Intermarche PL #3020 - Location 1;PL
S0004392;C003021;Edekae PL #3021 - Location 1;PL
S0004393;C003022;Intermarche PL #3022 - Location 1;PL
S0004394;C003023;Lidll PL #3023 - Location 1;PL
S0004395;C003023;Lidll PL #3023 - Location 2;PL
S0004396;C003024;Rewee PL #3024 - Location 1;PL
S0004397;C003025;Aldii PL #3025 - Location 1;PL
S0004398;C003026;Rewee PL #3026 - Location 1;PL
S0004399;C003027;Auchon PL #3027 - Location 1;PL
S0004400;C003027;Auchon PL #3027 - Location 2;PL
S0004401;C003028;Edekae PL #3028 - Location 1;PL
S0004402;C003028;Edekae PL #3028 - Location 2;PL
S0004403;C003028;Edekae PL #3028 - Location 3;PL
S0004404;C003029;Edekae PL #3029 - Location 1;PL
S0004405;C003030;Intermarche PL #3030 - Location 1;PL
S0004406;C003031;ProSport PL #3031 - Location 1;PL
S0004407;C003031;ProSport PL #3031 - Location 2;PL
S0004408;C003031;ProSport PL #3031 - Location 3;PL
S0004409;C003032;Decathlonn PL #3032 - Location 1;PL
S0004410;C003032;Decathlonn PL #3032 - Location 2;PL
S0004411;C003032;Decathlonn PL #3032 - Location 3;PL
S0004412;C003033;SportDirekt PL #3033 - Location 1;PL
S0004413;C003033;SportDirekt PL #3033 - Location 2;PL
S0004414;C003034;Decatlon PL #3034 - Location 1;PL
S0004415;C003034;Decatlon PL #3034 - Location 2;PL
S0004416;C003034;Decatlon PL #3034 - Location 3;PL
S0004417;C003035;Decatlon PL #3035 - Location 1;PL
S0004418;C003035;Decatlon PL #3035 - Location 2;PL
S0004419;C003036;ProSport PL #3036 - Location 1;PL
S0004420;C003036;ProSport PL #3036 - Location 2;PL
S0004421;C003037;AthletiX PL #3037 - Location 1;PL
S0004422;C003038;FitZone PL #3038 - Location 1;PL
S0004423;C003039;Decathlonn PL #3039 - Location 1;PL
S0004424;C003040;PrimeFuel PT Online #3040 - Location 1;PT
S0004425;C003041;PrimeFuel PT Online #3041 - Location 1;PT
S0004426;C003042;PrimeFuel PT Online #3042 - Location 1;PT
S0004427;C003043;WellKart PT Online #3043 - Location 1;PT
S0004428;C003044;ZenBasket PT Online #3044 - Location 1;PT
S0004429;C003045;ZenBasket PT Online #3045 - Location 1;PT
S0004430;C003046;NutriHub PT Online #3046 - Location 1;PT
S0004431;C003047;NutriHub PT Online #3047 - Location 1;PT
S0004432;C003047;NutriHub PT Online #3047 - Location 2;PT
S0004433;C003048;VitaBox PT Online #3048 - Location 1;PT
S0004434;C003049;PrimeFuel PT Online #3049 - Location 1;PT
S0004435;C003050;WellKart PT Online #3050 - Location 1;PT
S0004436;C003051;VitaBox PT Online #3051 - Location 1;PT
S0004437;C003052;WellKart PT Online #3052 - Location 1;PT
S0004438;C003053;PulseMarket PT Online #3053 - Location 1;PT
S0004439;C003054;NutriHub PT Online #3054 - Location 1;PT
S0004440;C003054;NutriHub PT Online #3054 - Location 2;PT
S0004441;C003055;PrimeFuel PT Online #3055 - Location 1;PT
S0004442;C003056;PulseMarket PT Online #3056 - Location 1;PT
S0004443;C003057;WellKart PT Online #3057 - Location 1;PT
S0004444;C003058;NutriHub PT Online #3058 - Location 1;PT
S0004445;C003058;NutriHub PT Online #3058 - Location 2;PT
S0004446;C003058;NutriHub PT Online #3058 - Location 3;PT
S0004447;C003059;GymMart PT Online #3059 - Location 1;PT
S0004448;C003059;GymMart PT Online #3059 - Location 2;PT
S0004449;C003059;GymMart PT Online #3059 - Location 3;PT
S0004450;C003060;VitaBox PT Online #3060 - Location 1;PT
S0004451;C003060;VitaBox PT Online #3060 - Location 2;PT
S0004452;C003061;ZenBasket PT Online #3061 - Location 1;PT
S0004453;C003061;ZenBasket PT Online #3061 - Location 2;PT
S0004454;C003061;ZenBasket PT Online #3061 - Location 3;PT
S0004455;C003062;GymMart PT Online #3062 - Location 1;PT
S0004456;C003063;PulseMarket PT Online #3063 - Location 1;PT
S0004457;C003064;GymMart PT Online #3064 - Location 1;PT
S0004458;C003065;FitNest PT Online #3065 - Location 1;PT
S0004459;C003066;PrimeFuel PT Online #3066 - Location 1;PT
S0004460;C003067;PrimeFuel PT Online #3067 - Location 1;PT
S0004461;C003068;GymMart PT Online #3068 - Location 1;PT
S0004462;C003069;ZenBasket PT Online #3069 - Location 1;PT
S0004463;C003070;GymMart PT Online #3070 - Location 1;PT
S0004464;C003070;GymMart PT Online #3070 - Location 2;PT
S0004465;C003071;FitNest PT Online #3071 - Location 1;PT
S0004466;C003071;FitNest PT Online #3071 - Location 2;PT
S0004467;C003072;NutriHub PT Online #3072 - Location 1;PT
S0004468;C003073;PrimeFuel PT Online #3073 - Location 1;PT
S0004469;C003074;NutriPharm PT #3074 - Location 1;PT
S0004470;C003075;VitaCare PT #3075 - Location 1;PT
S0004471;C003076;CarePharm PT #3076 - Location 1;PT
S0004472;C003077;MediKore PT #3077 - Location 1;PT
S0004473;C003078;HealthPoint PT #3078 - Location 1;PT
S0004474;C003079;HealthPoint PT #3079 - Location 1;PT
S0004475;C003080;HealthPoint PT #3080 - Location 1;PT
S0004476;C003081;HealthPoint PT #3081 - Location 1;PT
S0004477;C003082;PharmaPluz PT #3082 - Location 1;PT
S0004478;C003082;PharmaPluz PT #3082 - Location 2;PT
S0004479;C003082;PharmaPluz PT #3082 - Location 3;PT
S0004480;C003083;NutriPharm PT #3083 - Location 1;PT
S0004481;C003083;NutriPharm PT #3083 - Location 2;PT
S0004482;C003084;Tesko PT #3084 - Location 1;PT
S0004483;C003085;Intermarche PT #3085 - Location 1;PT
S0004484;C003086;Edekae PT #3086 - Location 1;PT
S0004485;C003086;Edekae PT #3086 - Location 2;PT
S0004486;C003087;Tesko PT #3087 - Location 1;PT
S0004487;C003088;Carrefouk PT #3088 - Location 1;PT
S0004488;C003089;Decathlonn PT #3089 - Location 1;PT
S0004489;C003089;Decathlonn PT #3089 - Location 2;PT
S0004490;C003090;SportDirekt PT #3090 - Location 1;PT
S0004491;C003091;Decathlonn PT #3091 - Location 1;PT
S0004492;C003092;SportDirekt PT #3092 - Location 1;PT
S0004493;C003092;SportDirekt PT #3092 - Location 2;PT
S0004494;C003093;Decatlon PT #3093 - Location 1;PT
S0004495;C003093;Decatlon PT #3093 - Location 2;PT
S0004496;C003094;Decatlon PT #3094 - Location 1;PT
S0004497;C003094;Decatlon PT #3094 - Location 2;PT
S0004498;C003095;PulseMarket RO Online #3095 - Location 1;RO
S0004499;C003096;NutriHub RO Online #3096 - Location 1;RO
S0004500;C003096;NutriHub RO Online #3096 - Location 2;RO
S0004501;C003097;GymMart RO Online #3097 - Location 1;RO
S0004502;C003098;PulseMarket RO Online #3098 - Location 1;RO
S0004503;C003099;GymMart RO Online #3099 - Location 1;RO
S0004504;C003100;VitaBox RO Online #3100 - Location 1;RO
S0004505;C003100;VitaBox RO Online #3100 - Location 2;RO
S0004506;C003101;VitaBox RO Online #3101 - Location 1;RO
S0004507;C003102;VitaBox RO Online #3102 - Location 1;RO
S0004508;C003103;FitNest RO Online #3103 - Location 1;RO
S0004509;C003104;WellKart RO Online #3104 - Location 1;RO
S0004510;C003104;WellKart RO Online #3104 - Location 2;RO
S0004511;C003104;WellKart RO Online #3104 - Location 3;RO
S0004512;C003105;NutriHub RO Online #3105 - Location 1;RO
S0004513;C003105;NutriHub RO Online #3105 - Location 2;RO
S0004514;C003106;ZenBasket RO Online #3106 - Location 1;RO
S0004515;C003107;CarePharm RO #3107 - Location 1;RO
S0004516;C003107;CarePharm RO #3107 - Location 2;RO
S0004517;C003107;CarePharm RO #3107 - Location 3;RO
S0004518;C003108;VitaCare RO #3108 - Location 1;RO
S0004519;C003108;VitaCare RO #3108 - Location 2;RO
S0004520;C003108;VitaCare RO #3108 - Location 3;RO
S0004521;C003109;PharmaPluz RO #3109 - Location 1;RO
S0004522;C003109;PharmaPluz RO #3109 - Location 2;RO
S0004523;C003110;EuroPharmx RO #3110 - Location 1;RO
S0004524;C003111;MediKore RO #3111 - Location 1;RO
S0004525;C003112;VitaCare RO #3112 - Location 1;RO
S0004526;C003113;HealthPoint RO #3113 - Location 1;RO
S0004527;C003114;Aldii RO #3114 - Location 1;RO
S0004528;C003115;Tesko RO #3115 - Location 1;RO
S0004529;C003116;Edekae RO #3116 - Location 1;RO
S0004530;C003117;Rewee RO #3117 - Location 1;RO
S0004531;C003118;Carrefouk RO #3118 - Location 1;RO
S0004532;C003119;Tesko RO #3119 - Location 1;RO
S0004533;C003120;Sparr RO #3120 - Location 1;RO
S0004534;C003121;Intermarche RO #3121 - Location 1;RO
S0004535;C003121;Intermarche RO #3121 - Location 2;RO
S0004536;C003122;Lidll RO #3122 - Location 1;RO
S0004537;C003123;Intermarche RO #3123 - Location 1;RO
S0004538;C003123;Intermarche RO #3123 - Location 2;RO
S0004539;C003123;Intermarche RO #3123 - Location 3;RO
S0004540;C003124;Auchon RO #3124 - Location 1;RO
S0004541;C003125;Sparr RO #3125 - Location 1;RO
S0004542;C003126;Carrefouk RO #3126 - Location 1;RO
S0004543;C003127;Carrefouk RO #3127 - Location 1;RO
S0004544;C003128;Carrefouk RO #3128 - Location 1;RO
S0004545;C003129;Auchon RO #3129 - Location 1;RO
S0004546;C003129;Auchon RO #3129 - Location 2;RO
S0004547;C003130;Carrefouk RO #3130 - Location 1;RO
S0004548;C003131;Intersportt RO #3131 - Location 1;RO
S0004549;C003132;Decatlon RO #3132 - Location 1;RO
S0004550;C003132;Decatlon RO #3132 - Location 2;RO
S0004551;C003133;FitZone RO #3133 - Location 1;RO
S0004552;C003134;ProSport RO #3134 - Location 1;RO
S0004553;C003134;ProSport RO #3134 - Location 2;RO
S0004554;C003134;ProSport RO #3134 - Location 3;RO
S0004555;C003135;FitZone RO #3135 - Location 1;RO
S0004556;C003136;AthletiX RO #3136 - Location 1;RO
S0004557;C003136;AthletiX RO #3136 - Location 2;RO
S0004558;C003137;SportDirekt RO #3137 - Location 1;RO
S0004559;C003138;WellKart SK Online #3138 - Location 1;SK
S0004560;C003138;WellKart SK Online #3138 - Location 2;SK
S0004561;C003139;GymMart SK Online #3139 - Location 1;SK
S0004562;C003139;GymMart SK Online #3139 - Location 2;SK
S0004563;C003140;ZenBasket SK Online #3140 - Location 1;SK
S0004564;C003141;FitNest SK Online #3141 - Location 1;SK
S0004565;C003142;WellKart SK Online #3142 - Location 1;SK
S0004566;C003142;WellKart SK Online #3142 - Location 2;SK
S0004567;C003143;PulseMarket SK Online #3143 - Location 1;SK
S0004568;C003143;PulseMarket SK Online #3143 - Location 2;SK
S0004569;C003144;PrimeFuel SK Online #3144 - Location 1;SK
S0004570;C003144;PrimeFuel SK Online #3144 - Location 2;SK
S0004571;C003145;ZenBasket SK Online #3145 - Location 1;SK
S0004572;C003145;ZenBasket SK Online #3145 - Location 2;SK
S0004573;C003146;ZenBasket SK Online #3146 - Location 1;SK
S0004574;C003147;GymMart SK Online #3147 - Location 1;SK
S0004575;C003148;GymMart SK Online #3148 - Location 1;SK
S0004576;C003149;VitaBox SK Online #3149 - Location 1;SK
S0004577;C003149;VitaBox SK Online #3149 - Location 2;SK
S0004578;C003150;CarePharm SK #3150 - Location 1;SK
S0004579;C003151;NutriPharm SK #3151 - Location 1;SK
S0004580;C003152;EuroPharmx SK #3152 - Location 1;SK
S0004581;C003153;CarePharm SK #3153 - Location 1;SK
S0004582;C003153;CarePharm SK #3153 - Location 2;SK
S0004583;C003154;NutriPharm SK #3154 - Location 1;SK
S0004584;C003154;NutriPharm SK #3154 - Location 2;SK
S0004585;C003155;PharmaPluz SK #3155 - Location 1;SK
S0004586;C003155;PharmaPluz SK #3155 - Location 2;SK
S0004587;C003156;NutriPharm SK #3156 - Location 1;SK
S0004588;C003156;NutriPharm SK #3156 - Location 2;SK
S0004589;C003157;Edekae SK #3157 - Location 1;SK
S0004590;C003158;Rewee SK #3158 - Location 1;SK
S0004591;C003159;Sparr SK #3159 - Location 1;SK
S0004592;C003160;Aldii SK #3160 - Location 1;SK
S0004593;C003160;Aldii SK #3160 - Location 2;SK
S0004594;C003161;Lidll SK #3161 - Location 1;SK
S0004595;C003162;Edekae SK #3162 - Location 1;SK
S0004596;C003162;Edekae SK #3162 - Location 2;SK
S0004597;C003163;Carrefouk SK #3163 - Location 1;SK
S0004598;C003164;Sparr SK #3164 - Location 1;SK
S0004599;C003165;Aldii SK #3165 - Location 1;SK
S0004600;C003166;Tesko SK #3166 - Location 1;SK
S0004601;C003166;Tesko SK #3166 - Location 2;SK
S0004602;C003167;Rewee SK #3167 - Location 1;SK
S0004603;C003168;Edekae SK #3168 - Location 1;SK
S0004604;C003169;Aldii SK #3169 - Location 1;SK
S0004605;C003170;Auchon SK #3170 - Location 1;SK
S0004606;C003170;Auchon SK #3170 - Location 2;SK
S0004607;C003171;Aldii SK #3171 - Location 1;SK
S0004608;C003172;Aldii SK #3172 - Location 1;SK
S0004609;C003172;Aldii SK #3172 - Location 2;SK
S0004610;C003173;Carrefouk SK #3173 - Location 1;SK
S0004611;C003174;AthletiX SK #3174 - Location 1;SK
S0004612;C003175;AthletiX SK #3175 - Location 1;SK
S0004613;C003176;SportDirekt SK #3176 - Location 1;SK
S0004614;C003177;AthletiX SK #3177 - Location 1;SK
S0004615;C003178;FitZone SK #3178 - Location 1;SK
S0004616;C003179;Decatlon SK #3179 - Location 1;SK
S0004617;C003180;ProSport SK #3180 - Location 1;SK
S0004618;C003181;VitaBox SI Online #3181 - Location 1;SI
S0004619;C003182;VitaBox SI Online #3182 - Location 1;SI
S0004620;C003182;VitaBox SI Online #3182 - Location 2;SI
S0004621;C003183;NutriHub SI Online #3183 - Location 1;SI
S0004622;C003184;FitNest SI Online #3184 - Location 1;SI
S0004623;C003184;FitNest SI Online #3184 - Location 2;SI
S0004624;C003185;PulseMarket SI Online #3185 - Location 1;SI
S0004625;C003186;VitaBox SI Online #3186 - Location 1;SI
S0004626;C003187;FitNest SI Online #3187 - Location 1;SI
S0004627;C003187;FitNest SI Online #3187 - Location 2;SI
S0004628;C003188;PulseMarket SI Online #3188 - Location 1;SI
S0004629;C003189;NutriHub SI Online #3189 - Location 1;SI
S0004630;C003189;NutriHub SI Online #3189 - Location 2;SI
S0004631;C003190;NutriHub SI Online #3190 - Location 1;SI
S0004632;C003191;FitNest SI Online #3191 - Location 1;SI
S0004633;C003192;ZenBasket SI Online #3192 - Location 1;SI
S0004634;C003192;ZenBasket SI Online #3192 - Location 2;SI
S0004635;C003193;EuroPharmx SI #3193 - Location 1;SI
S0004636;C003194;NutriPharm SI #3194 - Location 1;SI
S0004637;C003195;VitaCare SI #3195 - Location 1;SI
S0004638;C003196;PharmaPluz SI #3196 - Location 1;SI
S0004639;C003197;EuroPharmx SI #3197 - Location 1;SI
S0004640;C003198;EuroPharmx SI #3198 - Location 1;SI
S0004641;C003198;EuroPharmx SI #3198 - Location 2;SI
S0004642;C003199;NutriPharm SI #3199 - Location 1;SI
S0004643;C003199;NutriPharm SI #3199 - Location 2;SI
S0004644;C003200;Lidll SI #3200 - Location 1;SI
S0004645;C003201;Edekae SI #3201 - Location 1;SI
S0004646;C003202;Aldii SI #3202 - Location 1;SI
S0004647;C003202;Aldii SI #3202 - Location 2;SI
S0004648;C003203;Intermarche SI #3203 - Location 1;SI
S0004649;C003204;Carrefouk SI #3204 - Location 1;SI
S0004650;C003204;Carrefouk SI #3204 - Location 2;SI
S0004651;C003205;Aldii SI #3205 - Location 1;SI
S0004652;C003206;Lidll SI #3206 - Location 1;SI
S0004653;C003207;Edekae SI #3207 - Location 1;SI
S0004654;C003208;Aldii SI #3208 - Location 1;SI
S0004655;C003209;Edekae SI #3209 - Location 1;SI
S0004656;C003209;Edekae SI #3209 - Location 2;SI
S0004657;C003210;Tesko SI #3210 - Location 1;SI
S0004658;C003211;Tesko SI #3211 - Location 1;SI
S0004659;C003211;Tesko SI #3211 - Location 2;SI
S0004660;C003212;Tesko SI #3212 - Location 1;SI
S0004661;C003213;Edekae SI #3213 - Location 1;SI
S0004662;C003213;Edekae SI #3213 - Location 2;SI
S0004663;C003214;Edekae SI #3214 - Location 1;SI
S0004664;C003215;Edekae SI #3215 - Location 1;SI
S0004665;C003216;Edekae SI #3216 - Location 1;SI
S0004666;C003217;AthletiX SI #3217 - Location 1;SI
S0004667;C003217;AthletiX SI #3217 - Location 2;SI
S0004668;C003218;SportDirekt SI #3218 - Location 1;SI
S0004669;C003218;SportDirekt SI #3218 - Location 2;SI
S0004670;C003219;FitZone SI #3219 - Location 1;SI
S0004671;C003220;SportDirekt SI #3220 - Location 1;SI
S0004672;C003220;SportDirekt SI #3220 - Location 2;SI
S0004673;C003221;FitZone SI #3221 - Location 1;SI
S0004674;C003222;Intersportt SI #3222 - Location 1;SI
S0004675;C003222;Intersportt SI #3222 - Location 2;SI
S0004676;C003222;Intersportt SI #3222 - Location 3;SI
S0004677;C003223;Intersportt SI #3223 - Location 1;SI
S0004678;C003223;Intersportt SI #3223 - Location 2;SI
S0004679;C003223;Intersportt SI #3223 - Location 3;SI
S0004680;C003224;VitaBox ES Online #3224 - Location 1;ES
S0004681;C003225;GymMart ES Online #3225 - Location 1;ES
S0004682;C003226;WellKart ES Online #3226 - Location 1;ES
S0004683;C003227;GymMart ES Online #3227 - Location 1;ES
S0004684;C003227;GymMart ES Online #3227 - Location 2;ES
S0004685;C003228;VitaBox ES Online #3228 - Location 1;ES
S0004686;C003229;VitaBox ES Online #3229 - Location 1;ES
S0004687;C003230;NutriHub ES Online #3230 - Location 1;ES
S0004688;C003230;NutriHub ES Online #3230 - Location 2;ES
S0004689;C003231;FitNest ES Online #3231 - Location 1;ES
S0004690;C003232;PulseMarket ES Online #3232 - Location 1;ES
S0004691;C003233;NutriHub ES Online #3233 - Location 1;ES
S0004692;C003234;VitaBox ES Online #3234 - Location 1;ES
S0004693;C003234;VitaBox ES Online #3234 - Location 2;ES
S0004694;C003234;VitaBox ES Online #3234 - Location 3;ES
S0004695;C003235;FitNest ES Online #3235 - Location 1;ES
S0004696;C003235;FitNest ES Online #3235 - Location 2;ES
S0004697;C003236;GymMart ES Online #3236 - Location 1;ES
S0004698;C003236;GymMart ES Online #3236 - Location 2;ES
S0004699;C003237;WellKart ES Online #3237 - Location 1;ES
S0004700;C003238;FitNest ES Online #3238 - Location 1;ES
S0004701;C003238;FitNest ES Online #3238 - Location 2;ES
S0004702;C003238;FitNest ES Online #3238 - Location 3;ES
S0004703;C003239;GymMart ES Online #3239 - Location 1;ES
S0004704;C003240;FitNest ES Online #3240 - Location 1;ES
S0004705;C003240;FitNest ES Online #3240 - Location 2;ES
S0004706;C003241;FitNest ES Online #3241 - Location 1;ES
S0004707;C003242;NutriHub ES Online #3242 - Location 1;ES
S0004708;C003243;GymMart ES Online #3243 - Location 1;ES
S0004709;C003244;NutriHub ES Online #3244 - Location 1;ES
S0004710;C003244;NutriHub ES Online #3244 - Location 2;ES
S0004711;C003245;PulseMarket ES Online #3245 - Location 1;ES
S0004712;C003245;PulseMarket ES Online #3245 - Location 2;ES
S0004713;C003246;PulseMarket ES Online #3246 - Location 1;ES
S0004714;C003247;GymMart ES Online #3247 - Location 1;ES
S0004715;C003247;GymMart ES Online #3247 - Location 2;ES
S0004716;C003248;PrimeFuel ES Online #3248 - Location 1;ES
S0004717;C003248;PrimeFuel ES Online #3248 - Location 2;ES
S0004718;C003248;PrimeFuel ES Online #3248 - Location 3;ES
S0004719;C003249;VitaBox ES Online #3249 - Location 1;ES
S0004720;C003250;ZenBasket ES Online #3250 - Location 1;ES
S0004721;C003251;PrimeFuel ES Online #3251 - Location 1;ES
S0004722;C003251;PrimeFuel ES Online #3251 - Location 2;ES
S0004723;C003252;WellKart ES Online #3252 - Location 1;ES
S0004724;C003253;ZenBasket ES Online #3253 - Location 1;ES
S0004725;C003254;VitaBox ES Online #3254 - Location 1;ES
S0004726;C003255;PrimeFuel ES Online #3255 - Location 1;ES
S0004727;C003255;PrimeFuel ES Online #3255 - Location 2;ES
S0004728;C003256;FitNest ES Online #3256 - Location 1;ES
S0004729;C003257;PrimeFuel ES Online #3257 - Location 1;ES
S0004730;C003258;PulseMarket ES Online #3258 - Location 1;ES
S0004731;C003259;PulseMarket ES Online #3259 - Location 1;ES
S0004732;C003260;NutriHub ES Online #3260 - Location 1;ES
S0004733;C003261;ZenBasket ES Online #3261 - Location 1;ES
S0004734;C003262;GymMart ES Online #3262 - Location 1;ES
S0004735;C003263;PrimeFuel ES Online #3263 - Location 1;ES
S0004736;C003263;PrimeFuel ES Online #3263 - Location 2;ES
S0004737;C003263;PrimeFuel ES Online #3263 - Location 3;ES
S0004738;C003264;FitNest ES Online #3264 - Location 1;ES
S0004739;C003265;NutriHub ES Online #3265 - Location 1;ES
S0004740;C003265;NutriHub ES Online #3265 - Location 2;ES
S0004741;C003265;NutriHub ES Online #3265 - Location 3;ES
S0004742;C003266;PrimeFuel ES Online #3266 - Location 1;ES
S0004743;C003267;FitNest ES Online #3267 - Location 1;ES
S0004744;C003268;VitaBox ES Online #3268 - Location 1;ES
S0004745;C003268;VitaBox ES Online #3268 - Location 2;ES
S0004746;C003268;VitaBox ES Online #3268 - Location 3;ES
S0004747;C003269;WellKart ES Online #3269 - Location 1;ES
S0004748;C003269;WellKart ES Online #3269 - Location 2;ES
S0004749;C003270;NutriHub ES Online #3270 - Location 1;ES
S0004750;C003271;GymMart ES Online #3271 - Location 1;ES
S0004751;C003271;GymMart ES Online #3271 - Location 2;ES
S0004752;C003272;NutriPharm ES #3272 - Location 1;ES
S0004753;C003273;PharmaPluz ES #3273 - Location 1;ES
S0004754;C003274;HealthPoint ES #3274 - Location 1;ES
S0004755;C003274;HealthPoint ES #3274 - Location 2;ES
S0004756;C003274;HealthPoint ES #3274 - Location 3;ES
S0004757;C003275;NutriPharm ES #3275 - Location 1;ES
S0004758;C003276;PharmaPluz ES #3276 - Location 1;ES
S0004759;C003276;PharmaPluz ES #3276 - Location 2;ES
S0004760;C003277;PharmaPluz ES #3277 - Location 1;ES
S0004761;C003278;PharmaPluz ES #3278 - Location 1;ES
S0004762;C003278;PharmaPluz ES #3278 - Location 2;ES
S0004763;C003279;EuroPharmx ES #3279 - Location 1;ES
S0004764;C003280;NutriPharm ES #3280 - Location 1;ES
S0004765;C003281;EuroPharmx ES #3281 - Location 1;ES
S0004766;C003282;HealthPoint ES #3282 - Location 1;ES
S0004767;C003283;HealthPoint ES #3283 - Location 1;ES
S0004768;C003284;PharmaPluz ES #3284 - Location 1;ES
S0004769;C003284;PharmaPluz ES #3284 - Location 2;ES
S0004770;C003284;PharmaPluz ES #3284 - Location 3;ES
S0004771;C003285;Tesko ES #3285 - Location 1;ES
S0004772;C003285;Tesko ES #3285 - Location 2;ES
S0004773;C003286;Lidll ES #3286 - Location 1;ES
S0004774;C003286;Lidll ES #3286 - Location 2;ES
S0004775;C003286;Lidll ES #3286 - Location 3;ES
S0004776;C003287;Edekae ES #3287 - Location 1;ES
S0004777;C003288;Aldii ES #3288 - Location 1;ES
S0004778;C003289;Aldii ES #3289 - Location 1;ES
S0004779;C003290;Tesko ES #3290 - Location 1;ES
S0004780;C003290;Tesko ES #3290 - Location 2;ES
S0004781;C003291;FitZone ES #3291 - Location 1;ES
S0004782;C003291;FitZone ES #3291 - Location 2;ES
S0004783;C003292;SportDirekt ES #3292 - Location 1;ES
S0004784;C003292;SportDirekt ES #3292 - Location 2;ES
S0004785;C003292;SportDirekt ES #3292 - Location 3;ES
S0004786;C003293;ProSport ES #3293 - Location 1;ES
S0004787;C003293;ProSport ES #3293 - Location 2;ES
S0004788;C003293;ProSport ES #3293 - Location 3;ES
S0004789;C003294;FitZone ES #3294 - Location 1;ES
S0004790;C003295;Decatlon ES #3295 - Location 1;ES
S0004791;C003296;Decatlon ES #3296 - Location 1;ES
S0004792;C003297;FitZone ES #3297 - Location 1;ES
S0004793;C003297;FitZone ES #3297 - Location 2;ES
S0004794;C003298;FitZone ES #3298 - Location 1;ES
S0004795;C003299;WellKart SE Online #3299 - Location 1;SE
S0004796;C003300;WellKart SE Online #3300 - Location 1;SE
S0004797;C003300;WellKart SE Online #3300 - Location 2;SE
S0004798;C003300;WellKart SE Online #3300 - Location 3;SE
S0004799;C003301;PulseMarket SE Online #3301 - Location 1;SE
S0004800;C003302;PulseMarket SE Online #3302 - Location 1;SE
S0004801;C003303;PrimeFuel SE Online #3303 - Location 1;SE
S0004802;C003304;GymMart SE Online #3304 - Location 1;SE
S0004803;C003304;GymMart SE Online #3304 - Location 2;SE
S0004804;C003304;GymMart SE Online #3304 - Location 3;SE
S0004805;C003305;NutriHub SE Online #3305 - Location 1;SE
S0004806;C003305;NutriHub SE Online #3305 - Location 2;SE
S0004807;C003306;ZenBasket SE Online #3306 - Location 1;SE
S0004808;C003307;PrimeFuel SE Online #3307 - Location 1;SE
S0004809;C003308;GymMart SE Online #3308 - Location 1;SE
S0004810;C003309;ZenBasket SE Online #3309 - Location 1;SE
S0004811;C003310;VitaCare SE #3310 - Location 1;SE
S0004812;C003311;NutriPharm SE #3311 - Location 1;SE
S0004813;C003311;NutriPharm SE #3311 - Location 2;SE
S0004814;C003312;HealthPoint SE #3312 - Location 1;SE
S0004815;C003313;HealthPoint SE #3313 - Location 1;SE
S0004816;C003314;MediKore SE #3314 - Location 1;SE
S0004817;C003315;NutriPharm SE #3315 - Location 1;SE
S0004818;C003315;NutriPharm SE #3315 - Location 2;SE
S0004819;C003316;CarePharm SE #3316 - Location 1;SE
S0004820;C003317;Edekae SE #3317 - Location 1;SE
S0004821;C003318;Auchon SE #3318 - Location 1;SE
S0004822;C003319;Carrefouk SE #3319 - Location 1;SE
S0004823;C003319;Carrefouk SE #3319 - Location 2;SE
S0004824;C003319;Carrefouk SE #3319 - Location 3;SE
S0004825;C003320;Edekae SE #3320 - Location 1;SE
S0004826;C003320;Edekae SE #3320 - Location 2;SE
S0004827;C003321;Aldii SE #3321 - Location 1;SE
S0004828;C003322;Auchon SE #3322 - Location 1;SE
S0004829;C003322;Auchon SE #3322 - Location 2;SE
S0004830;C003323;Carrefouk SE #3323 - Location 1;SE
S0004831;C003324;Sparr SE #3324 - Location 1;SE
S0004832;C003324;Sparr SE #3324 - Location 2;SE
S0004833;C003324;Sparr SE #3324 - Location 3;SE
S0004834;C003325;Sparr SE #3325 - Location 1;SE
S0004835;C003325;Sparr SE #3325 - Location 2;SE
S0004836;C003326;Edekae SE #3326 - Location 1;SE
S0004837;C003327;Aldii SE #3327 - Location 1;SE
S0004838;C003328;Aldii SE #3328 - Location 1;SE
S0004839;C003328;Aldii SE #3328 - Location 2;SE
S0004840;C003329;Rewee SE #3329 - Location 1;SE
S0004841;C003330;Aldii SE #3330 - Location 1;SE
S0004842;C003330;Aldii SE #3330 - Location 2;SE
S0004843;C003330;Aldii SE #3330 - Location 3;SE
S0004844;C003331;Lidll SE #3331 - Location 1;SE
S0004845;C003332;Lidll SE #3332 - Location 1;SE
S0004846;C003332;Lidll SE #3332 - Location 2;SE
S0004847;C003333;Carrefouk SE #3333 - Location 1;SE
S0004848;C003334;Aldii SE #3334 - Location 1;SE
S0004849;C003335;Auchon SE #3335 - Location 1;SE
S0004850;C003336;Lidll SE #3336 - Location 1;SE
S0004851;C003337;Auchon SE #3337 - Location 1;SE
S0004852;C003337;Auchon SE #3337 - Location 2;SE
S0004853;C003338;Rewee SE #3338 - Location 1;SE
S0004854;C003339;Rewee SE #3339 - Location 1;SE
S0004855;C003340;Auchon SE #3340 - Location 1;SE
S0004856;C003340;Auchon SE #3340 - Location 2;SE
S0004857;C003340;Auchon SE #3340 - Location 3;SE
S0004858;C003341;Lidll SE #3341 - Location 1;SE
S0004859;C003341;Lidll SE #3341 - Location 2;SE
S0004860;C003342;Decathlonn SE #3342 - Location 1;SE
S0004861;C003343;Decatlon SE #3343 - Location 1;SE
S0004862;C003343;Decatlon SE #3343 - Location 2;SE
S0004863;C003344;Decatlon SE #3344 - Location 1;SE
S0004864;C003344;Decatlon SE #3344 - Location 2;SE
S0004865;C003345;ProSport SE #3345 - Location 1;SE
S0004866;C003346;Decatlon SE #3346 - Location 1;SE
S0004867;C003347;Decathlonn SE #3347 - Location 1;SE
S0004868;C003347;Decathlonn SE #3347 - Location 2;SE
S0004869;C003348;Decathlonn SE #3348 - Location 1;SE
S0004870;C003348;Decathlonn SE #3348 - Location 2;SE
S0004871;C003348;Decathlonn SE #3348 - Location 3;SE
S0004872;C003349;ProSport SE #3349 - Location 1;SE
S0004873;C003350;ProSport SE #3350 - Location 1;SE
S0004874;C003351;FitZone SE #3351 - Location 1;SE
S0004875;C003352;FitZone SE #3352 - Location 1;SE
S0004876;C003352;FitZone SE #3352 - Location 2;SE
